<?xml version="1.0" encoding="utf-8"?>
<AutoStore NSI_SIG2="D7525749733F303F7B5A43F87F4AAFD46BA3F77A0D84BE6AA2A27593E0EBD5F79EDD56CDE5B400C246B225E67FC7B72D">
	<Header Version="2" DateCreated="2018-04-10" TimeCreated="13:49:15" AUTHOR="" COMMENTS=""/>
	<KnowledgeObjects ObjID="3432394724-1494-17389-176-48">
		<KnowledgeObject ObjID="3878079434-37817-17564-141-216">
			<KnowledgeDocuments>
				<KnowledgeDocument Type="jpg" Name="cdv_photo_001.jpg" ObjID="118223837-18028-17315-142-212" DocRef="4233268836-17991-16386-135-10.dat"/>
			</KnowledgeDocuments>
			<KnowledgeFields>
				<Field Name="VisitParking" Value="Yes"/>
				<Field Name="VisitCarReg" Value=""/>
				<Field Name="VisitorCompany" Value="Nuance"/>
				<Field Name="SelectedVisitor" Value=""/>
				<Field Name="VisitorSurname" Value="Keener"/>
				<Field Name="VisitorFirstname" Value="James"/>
				<Field Name="VisitorHost" Value="abc"/>
				<Field Name="VisitDate" Value="4/12"/>
				<Field Name="UserName" Value="abc"/>
				<Field Name="UserEmail" Value="jkeener432@gmail.com"/>
				<Field Name="UserHomeFolder" Value="\\NUAN-MOBAD01\HOME\abc"/>
				<Field Name="FormName" Value="Visitor Badge"/>
				<Field Name="JodID" Value="3878079434-37817-17564-141-216"/>
			</KnowledgeFields>
		</KnowledgeObject>
	</KnowledgeObjects>
</AutoStore>
