<?xml version="1.0" encoding="utf-8"?>
<AutoStore NSI_SIG2="66C8B1B05571D12B70C6B89B062C3DCC28F1D513C05FB6C350655ECFC66EDB2108454B454CBF843E25EE323DAEF094C9">
	<Header Version="2" DateCreated="2018-12-10" TimeCreated="03:40:40" AUTHOR="" COMMENTS=""/>
	<KnowledgeObjects ObjID="2134419457-61136-17430-189-54">
		<KnowledgeObject ObjID="987108740-53212-20057-189-223">
			<KnowledgeDocuments>
				<KnowledgeDocument Type="htm" Name="Hello,-7.htm" ObjID="3483578673-60943-19619-175-207" DocRef="1413351689-5112-20306-154-174.dat"/>
				<KnowledgeDocument Type="png" Name="Signature_201812100340375925.png" ObjID="1873465878-28401-18175-153-11" DocRef="2885854058-45423-19175-172-217.dat"/>
			</KnowledgeDocuments>
			<KnowledgeFields>
				<Field Name="DeliveryTime" Value="03:40"/>
				<Field Name="DeliveryDate" Value="10/12/2018"/>
				<Field Name="Driver" Value="xodice"/>
				<Field Name="SignatureName" Value="Cliff keen 1992"/>
				<Field Name="DeliveryID" Value="910313186105811152018101"/>
				<Field Name="Surname" Value=""/>
				<Field Name="Firstname" Value=""/>
				<Field Name="Address" Value=""/>
				<Field Name="Postcode" Value=""/>
				<Field Name="Signature" Value="C:\Nuance\MobileDemo\Home\WebCapture\WORK\c29b55f9-ca90-471c-9518-a021a63675db\Signature_201812100340375925.png"/>
				<Field Name="GPS" Value="43.29965286370009, -72.47391864459567"/>
				<Field Name="UserName" Value="xodice"/>
				<Field Name="UserEmail" Value="Nparillo@ssdvermont.com"/>
				<Field Name="UserHomeFolder" Value="\\NUAN-MOBAD01\HOME\Xodice"/>
				<Field Name="FormName" Value="Delivery Acceptance"/>
				<Field Name="JobID" Value="987108740-53212-20057-189-223"/>
			</KnowledgeFields>
		</KnowledgeObject>
	</KnowledgeObjects>
</AutoStore>
