<?xml version="1.0" encoding="utf-8"?>
<AutoStore NSI_SIG2="88EDE5A3C9044D6A29165E6CF61158F58422F665E30B6F32F71A1FB7DC9B9D08857DF759F11CC877D5A313907E961A78">
	<Header Version="2" DateCreated="2018-04-25" TimeCreated="20:10:28" AUTHOR="" COMMENTS=""/>
	<KnowledgeObjects ObjID="2330763536-9124-17896-132-110">
		<KnowledgeObject ObjID="2387416072-6063-19266-164-74">
			<KnowledgeDocuments>
				<KnowledgeDocument Type="pdf" Name="POD-Address Labels.pdf" ObjID="2144392756-63322-16633-179-173" DocRef="3649847801-53543-16819-165-231.dat"/>
				<KnowledgeDocument Type="png" Name="Signature_201804252010240007.png" ObjID="584940086-57347-20066-128-59" DocRef="2675106359-20668-16959-173-205.dat"/>
			</KnowledgeDocuments>
			<KnowledgeFields>
				<Field Name="DeliveryTime" Value="20:10"/>
				<Field Name="DeliveryDate" Value="25/04/2018"/>
				<Field Name="Driver" Value="jim"/>
				<Field Name="SignatureName" Value="Eijgdyi"/>
				<Field Name="DeliveryID" Value="Itgj"/>
				<Field Name="Surname" Value=""/>
				<Field Name="Firstname" Value=""/>
				<Field Name="Address" Value=""/>
				<Field Name="Postcode" Value=""/>
				<Field Name="Signature" Value="C:\Nuance\MobileDemo\Home\WebCapture\WORK\ce0dab47-0f08-44ed-90e9-99dfd5ddde25\Signature_201804252010240007.png"/>
				<Field Name="GPS" Value="33.703262713746, -117.31937472456502"/>
				<Field Name="UserName" Value="jim"/>
				<Field Name="UserEmail" Value="James.saavedra@nuance.com"/>
				<Field Name="UserHomeFolder" Value="\\NUAN-MOBAD01\HOME\Jim"/>
				<Field Name="FormName" Value="Delivery Acceptance"/>
				<Field Name="JobID" Value="2387416072-6063-19266-164-74"/>
			</KnowledgeFields>
		</KnowledgeObject>
	</KnowledgeObjects>
</AutoStore>
