<?xml version="1.0" encoding="utf-8"?>
<AutoStore NSI_SIG2="970786A8ABC671AC2B52F0E3139275CA6FF91B6E31E9777DE2BA3D4457EB82B6107694FD1662D236E48493625BE540FC">
	<Header Version="2" DateCreated="2018-02-19" TimeCreated="14:32:18" AUTHOR="" COMMENTS=""/>
	<KnowledgeObjects ObjID="403738751-62802-16672-171-126">
		<KnowledgeObject ObjID="2868545275-60561-17038-154-148">
			<KnowledgeDocuments>
				<KnowledgeDocument Type="jpg" Name="Captured File - 00001.jpg" ObjID="1864640566-19386-19394-152-168" DocRef="3124320602-15628-16732-131-1.dat"/>
			</KnowledgeDocuments>
			<KnowledgeFields>
				<Field Name="UserName" Value="bwalbridge2"/>
				<Field Name="UserEmail" Value="bryanwalbridge@gmail.com"/>
				<Field Name="UserHomeFolder" Value="\\NUAN-MOBAD01\HOME\bwalbridge2"/>
				<Field Name="UserDispName" Value="bwalbridge2 bwalbridge2"/>
				<Field Name="Convert" Value="p_0024"/>
				<Field Name="ConvertTo" Value="PDF/A"/>
				<Field Name="NextTask" Value="p_0027"/>
				<Field Name="FormName" Value="Send to Email"/>
				<Field Name="JobID" Value="2868545275-60561-17038-154-148"/>
				<Field Name="RenameSchema" Value="Captured File"/>
				<Field Name="Section" Value="General Office Productivity"/>
			</KnowledgeFields>
		</KnowledgeObject>
	</KnowledgeObjects>
</AutoStore>
