<?xml version="1.0" encoding="utf-8"?>
<AutoStore NSI_SIG2="FCA8541E1C2FA487B771F36463C2BC05B25A7052AF7799C4E05BF58F11A9719776DD514E6151C3442E83E07D6D2A43C9">
	<Header Version="2" DateCreated="2018-01-26" TimeCreated="17:50:14" AUTHOR="" COMMENTS=""/>
	<KnowledgeObjects ObjID="4205630167-51727-19481-162-127">
		<KnowledgeObject ObjID="427041949-32162-18603-167-204">
			<KnowledgeDocuments>
				<KnowledgeDocument Type="png" Name="Signed_201801261750082423.png" ObjID="2728230537-8797-19809-186-88" DocRef="3998250955-9215-20198-184-130.dat"/>
				<KnowledgeDocument Type="TXT" Name="TimeSheet.TXT" ObjID="2438582190-13460-17953-143-175" DocRef="4113093613-57967-20196-157-161.dat"/>
			</KnowledgeDocuments>
			<KnowledgeFields>
				<Field Name="ContractorName" Value="Jeffpelliconi Jeffpelliconi"/>
				<Field Name="Signature" Value="C:\Nuance\MobileDemo\Home\WebCapture\WORK\a65ff755-b3e5-4aec-a8b5-49900a824131\Signed_201801261750082423.png"/>
				<Field Name="ContractorID" Value="jeffpelliconi"/>
				<Field Name="FriHours" Value="07:00"/>
				<Field Name="FriEnd" Value="3pm"/>
				<Field Name="FriStart" Value="8am"/>
				<Field Name="ThuHours" Value="07:00"/>
				<Field Name="ThuEnd" Value="3pm"/>
				<Field Name="ThuStart" Value="8am"/>
				<Field Name="WedHours" Value="07:00"/>
				<Field Name="WedEnd" Value="3pm"/>
				<Field Name="WedStart" Value="8am"/>
				<Field Name="TueHours" Value="07:00"/>
				<Field Name="TueEnd" Value="3pm"/>
				<Field Name="TueStart" Value="8am"/>
				<Field Name="MonHours" Value="07:00"/>
				<Field Name="MonEnd" Value="3pm"/>
				<Field Name="MonStart" Value="8am"/>
				<Field Name="WeekEnding" Value="27-01-2018"/>
				<Field Name="TimeSheetID" Value="0000074"/>
				<Field Name="TotalHours" Value="35:00"/>
				<Field Name="Submitted" Value="26-01-2018"/>
				<Field Name="UserName" Value="jeffpelliconi"/>
				<Field Name="UserEmail" Value="Jeffrey.pelliconi@nuance.com"/>
				<Field Name="UserHomeFolder" Value="\\NUAN-MOBAD01\HOME\Jeffpelliconi"/>
				<Field Name="FormName" Value="Submit TimeSheet"/>
				<Field Name="JobID" Value="427041949-32162-18603-167-204"/>
			</KnowledgeFields>
		</KnowledgeObject>
	</KnowledgeObjects>
</AutoStore>
