<?xml version="1.0" encoding="utf-8"?>
<AutoStore NSI_SIG2="1AD86150F7D94131CFA3E4FC44AC130B0705610A5E90E205415F416BA1696B956FDAB9D22A070A0FFAFE7FCD4F9F9826">
	<Header Version="2" DateCreated="2018-05-21" TimeCreated="13:34:52" AUTHOR="" COMMENTS=""/>
	<KnowledgeObjects ObjID="2568943005-28920-18573-148-244">
		<KnowledgeObject ObjID="4185621354-11592-18034-180-63">
			<KnowledgeDocuments>
				<KnowledgeDocument Type="pdf" Name="POD-Address Labels.pdf" ObjID="2729188643-27837-16836-189-173" DocRef="3797999313-33932-16706-158-136.dat"/>
				<KnowledgeDocument Type="png" Name="Signature_201805211334463153.png" ObjID="3009405252-14491-18446-182-36" DocRef="4156000183-2808-19049-175-201.dat"/>
			</KnowledgeDocuments>
			<KnowledgeFields>
				<Field Name="DeliveryTime" Value="13:34"/>
				<Field Name="DeliveryDate" Value="21/05/2018"/>
				<Field Name="Driver" Value="ger5000"/>
				<Field Name="SignatureName" Value="Yet"/>
				<Field Name="DeliveryID" Value="2345678901"/>
				<Field Name="Surname" Value="Jones"/>
				<Field Name="Firstname" Value="Peter"/>
				<Field Name="Address" Value="High End Farm, Preston Road, Lytham"/>
				<Field Name="Postcode" Value="FY0 1YS"/>
				<Field Name="Signature" Value="C:\Nuance\MobileDemo\Home\WebCapture\WORK\615c6b3a-d6fc-4099-b852-9d711bc3bb6c\Signature_201805211334463153.png"/>
				<Field Name="GPS" Value="53.4491544, -6.2193149"/>
				<Field Name="UserName" Value="ger5000"/>
				<Field Name="UserEmail" Value="gmcgricoh@gmail.com"/>
				<Field Name="UserHomeFolder" Value="\\NUAN-MOBAD01\HOME\ger5000"/>
				<Field Name="FormName" Value="Delivery Acceptance"/>
				<Field Name="JobID" Value="4185621354-11592-18034-180-63"/>
			</KnowledgeFields>
		</KnowledgeObject>
	</KnowledgeObjects>
</AutoStore>
