<?xml version="1.0" encoding="utf-8"?>
<AutoStore NSI_SIG2="A99D62097F2206CB67493ABE27796C39EB2E28A9E94D2E8E37CDD648A1D7F523E15DF4BCE7BBB1C032AD447D18E420E4">
	<Header Version="2" DateCreated="2018-10-11" TimeCreated="04:12:06" AUTHOR="" COMMENTS=""/>
	<KnowledgeObjects ObjID="369214636-7983-17821-181-193">
		<KnowledgeObject ObjID="3564335479-28053-16702-152-187">
			<KnowledgeDocuments>
				<KnowledgeDocument Type="pdf" Name="05156-0116-53 poplar-Low-Shower - 00001.pdf" ObjID="2926923039-33230-17786-148-118" DocRef="3441417105-871-20179-135-137.dat"/>
				<KnowledgeDocument Type="png" Name="Signature_201810110411591845.png" ObjID="1377333108-20966-17246-131-72" DocRef="2918810247-4313-18791-140-24.dat"/>
			</KnowledgeDocuments>
			<KnowledgeFields>
				<Field Name="DeliveryTime" Value="04:11"/>
				<Field Name="DeliveryDate" Value="11/10/2018"/>
				<Field Name="Driver" Value="xodice"/>
				<Field Name="SignatureName" Value="Hudson Lamb"/>
				<Field Name="DeliveryID" Value="http://bit.ly/hfTbX5?r=qr"/>
				<Field Name="Surname" Value=""/>
				<Field Name="Firstname" Value=""/>
				<Field Name="Address" Value=""/>
				<Field Name="Postcode" Value=""/>
				<Field Name="Signature" Value="C:\Nuance\MobileDemo\Home\WebCapture\WORK\2665e33b-3300-4c00-8239-660f4f442006\Signature_201810110411591845.png"/>
				<Field Name="GPS" Value="43.29968886755304, -72.47370811560121"/>
				<Field Name="UserName" Value="xodice"/>
				<Field Name="UserEmail" Value="Nparillo@ssdvermont.com"/>
				<Field Name="UserHomeFolder" Value="\\NUAN-MOBAD01\HOME\Xodice"/>
				<Field Name="FormName" Value="Delivery Acceptance"/>
				<Field Name="JobID" Value="3564335479-28053-16702-152-187"/>
			</KnowledgeFields>
		</KnowledgeObject>
	</KnowledgeObjects>
</AutoStore>
