<?xml version="1.0" encoding="utf-8"?>
<AutoStore NSI_SIG2="83B1F6A914143650BAE063E5462C6635CE235CF66ABE354557C99DBDC0A44EC6ED16F59F4FDF3684EEB9A52444224A57">
	<Header Version="2" DateCreated="2018-02-27" TimeCreated="18:14:04" AUTHOR="" COMMENTS=""/>
	<KnowledgeObjects ObjID="3424475592-35109-17419-143-158">
		<KnowledgeObject ObjID="1990888227-16131-17655-159-176">
			<KnowledgeDocuments>
				<KnowledgeDocument Type="png" Name="Signed_201802271814000670.png" ObjID="442848594-59580-18394-155-248" DocRef="1700095537-63168-19337-139-50.dat"/>
				<KnowledgeDocument Type="TXT" Name="TimeSheet.TXT" ObjID="2475883963-14834-16394-138-244" DocRef="3576385858-13442-17589-164-155.dat"/>
			</KnowledgeDocuments>
			<KnowledgeFields>
				<Field Name="ContractorName" Value="joachim_roken joachim_roken"/>
				<Field Name="Signature" Value="C:\Nuance\MobileDemo\Home\WebCapture\WORK\ad61ba00-d9aa-4d40-bfe1-af0d59329c9c\Signed_201802271814000670.png"/>
				<Field Name="ContractorID" Value="joachim_roken"/>
				<Field Name="FriHours" Value="08:00"/>
				<Field Name="FriEnd" Value="16:00"/>
				<Field Name="FriStart" Value="08:00"/>
				<Field Name="ThuHours" Value="08:00"/>
				<Field Name="ThuEnd" Value="16:00"/>
				<Field Name="ThuStart" Value="08:00"/>
				<Field Name="WedHours" Value="08:00"/>
				<Field Name="WedEnd" Value="16:00"/>
				<Field Name="WedStart" Value="08:00"/>
				<Field Name="TueHours" Value="08:00"/>
				<Field Name="TueEnd" Value="16:00"/>
				<Field Name="TueStart" Value="08:00"/>
				<Field Name="MonHours" Value="08:00"/>
				<Field Name="MonEnd" Value="16:00"/>
				<Field Name="MonStart" Value="08:00"/>
				<Field Name="WeekEnding" Value="27-02-2018"/>
				<Field Name="TimeSheetID" Value="0000089"/>
				<Field Name="TotalHours" Value="40:00"/>
				<Field Name="Submitted" Value="27-02-2018"/>
				<Field Name="UserName" Value="joachim_roken"/>
				<Field Name="UserEmail" Value="joachim.roken@nuance.com"/>
				<Field Name="UserHomeFolder" Value="\\NUAN-MOBAD01\HOME\joachim_roken"/>
				<Field Name="FormName" Value="Submit TimeSheet"/>
				<Field Name="JobID" Value="1990888227-16131-17655-159-176"/>
			</KnowledgeFields>
		</KnowledgeObject>
	</KnowledgeObjects>
</AutoStore>
