<?xml version="1.0" encoding="utf-8"?>
<AutoStore NSI_SIG2="467FF67C7536209D03F5BACB0918E8A3A5BEECF2E79BB98DEE46EFE37D247F29A99658F9E06C38DFDA5A0382D38BB937">
	<Header Version="2" DateCreated="2018-01-05" TimeCreated="10:51:03" AUTHOR="" COMMENTS=""/>
	<KnowledgeObjects ObjID="3410262628-21311-17094-130-158">
		<KnowledgeObject ObjID="4270350596-39709-18221-137-142">
			<KnowledgeDocuments>
				<KnowledgeDocument Type="png" Name="PatientSign_201801051051032581.png" ObjID="1854327986-6145-17128-143-142" DocRef="1426832514-2396-19327-186-246.dat"/>
			</KnowledgeDocuments>
			<KnowledgeFields>
				<Field Name="JobID" Value="4270350596-39709-18221-137-142"/>
				<Field Name="FormName" Value="New GP Patient Registration"/>
				<Field Name="UserHomeFolder" Value="\\NUAN-MOBAD01\HOME\modesto@mhermida.com"/>
				<Field Name="UserEmail" Value="modesto@mhermida.com"/>
				<Field Name="UserName" Value="modesto@mhermida.com"/>
				<Field Name="1stReg" Value="Yes"/>
				<Field Name="3Months" Value="Yes"/>
				<Field Name="Salutation" Value="Mr"/>
				<Field Name="Surname" Value="Jimenez"/>
				<Field Name="PrevSurname" Value=""/>
				<Field Name="Forenames" Value=""/>
				<Field Name="DateofBirth" Value="1/5/2018"/>
				<Field Name="Sex" Value="Male"/>
				<Field Name="NHSNo" Value="Ojb678"/>
				<Field Name="CHI" Value="Oiuy"/>
				<Field Name="Address1" Value=""/>
				<Field Name="Address2" Value=""/>
				<Field Name="Town" Value=""/>
				<Field Name="County" Value=""/>
				<Field Name="Postcode" Value=""/>
				<Field Name="Phone" Value=""/>
				<Field Name="Mobile" Value=""/>
				<Field Name="Email" Value=""/>
				<Field Name="PrevDrName" Value="De Grijander"/>
				<Field Name="PrevDrPractice" Value=""/>
				<Field Name="PrevDrAddress" Value=""/>
				<Field Name="PrevDrTown" Value=""/>
				<Field Name="PrevDrPostCode" Value=""/>
				<Field Name="PrevAddress1" Value=""/>
				<Field Name="PrevAddress2" Value=""/>
				<Field Name="PrevTown" Value=""/>
				<Field Name="PrevCounty" Value=""/>
				<Field Name="PrevPostCode" Value=""/>
				<Field Name="DateCame" Value="27-01-2016"/>
				<Field Name="DateLeave" Value=""/>
				<Field Name="RecentResidence" Value=""/>
				<Field Name="AFServiceNo" Value=""/>
				<Field Name="AFEnlistDate" Value=""/>
				<Field Name="AFReservist" Value=""/>
				<Field Name="AFLeaveDate" Value=""/>
				<Field Name="AF1stReg" Value=""/>
				<Field Name="AFPriorAddress" Value=""/>
				<Field Name="AFPriorPostCode" Value=""/>
				<Field Name="Identification" Value="BrithCert"/>
			</KnowledgeFields>
		</KnowledgeObject>
	</KnowledgeObjects>
</AutoStore>
