<?xml version="1.0" encoding="utf-8"?>
<AutoStore NSI_SIG2="889351759A0CEBBDE92E1A3970F4601F6B7C34C93120B23C6EFF206C4C1679F2247A725495290A6C5B6B05BEB33197B9">
	<Header Version="2" DateCreated="2018-11-30" TimeCreated="17:39:59" AUTHOR="" COMMENTS=""/>
	<KnowledgeObjects ObjID="2209544096-26780-16781-164-73">
		<KnowledgeObject ObjID="1279589765-62591-16615-129-16">
			<KnowledgeDocuments>
				<KnowledgeDocument Type="html" Name="ford_429_1@msn.com_(XODICE_(this_PC))_-_Dropbox-1.html" ObjID="4131761841-53123-20051-171-243" DocRef="1734959172-52289-17334-188-255.dat"/>
				<KnowledgeDocument Type="png" Name="Signature_201811301739562742.png" ObjID="3649709849-51683-16570-175-66" DocRef="4130138240-13558-18472-171-170.dat"/>
			</KnowledgeDocuments>
			<KnowledgeFields>
				<Field Name="DeliveryTime" Value="17:39"/>
				<Field Name="DeliveryDate" Value="30/11/2018"/>
				<Field Name="Driver" Value="xodice"/>
				<Field Name="SignatureName" Value="Michelle and greg"/>
				<Field Name="DeliveryID" Value="http://bit.ly/hfTbX5?r=qr"/>
				<Field Name="Surname" Value=""/>
				<Field Name="Firstname" Value=""/>
				<Field Name="Address" Value=""/>
				<Field Name="Postcode" Value=""/>
				<Field Name="Signature" Value="C:\Nuance\MobileDemo\Home\WebCapture\WORK\e3d8784a-2204-4047-a381-ed69b21156cb\Signature_201811301739562742.png"/>
				<Field Name="GPS" Value="43.299608531632146, -72.47386742423792"/>
				<Field Name="UserName" Value="xodice"/>
				<Field Name="UserEmail" Value="Nparillo@ssdvermont.com"/>
				<Field Name="UserHomeFolder" Value="\\NUAN-MOBAD01\HOME\Xodice"/>
				<Field Name="FormName" Value="Delivery Acceptance"/>
				<Field Name="JobID" Value="1279589765-62591-16615-129-16"/>
			</KnowledgeFields>
		</KnowledgeObject>
	</KnowledgeObjects>
</AutoStore>
