<?xml version="1.0" encoding="utf-8"?>
<AutoStore NSI_SIG2="04165F2E390FD97444A67F363E94071BF35E5012CBC9AD04672E5B187EB121710ED216DE2F1AD395D7ECD998A1293F9B">
	<Header Version="2" DateCreated="2017-12-15" TimeCreated="12:26:24" AUTHOR="" COMMENTS=""/>
	<KnowledgeObjects ObjID="2703275590-50729-17763-160-43">
		<KnowledgeObject ObjID="3463568274-28188-17906-168-2">
			<KnowledgeDocuments>
				<KnowledgeDocument Type="png" Name="AssessorSignature_201712151226229804.png" ObjID="199685907-26619-19813-174-57" DocRef="827064523-39860-18419-137-161.dat"/>
			</KnowledgeDocuments>
			<KnowledgeFields>
				<Field Name="AssessorSignature" Value="C:\Nuance\MobileDemo\Home\WebCapture\WORK\dd20e628-c298-464e-b984-05dcbdade420\AssessorSignature_201712151226229804.png"/>
				<Field Name="AssessorName" Value="John Campbell-Higgens"/>
				<Field Name="Chargeable" Value="No"/>
				<Field Name="Type" Value="Missing"/>
				<Field Name="Category" Value="Doors"/>
				<Field Name="Urgency" Value="Critical"/>
				<Field Name="VisitDate" Value="12/15/2017"/>
				<Field Name="PostCode" Value="BL3 1RB"/>
				<Field Name="HouseNumber" Value="59"/>
				<Field Name="RenameSchema" Value="BL3 1RB-59-Critical-Doors"/>
				<Field Name="Section" Value="Housing and Tenancies\Housing Associations"/>
				<Field Name="FormName" Value="Issue Assessment Form"/>
				<Field Name="JobID" Value="3463568274-28188-17906-168-2"/>
				<Field Name="UserHomeFolder" Value="\\NUAN-MOBAD01\HOME\JCHNuance"/>
				<Field Name="UserEmail" Value="jch@nuance.com"/>
				<Field Name="UserName" Value="jchnuance"/>
				<Field Name="FileCount" Value="1"/>
			</KnowledgeFields>
		</KnowledgeObject>
	</KnowledgeObjects>
</AutoStore>
