<?xml version="1.0" encoding="utf-8"?>
<AutoStore NSI_SIG2="54E8FE251B1F60C0AC9B83C99AC7A36C80C0C7FF877C26A5EA766262F43D4441F7EEC3D79E4077A3650B4DCBA19F8B4D">
	<Header Version="2" DateCreated="2018-03-22" TimeCreated="17:01:57" AUTHOR="" COMMENTS=""/>
	<KnowledgeObjects ObjID="1653119807-27251-18159-184-230">
		<KnowledgeObject ObjID="1749765495-5839-16499-156-208">
			<KnowledgeDocuments>
				<KnowledgeDocument Type="jpg" Name="1521738099211.jpg" ObjID="3754454841-64560-19703-178-103" DocRef="296219888-46470-17648-153-69.dat"/>
			</KnowledgeDocuments>
			<KnowledgeFields>
				<Field Name="UserName" Value="mijangos2000"/>
				<Field Name="UserEmail" Value="mario.mijangos@cicg.com.mx"/>
				<Field Name="UserHomeFolder" Value="\\NUAN-MOBAD01\HOME\mijangos2000"/>
				<Field Name="FormName" Value="Delivery Label Creation"/>
				<Field Name="DeliveryID" Value="Id2134567"/>
				<Field Name="Surname" Value="Mario"/>
				<Field Name="Forename" Value="Mijangos"/>
				<Field Name="Address" Value="Las cañadas"/>
				<Field Name="PostCode" Value="45133"/>
				<Field Name="JobID" Value="1749765495-5839-16499-156-208"/>
			</KnowledgeFields>
		</KnowledgeObject>
	</KnowledgeObjects>
</AutoStore>
