<?xml version="1.0" encoding="utf-8"?>
<AutoStore NSI_SIG2="99A725AC57FDAF96A895C1354F6785F3C49B24741095C7166F0608683AD4125B842D0A34B60D70311EDE91BFE499CF13">
	<Header Version="2" DateCreated="2018-04-25" TimeCreated="20:08:02" AUTHOR="" COMMENTS=""/>
	<KnowledgeObjects ObjID="1686272332-41987-19816-138-214">
		<KnowledgeObject ObjID="1617469671-15789-18755-130-149">
			<KnowledgeDocuments>
				<KnowledgeDocument Type="pdf" Name="Nurse ID Labels.pdf" ObjID="802744001-42590-19598-168-248" DocRef="3523914652-47987-17658-156-129.dat"/>
				<KnowledgeDocument Type="png" Name="Signature_201804252007589877.png" ObjID="592242243-41449-16964-170-114" DocRef="3160196772-9640-17757-178-30.dat"/>
			</KnowledgeDocuments>
			<KnowledgeFields>
				<Field Name="DeliveryTime" Value="20:07"/>
				<Field Name="DeliveryDate" Value="25/04/2018"/>
				<Field Name="Driver" Value="jim"/>
				<Field Name="SignatureName" Value="Fsting"/>
				<Field Name="DeliveryID" Value="Hdtjjg"/>
				<Field Name="Surname" Value=""/>
				<Field Name="Firstname" Value=""/>
				<Field Name="Address" Value=""/>
				<Field Name="Postcode" Value=""/>
				<Field Name="Signature" Value="C:\Nuance\MobileDemo\Home\WebCapture\WORK\4572632f-dd55-4f08-872c-02750799b94b\Signature_201804252007589877.png"/>
				<Field Name="GPS" Value="33.70326171098063, -117.31942496159532"/>
				<Field Name="UserName" Value="jim"/>
				<Field Name="UserEmail" Value="James.saavedra@nuance.com"/>
				<Field Name="UserHomeFolder" Value="\\NUAN-MOBAD01\HOME\Jim"/>
				<Field Name="FormName" Value="Delivery Acceptance"/>
				<Field Name="JobID" Value="1617469671-15789-18755-130-149"/>
			</KnowledgeFields>
		</KnowledgeObject>
	</KnowledgeObjects>
</AutoStore>
