<?xml version="1.0" encoding="utf-8"?>
<AutoStore NSI_SIG2="23B433B7FBA9275ADE842D29406E0390435D8CC8B283B7298FEDD237D97144374470EB5DC8D45D4FB71AE67AA8919AF4">
	<Header Version="2" DateCreated="2017-11-21" TimeCreated="20:35:05" AUTHOR="" COMMENTS=""/>
	<KnowledgeObjects ObjID="3088585554-38421-18422-167-93">
		<KnowledgeObject ObjID="1539747933-38141-18747-163-238">
			<KnowledgeDocuments>
				<KnowledgeDocument Type="png" Name="AssessorSignature_201711212035054889.png" ObjID="2708314904-31125-20085-136-67" DocRef="2954900641-20861-19262-184-158.dat"/>
			</KnowledgeDocuments>
			<KnowledgeFields>
				<Field Name="AssessorSignature" Value="C:\Nuance\MobileDemo\Home\WebCapture\WORK\25eeb020-4081-4f40-a35a-d18a36af78b4\AssessorSignature_201711212035054889.png"/>
				<Field Name="AssessorName" Value="John Campbell-Higgens"/>
				<Field Name="Chargeable" Value="No"/>
				<Field Name="Type" Value=""/>
				<Field Name="Category" Value=""/>
				<Field Name="Urgency" Value=""/>
				<Field Name="VisitDate" Value=""/>
				<Field Name="PostCode" Value=""/>
				<Field Name="HouseNumber" Value="1234"/>
				<Field Name="RenameSchema" Value="-1234--"/>
				<Field Name="Section" Value="Housing and Tenancies\Housing Associations"/>
				<Field Name="FormName" Value="Issue Assessment Form"/>
				<Field Name="JobID" Value="1539747933-38141-18747-163-238"/>
				<Field Name="UserHomeFolder" Value=""/>
				<Field Name="UserEmail" Value=""/>
				<Field Name="UserName" Value="matt"/>
				<Field Name="FileCount" Value="1"/>
			</KnowledgeFields>
		</KnowledgeObject>
	</KnowledgeObjects>
</AutoStore>
