<?xml version="1.0" encoding="utf-8"?>
<AutoStore NSI_SIG2="CBA2DAE7F26F58177C86AF316DA8B79BD873FD1BD07544D2007AF7AF6E742EB17A197AF9CBBD5EBAE570DAAD9C2F697F">
	<Header Version="2" DateCreated="2018-02-03" TimeCreated="02:13:13" AUTHOR="" COMMENTS=""/>
	<KnowledgeObjects ObjID="601096615-15372-18829-176-155">
		<KnowledgeObject ObjID="2938791852-21418-20024-159-224">
			<KnowledgeDocuments>
				<KnowledgeDocument Type="pdf" Name="2.pdf" ObjID="1024025116-8636-16495-151-242" DocRef="447686212-10215-16714-166-196.dat"/>
			</KnowledgeDocuments>
			<KnowledgeFields>
				<Field Name="AW" Value="No"/>
				<Field Name="QC" Value="No"/>
				<Field Name="WC" Value="No"/>
				<Field Name="AX" Value="No"/>
				<Field Name="AC" Value="No"/>
				<Field Name="OF" Value="No"/>
				<Field Name="BC" Value="No"/>
				<Field Name="OM" Value="No"/>
				<Field Name="SC" Value="No"/>
				<Field Name="EQ" Value="No"/>
				<Field Name="EC" Value="Yes"/>
				<Field Name="UserName" Value="gregorysbuckner"/>
				<Field Name="UserHomeFolder" Value="\\NUAN-MOBAD01\HOME\gregorysbuckner"/>
				<Field Name="UserEmail" Value="Gregory.buckner@nuance.com"/>
				<Field Name="FormName" Value="Information Request"/>
				<Field Name="JobID" Value="2938791852-21418-20024-159-224"/>
				<Field Name="Fullname" Value="Greg Buckner"/>
				<Field Name="JobTitle" Value="RSM"/>
				<Field Name="Company" Value="Nuance"/>
				<Field Name="EmailAddress" Value="Gregory.Buckner@nuance.com"/>
				<Field Name="PhoneNumber" Value="309.310.7230"/>
				<Field Name="MobileNumber" Value="309.310.7230"/>
				<Field Name="Consent" Value="1"/>
				<Field Name="Products" Value="2"/>
				<Field Name="Section" Value="Sales\Information Request"/>
			</KnowledgeFields>
		</KnowledgeObject>
	</KnowledgeObjects>
</AutoStore>
