<?xml version="1.0" encoding="utf-8"?>
<AutoStore NSI_SIG2="3E57F79A805EF93A9A059F34CF477772818117B455323C2C0B3BEBFAB360564F97EDE90964753DB55079736C0B5998B8">
	<Header Version="2" DateCreated="2018-03-06" TimeCreated="17:20:27" AUTHOR="" COMMENTS=""/>
	<KnowledgeObjects ObjID="2938712391-60544-19110-158-234">
		<KnowledgeObject ObjID="2159483240-61642-19080-170-103">
			<KnowledgeDocuments>
				<KnowledgeDocument Type="pdf" Name="CustomerIDLabels0001.pdf" ObjID="729560948-28474-19496-142-198" DocRef="2231980739-19414-19187-187-141.dat"/>
			</KnowledgeDocuments>
			<KnowledgeFields>
				<Field Name="RenameSchema" Value="Protected File"/>
				<Field Name="Section" Value="Security and GDPR"/>
				<Field Name="UserHomeFolder" Value="\\NUAN-MOBAD01\HOME\ian.dixon"/>
				<Field Name="UserEmail" Value="ian.dixon100@gmail.com"/>
				<Field Name="UserName" Value="ian.dixon"/>
				<Field Name="FormName" Value="Protected PDF"/>
				<Field Name="JobID" Value="2159483240-61642-19080-170-103"/>
				<Field Name="OwnerPassword" Value="Equitrac"/>
				<Field Name="UserPassword" Value="Equitrac"/>
			</KnowledgeFields>
		</KnowledgeObject>
	</KnowledgeObjects>
</AutoStore>
