<?xml version="1.0" encoding="utf-8"?>
<AutoStore NSI_SIG2="8F47D7B7F8BA34E21BA83AA1A5BE54C0A860BADFF745FC148CF633227558841699D183EF5FD23BAF294A7E4C9DC8C149">
	<Header Version="2" DateCreated="2018-05-21" TimeCreated="12:34:53" AUTHOR="" COMMENTS=""/>
	<KnowledgeObjects ObjID="4221330905-50238-17634-139-40">
		<KnowledgeObject ObjID="2818923990-48767-18463-179-228">
			<KnowledgeDocuments>
				<KnowledgeDocument Type="png" Name="Signature_201805211234522538.png" ObjID="1150231587-56588-20029-150-150" DocRef="3659628610-51044-18945-130-127.dat"/>
			</KnowledgeDocuments>
			<KnowledgeFields>
				<Field Name="RenameSchema" Value="Site HSE Report - Little Lever - 5/21/2018"/>
				<Field Name="Section" Value="Field Service"/>
				<Field Name="UserHomeFolder" Value="\\NUAN-MOBAD01\HOME\JCHNuance"/>
				<Field Name="UserEmail" Value="jch@nuance.com"/>
				<Field Name="UserName" Value="jchnuance"/>
				<Field Name="FormName" Value="Site Health &amp; Safety Report"/>
				<Field Name="JobID" Value="2818923990-48767-18463-179-228"/>
				<Field Name="Job" Value="Little Lever"/>
				<Field Name="GPS" Value="53.565283780423954, -2.3697277363502383"/>
				<Field Name="ReportDate" Value="5/21/2018"/>
				<Field Name="Access" Value="Excellent"/>
				<Field Name="General" Value="Good"/>
				<Field Name="Tidiness" Value="Average"/>
				<Field Name="Lighting" Value="Poor"/>
				<Field Name="Access1" Value="Unacceptable"/>
				<Field Name="Access2" Value="Excellent"/>
				<Field Name="FirstAid" Value="Good"/>
				<Field Name="Welfare" Value="Average"/>
				<Field Name="FIre" Value="Poor"/>
				<Field Name="Compliance" Value="Unacceptable"/>
				<Field Name="Inductions" Value="Yes"/>
				<Field Name="Incidents" Value="No"/>
				<Field Name="Work" Value="Yes"/>
				<Field Name="Plant" Value="No"/>
				<Field Name="PPE" Value="Yes"/>
				<Field Name="Comments" Value="Other comments"/>
				<Field Name="CompletedBy" Value="John"/>
				<Field Name="Position" Value="Supervisor"/>
				<Field Name="Signature" Value="C:\Nuance\MobileDemo\Home\WebCapture\WORK\fd52507a-ae22-44a9-af07-3471c0d4fa44\Signature_201805211234522538.png"/>
			</KnowledgeFields>
		</KnowledgeObject>
	</KnowledgeObjects>
</AutoStore>
