<?xml version="1.0" encoding="utf-8"?>
<AutoStore NSI_SIG2="4D5C126F97A53AE8D8483027DBA82DE20B9FAFBE9C657C538D2251C8EBDA6415EE113AC97F11F5118F0385D161D7CB2E">
	<Header Version="2" DateCreated="2018-10-13" TimeCreated="17:26:59" AUTHOR="" COMMENTS=""/>
	<KnowledgeObjects ObjID="307335863-11918-20381-144-194">
		<KnowledgeObject ObjID="3899988808-30758-19805-128-178">
			<KnowledgeDocuments>
				<KnowledgeDocument Type="pdf" Name="Gml 591-Nicholas parillo - 00001.pdf" ObjID="3080724264-10412-20360-182-5" DocRef="2672462390-19984-17446-156-63.dat"/>
				<KnowledgeDocument Type="png" Name="Signature_201810131726547764.png" ObjID="2677235087-8681-16568-163-72" DocRef="4125868155-8107-16522-171-247.dat"/>
			</KnowledgeDocuments>
			<KnowledgeFields>
				<Field Name="DeliveryTime" Value="17:26"/>
				<Field Name="DeliveryDate" Value="13/10/2018"/>
				<Field Name="Driver" Value="xodice"/>
				<Field Name="SignatureName" Value="Nick"/>
				<Field Name="DeliveryID" Value="coupons.indoormedia.com"/>
				<Field Name="Surname" Value=""/>
				<Field Name="Firstname" Value=""/>
				<Field Name="Address" Value=""/>
				<Field Name="Postcode" Value=""/>
				<Field Name="Signature" Value="C:\Nuance\MobileDemo\Home\WebCapture\WORK\8a688c16-d6db-4a48-b3c9-12abc9b84e46\Signature_201810131726547764.png"/>
				<Field Name="GPS" Value="43.29969905691507, -72.4737048855987"/>
				<Field Name="UserName" Value="xodice"/>
				<Field Name="UserEmail" Value="Nparillo@ssdvermont.com"/>
				<Field Name="UserHomeFolder" Value="\\NUAN-MOBAD01\HOME\Xodice"/>
				<Field Name="FormName" Value="Delivery Acceptance"/>
				<Field Name="JobID" Value="3899988808-30758-19805-128-178"/>
			</KnowledgeFields>
		</KnowledgeObject>
	</KnowledgeObjects>
</AutoStore>
