<?xml version="1.0" encoding="utf-8"?>
<AutoStore NSI_SIG2="41C89F5B87E699531C5A8393025F3C2CA33CB63044F1CEC33B6EFC51F7A0759D8817CDF408EE2355EE6F572096D52394">
	<Header Version="2" DateCreated="2019-01-16" TimeCreated="15:24:07" AUTHOR="" COMMENTS=""/>
	<KnowledgeObjects ObjID="3546882371-61361-16995-189-96">
		<KnowledgeObject ObjID="1391700696-52385-18593-174-159">
			<KnowledgeDocuments>
				<KnowledgeDocument Type="png" Name="Sketch_201901161524074542.png" ObjID="42864241-6916-19864-183-22" DocRef="1247871700-26377-18423-168-40.dat"/>
			</KnowledgeDocuments>
			<KnowledgeFields>
				<Field Name="WitnessMobile2" Value=""/>
				<Field Name="WitnessPhone2" Value=""/>
				<Field Name="WitnessAddress2" Value=""/>
				<Field Name="WitnessName2" Value=""/>
				<Field Name="WitnessMobile1" Value=""/>
				<Field Name="WitnessPhone1" Value=""/>
				<Field Name="WitnessAddress1" Value=""/>
				<Field Name="WitnessName1" Value=""/>
				<Field Name="OtherInfor" Value=""/>
				<Field Name="BadgeNumber" Value=""/>
				<Field Name="Phone" Value=""/>
				<Field Name="Department" Value=""/>
				<Field Name="OfficerName" Value=""/>
				<Field Name="OtherInjuries" Value="Xjjjfjfjff"/>
				<Field Name="OtherPassenger" Value=""/>
				<Field Name="YourInjuries" Value="Yxyyydyd"/>
				<Field Name="YourPassengers" Value=""/>
				<Field Name="OtherDriverPhone" Value="999999999"/>
				<Field Name="OtherDriverAddress" Value="Eeueue"/>
				<Field Name="OtherDriverName" Value="Fufjx7x8x8x8x"/>
				<Field Name="InsuranceCompany" Value=""/>
				<Field Name="Registration" Value=""/>
				<Field Name="VehicleColour" Value=""/>
				<Field Name="VehicleModel" Value=""/>
				<Field Name="VehicleMake" Value=""/>
				<Field Name="OwnerPhone" Value=""/>
				<Field Name="OwnerAddress" Value=""/>
				<Field Name="OwnerName" Value=""/>
				<Field Name="OtherRecovery" Value="Ufufuuf"/>
				<Field Name="OtherVehicleDamage" Value="Jfjfjfj"/>
				<Field Name="YourRecovery" Value="Mapfre"/>
				<Field Name="YourVehicleDamage" Value="Kdkrkr"/>
				<Field Name="AccidentDetails" Value="Kfjfjjfbfbf"/>
				<Field Name="Location" Value="Calle Julio Cervera, 20, 28935 Móstoles, Madrid, España"/>
				<Field Name="Conditions" Value="Kfkfkff"/>
				<Field Name="AccidentTime" Value="12.00"/>
				<Field Name="AccidentDate" Value="1/13/2019"/>
				<Field Name="FileCount" Value="1"/>
				<Field Name="RenameSchema" Value="Accident Form - 1/13/2019 12.00"/>
				<Field Name="Section" Value="Insurance and Financial Services"/>
				<Field Name="UserHomeFolder" Value="\\NUAN-MOBAD01\HOME\modesto@mhermida.com"/>
				<Field Name="UserEmail" Value="modesto@mhermida.com"/>
				<Field Name="UserName" Value="modesto@mhermida.com"/>
				<Field Name="FormName" Value="Accident Damage Report"/>
				<Field Name="JobID" Value="1391700696-52385-18593-174-159"/>
			</KnowledgeFields>
		</KnowledgeObject>
	</KnowledgeObjects>
</AutoStore>
