<?xml version="1.0" encoding="utf-8"?>
<AutoStore NSI_SIG2="C7FDF9242B604F812A6BBDC7A58D4EA63CD1D9F9F88CE2B01C34057AD6C278DF19EF5E3ECE50BDD3A752973D3A497BE2">
	<Header Version="2" DateCreated="2018-01-05" TimeCreated="19:47:38" AUTHOR="" COMMENTS=""/>
	<KnowledgeObjects ObjID="1868095066-24290-17045-131-27">
		<KnowledgeObject ObjID="3494942974-9962-19458-147-222">
			<KnowledgeDocuments>
				<KnowledgeDocument Type="TXT" Name="TimeSheet.TXT" ObjID="2744699528-352-17302-147-64" DocRef="1870579626-2014-18485-134-174.dat"/>
			</KnowledgeDocuments>
			<KnowledgeFields>
				<Field Name="ContractorName" Value="jerrymarley jerrymarley"/>
				<Field Name="Signature" Value=""/>
				<Field Name="ContractorID" Value="jerrymarley"/>
				<Field Name="FriHours" Value=""/>
				<Field Name="FriEnd" Value=""/>
				<Field Name="FriStart" Value=""/>
				<Field Name="ThuHours" Value=""/>
				<Field Name="ThuEnd" Value=""/>
				<Field Name="ThuStart" Value=""/>
				<Field Name="WedHours" Value=""/>
				<Field Name="WedEnd" Value=""/>
				<Field Name="WedStart" Value=""/>
				<Field Name="TueHours" Value=""/>
				<Field Name="TueEnd" Value=""/>
				<Field Name="TueStart" Value=""/>
				<Field Name="MonHours" Value=""/>
				<Field Name="MonEnd" Value=""/>
				<Field Name="MonStart" Value=""/>
				<Field Name="WeekEnding" Value="05-02-2018"/>
				<Field Name="TimeSheetID" Value="0000061"/>
				<Field Name="TotalHours" Value=""/>
				<Field Name="Submitted" Value="05-01-2018"/>
				<Field Name="UserName" Value="jerrymarley"/>
				<Field Name="UserEmail" Value="jerry@nuance.com"/>
				<Field Name="UserHomeFolder" Value="\\NUAN-MOBAD01\HOME\jerrymarley"/>
				<Field Name="FormName" Value="Submit TimeSheet"/>
				<Field Name="JobID" Value="3494942974-9962-19458-147-222"/>
			</KnowledgeFields>
		</KnowledgeObject>
	</KnowledgeObjects>
</AutoStore>
