<?xml version="1.0" encoding="utf-8"?>
<AutoStore NSI_SIG2="47CF90754690F07AC2D1E7EEE762B1C979F08F9F7B5B9F6D423302A8F954BFCA6BFD947334C26F45794F1CCE1C2BD5B5">
	<Header Version="2" DateCreated="2018-03-27" TimeCreated="16:01:56" AUTHOR="" COMMENTS=""/>
	<KnowledgeObjects ObjID="497453700-8240-18796-129-192">
		<KnowledgeObject ObjID="1844515073-19791-17058-180-52">
			<KnowledgeDocuments>
				<KnowledgeDocument Type="png" Name="PatientSign_201803271601563156.png" ObjID="2564040893-32044-16630-191-106" DocRef="64221024-62530-19805-146-172.dat"/>
			</KnowledgeDocuments>
			<KnowledgeFields>
				<Field Name="JobID" Value="1844515073-19791-17058-180-52"/>
				<Field Name="FormName" Value="New GP Patient Registration"/>
				<Field Name="UserHomeFolder" Value="\\NUAN-MOBAD01\HOME\hvelez"/>
				<Field Name="UserEmail" Value="hvelez@csa.canon.com"/>
				<Field Name="UserName" Value="hvelez"/>
				<Field Name="1stReg" Value=""/>
				<Field Name="3Months" Value=""/>
				<Field Name="Salutation" Value=""/>
				<Field Name="Surname" Value=""/>
				<Field Name="PrevSurname" Value=""/>
				<Field Name="Forenames" Value=""/>
				<Field Name="DateofBirth" Value=""/>
				<Field Name="Sex" Value=""/>
				<Field Name="NHSNo" Value=""/>
				<Field Name="CHI" Value=""/>
				<Field Name="Address1" Value=""/>
				<Field Name="Address2" Value=""/>
				<Field Name="Town" Value=""/>
				<Field Name="County" Value=""/>
				<Field Name="Postcode" Value=""/>
				<Field Name="Phone" Value=""/>
				<Field Name="Mobile" Value=""/>
				<Field Name="Email" Value=""/>
				<Field Name="PrevDrName" Value=""/>
				<Field Name="PrevDrPractice" Value=""/>
				<Field Name="PrevDrAddress" Value=""/>
				<Field Name="PrevDrTown" Value=""/>
				<Field Name="PrevDrPostCode" Value=""/>
				<Field Name="PrevAddress1" Value=""/>
				<Field Name="PrevAddress2" Value=""/>
				<Field Name="PrevTown" Value=""/>
				<Field Name="PrevCounty" Value=""/>
				<Field Name="PrevPostCode" Value=""/>
				<Field Name="DateCame" Value=""/>
				<Field Name="DateLeave" Value=""/>
				<Field Name="RecentResidence" Value=""/>
				<Field Name="AFServiceNo" Value="2457"/>
				<Field Name="AFEnlistDate" Value="03-27-2018"/>
				<Field Name="AFReservist" Value=""/>
				<Field Name="AFLeaveDate" Value="28-03-2018"/>
				<Field Name="AF1stReg" Value=""/>
				<Field Name="AFPriorAddress" Value="133xbsggx"/>
				<Field Name="AFPriorPostCode" Value=""/>
				<Field Name="Identification" Value=""/>
			</KnowledgeFields>
		</KnowledgeObject>
	</KnowledgeObjects>
</AutoStore>
