<?xml version="1.0" encoding="utf-8"?>
<AutoStore NSI_SIG2="A686F3D1D8D24F8B672F8907ECC3622F38FAADC39CE9E2E28566B09A790E8ACBAA5B09D3F993498168434D0C84A4945A">
	<Header Version="2" DateCreated="2018-04-24" TimeCreated="17:40:38" AUTHOR="" COMMENTS=""/>
	<KnowledgeObjects ObjID="927060479-13731-16678-142-219">
		<KnowledgeObject ObjID="3461799550-41664-20251-128-96">
			<KnowledgeDocuments>
				<KnowledgeDocument Type="pdf" Name="Blood Bag ID Labels.pdf" ObjID="1330068020-42614-16684-173-130" DocRef="3100332570-46222-18434-144-27.dat"/>
				<KnowledgeDocument Type="png" Name="Signature_201804241740353826.png" ObjID="832586831-25285-18220-149-188" DocRef="673131259-63974-17729-162-9.dat"/>
			</KnowledgeDocuments>
			<KnowledgeFields>
				<Field Name="DeliveryTime" Value="17:40"/>
				<Field Name="DeliveryDate" Value="24/04/2018"/>
				<Field Name="Driver" Value="xodice"/>
				<Field Name="SignatureName" Value="Mr."/>
				<Field Name="DeliveryID" Value="http://qr1.at/jK"/>
				<Field Name="Surname" Value=""/>
				<Field Name="Firstname" Value=""/>
				<Field Name="Address" Value=""/>
				<Field Name="Postcode" Value=""/>
				<Field Name="Signature" Value="C:\Nuance\MobileDemo\Home\WebCapture\WORK\43946123-4f93-4835-b465-2fd4ad8178d8\Signature_201804241740353826.png"/>
				<Field Name="GPS" Value="43.30007040811289, -72.47374801013959"/>
				<Field Name="UserName" Value="xodice"/>
				<Field Name="UserEmail" Value="Nparillo@ssdvermont.com"/>
				<Field Name="UserHomeFolder" Value="\\NUAN-MOBAD01\HOME\Xodice"/>
				<Field Name="FormName" Value="Delivery Acceptance"/>
				<Field Name="JobID" Value="3461799550-41664-20251-128-96"/>
			</KnowledgeFields>
		</KnowledgeObject>
	</KnowledgeObjects>
</AutoStore>
