<?xml version="1.0" encoding="utf-8"?>
<AutoStore NSI_SIG2="C0DDC31AF6AA57DCB4A41170194AD93A36CD39FC1DF846D8565C5C47A8CB4F0AB3DF83B3868B1833A6394CA5293D554C">
	<Header Version="2" DateCreated="2018-04-27" TimeCreated="12:06:52" AUTHOR="" COMMENTS=""/>
	<KnowledgeObjects ObjID="324317387-8317-17613-161-249">
		<KnowledgeObject ObjID="3357600118-56469-19108-156-14">
			<KnowledgeDocuments>
				<KnowledgeDocument Type="jpg" Name="1524830801833.jpg" ObjID="1879553298-9178-19757-154-176" DocRef="4027841666-65265-17803-134-38.dat"/>
			</KnowledgeDocuments>
			<KnowledgeFields>
				<Field Name="VisitParking" Value="Yes"/>
				<Field Name="VisitCarReg" Value="Abc123"/>
				<Field Name="VisitorCompany" Value="Nuance"/>
				<Field Name="SelectedVisitor" Value="2018_04_27_Fields_John_jdfields_1"/>
				<Field Name="VisitorSurname" Value="Fields"/>
				<Field Name="VisitorFirstname" Value="John"/>
				<Field Name="VisitorHost" Value="jdfields"/>
				<Field Name="VisitDate" Value="2018/04/27"/>
				<Field Name="UserName" Value="jdfields"/>
				<Field Name="UserEmail" Value="john.fields@nuance.com"/>
				<Field Name="UserHomeFolder" Value="\\NUAN-MOBAD01\HOME\jdfields"/>
				<Field Name="FormName" Value="Visitor Badge"/>
				<Field Name="JodID" Value="3357600118-56469-19108-156-14"/>
			</KnowledgeFields>
		</KnowledgeObject>
	</KnowledgeObjects>
</AutoStore>
