<?xml version="1.0" encoding="utf-8"?>
<AutoStore NSI_SIG2="136FC0ED5CF57929A6EA57C281A0C77153E0FB8CD0BC36C5B40C4C64A10FDD5F993F91846E4B2841441FD63B01D55263">
	<Header Version="2" DateCreated="2018-01-02" TimeCreated="11:06:21" AUTHOR="" COMMENTS=""/>
	<KnowledgeObjects ObjID="2124896573-34693-17381-133-224">
		<KnowledgeObject ObjID="3322757287-12817-19209-189-31">
			<KnowledgeDocuments>
				<KnowledgeDocument Type="png" Name="Signed_201801021106158175.png" ObjID="1948816771-62693-19771-167-20" DocRef="388854325-22092-20208-182-123.dat"/>
				<KnowledgeDocument Type="TXT" Name="TimeSheet.TXT" ObjID="1418519356-56782-19310-188-9" DocRef="1500956559-29484-19797-146-156.dat"/>
			</KnowledgeDocuments>
			<KnowledgeFields>
				<Field Name="JobID" Value="3322757287-12817-19209-189-31"/>
				<Field Name="FormName" Value="Submit TimeSheet"/>
				<Field Name="UserHomeFolder" Value="\\NUAN-MOBAD01\HOME\JCHNuance"/>
				<Field Name="UserEmail" Value="jch@nuance.com"/>
				<Field Name="UserName" Value="jchnuance"/>
				<Field Name="Submitted" Value="02-01-2018"/>
				<Field Name="TotalHours" Value="45:00"/>
				<Field Name="TimeSheetID" Value="0000056"/>
				<Field Name="WeekEnding" Value="29-12-2018"/>
				<Field Name="MonStart" Value="08:00"/>
				<Field Name="MonEnd" Value="17:00"/>
				<Field Name="MonHours" Value="09:00"/>
				<Field Name="TueStart" Value="08:00"/>
				<Field Name="TueEnd" Value="17:00"/>
				<Field Name="TueHours" Value="09:00"/>
				<Field Name="WedStart" Value="08:00"/>
				<Field Name="WedEnd" Value="17:00"/>
				<Field Name="WedHours" Value="09:00"/>
				<Field Name="ThuStart" Value="08:00"/>
				<Field Name="ThuEnd" Value="17:00"/>
				<Field Name="ThuHours" Value="09:00"/>
				<Field Name="FriStart" Value="08:00"/>
				<Field Name="FriEnd" Value="17:00"/>
				<Field Name="FriHours" Value="09:00"/>
				<Field Name="ContractorID" Value="jchnuance"/>
				<Field Name="Signature" Value="C:\Nuance\MobileDemo\Home\WebCapture\WORK\4134507e-e303-4266-8ac6-81c74deaa575\Signed_201801021106158175.png"/>
				<Field Name="ContractorName" Value="JCHNuance JCHNuance"/>
			</KnowledgeFields>
		</KnowledgeObject>
	</KnowledgeObjects>
</AutoStore>
