<?xml version="1.0" encoding="utf-8"?>
<AutoStore NSI_SIG2="8BA413D6C3B3701891D203556104BDB6EE18B3C8CD76F4BFAC36115931ABA537E58D415C290880939A60E53C94B03F3F">
	<Header Version="2" DateCreated="2019-06-03" TimeCreated="15:54:42" AUTHOR="" COMMENTS=""/>
	<KnowledgeObjects ObjID="3494270230-35052-20423-155-177">
		<KnowledgeObject ObjID="2266067655-27901-16514-153-2">
			<KnowledgeDocuments>
				<KnowledgeDocument Type="jpg" Name="1559577060777.jpg" ObjID="2843050257-15633-20306-183-243" DocRef="905406761-29265-19220-131-156.dat"/>
			</KnowledgeDocuments>
			<KnowledgeFields>
				<Field Name="FileCount" Value="1"/>
				<Field Name="RenameSchema" Value="KYC - Joshuaeuceda"/>
				<Field Name="Section" Value="Insurance and Financial Services"/>
				<Field Name="UserHomeFolder" Value="\\NUAN-MOBAD01\HOME\joshuaeuceda"/>
				<Field Name="UserEmail" Value="jeuceda@saxon.net"/>
				<Field Name="UserName" Value="joshuaeuceda"/>
				<Field Name="FormName" Value="KYC - Proof of Identity"/>
				<Field Name="JobID" Value="2266067655-27901-16514-153-2"/>
				<Field Name="FullName" Value="Joshuaeuceda"/>
				<Field Name="SpouseName" Value=""/>
				<Field Name="Gender" Value="Male"/>
				<Field Name="MaritalStatus" Value=""/>
				<Field Name="DateOfBirth" Value=""/>
				<Field Name="Nationality" Value="Bj"/>
				<Field Name="Status" Value=""/>
				<Field Name="PAN" Value=""/>
				<Field Name="PANProof" Value=""/>
				<Field Name="Address" Value=""/>
				<Field Name="City" Value=""/>
				<Field Name="State" Value=""/>
				<Field Name="Country" Value=""/>
				<Field Name="PinCode" Value=""/>
				<Field Name="PhoneWork" Value=""/>
				<Field Name="PhoneHome" Value=""/>
				<Field Name="Mobile" Value=""/>
				<Field Name="Fax" Value=""/>
				<Field Name="EmailAddress" Value=""/>
				<Field Name="ProofOfAddress" Value=""/>
				<Field Name="PermAddress" Value=""/>
				<Field Name="PermCity" Value=""/>
				<Field Name="PermState" Value=""/>
				<Field Name="PermCountry" Value=""/>
				<Field Name="PermPinCode" Value=""/>
				<Field Name="PermProof" Value=""/>
			</KnowledgeFields>
		</KnowledgeObject>
	</KnowledgeObjects>
</AutoStore>
