<?xml version="1.0" encoding="utf-8"?>
<AutoStore NSI_SIG2="37742F1ACB5C74070DB2D189C04927AA938D759F40E02DF32ACB35834149B6A02B7345A2DEEA8814B1E880A8FF063B7D">
	<Header Version="2" DateCreated="2018-12-15" TimeCreated="17:44:26" AUTHOR="" COMMENTS=""/>
	<KnowledgeObjects ObjID="139845230-48604-19989-137-134">
		<KnowledgeObject ObjID="443355116-12107-16981-156-206">
			<KnowledgeDocuments>
				<KnowledgeDocument Type="pdf" Name="Prob11H - Nicholas g Parillo - 00001.pdf" ObjID="132131846-11813-17875-148-170" DocRef="402193915-42127-19308-165-33.dat"/>
				<KnowledgeDocument Type="png" Name="Signature_201812151744211961.png" ObjID="40573204-23796-17833-147-215" DocRef="3741835643-6654-20289-136-230.dat"/>
			</KnowledgeDocuments>
			<KnowledgeFields>
				<Field Name="DeliveryTime" Value="17:44"/>
				<Field Name="DeliveryDate" Value="15/12/2018"/>
				<Field Name="Driver" Value="xodice"/>
				<Field Name="SignatureName" Value="Cliff keen 1992"/>
				<Field Name="DeliveryID" Value="US0J251N7428706S0836"/>
				<Field Name="Surname" Value=""/>
				<Field Name="Firstname" Value=""/>
				<Field Name="Address" Value=""/>
				<Field Name="Postcode" Value=""/>
				<Field Name="Signature" Value="C:\Nuance\MobileDemo\Home\WebCapture\WORK\c9b640d0-77f1-46bd-9b65-b5148d60af3b\Signature_201812151744211961.png"/>
				<Field Name="GPS" Value="43.29965342653077, -72.47387216080062"/>
				<Field Name="UserName" Value="xodice"/>
				<Field Name="UserEmail" Value="Nparillo@ssdvermont.com"/>
				<Field Name="UserHomeFolder" Value="\\NUAN-MOBAD01\HOME\Xodice"/>
				<Field Name="FormName" Value="Delivery Acceptance"/>
				<Field Name="JobID" Value="443355116-12107-16981-156-206"/>
			</KnowledgeFields>
		</KnowledgeObject>
	</KnowledgeObjects>
</AutoStore>
