<?xml version="1.0" encoding="utf-8"?>
<AutoStore NSI_SIG2="193270C36F0D4087BF7EA78EFDB0B4210F970904A5290FC4419F3E972E711BFD063C88C4F8FDBC5EC197BC056D22A44A">
	<Header Version="2" DateCreated="2018-05-19" TimeCreated="22:27:26" AUTHOR="" COMMENTS=""/>
	<KnowledgeObjects ObjID="575641503-30900-19658-148-119">
		<KnowledgeObject ObjID="1983844683-20164-20337-135-96">
			<KnowledgeDocuments>
				<KnowledgeDocument Type="pdf" Name="DOJBOP Nicholas g Parillo - 00001.pdf" ObjID="1869799332-8534-18652-175-95" DocRef="3832582923-30880-19924-171-120.dat"/>
				<KnowledgeDocument Type="png" Name="Signature_201805192227216367.png" ObjID="509648055-39226-17101-190-107" DocRef="1096719600-26527-18173-165-220.dat"/>
			</KnowledgeDocuments>
			<KnowledgeFields>
				<Field Name="DeliveryTime" Value="22:27"/>
				<Field Name="DeliveryDate" Value="19/05/2018"/>
				<Field Name="Driver" Value="xodice"/>
				<Field Name="SignatureName" Value="Mister"/>
				<Field Name="DeliveryID" Value="0075279311|NICHOLAS G PARILLO|VT|MAPD|DP2977|"/>
				<Field Name="Surname" Value=""/>
				<Field Name="Firstname" Value=""/>
				<Field Name="Address" Value=""/>
				<Field Name="Postcode" Value=""/>
				<Field Name="Signature" Value="C:\Nuance\MobileDemo\Home\WebCapture\WORK\d4578bb6-7509-4eb5-b8e3-bac2a97d8a00\Signature_201805192227216367.png"/>
				<Field Name="GPS" Value="43.299598467076336, -72.47373400073522"/>
				<Field Name="UserName" Value="xodice"/>
				<Field Name="UserEmail" Value="Nparillo@ssdvermont.com"/>
				<Field Name="UserHomeFolder" Value="\\NUAN-MOBAD01\HOME\Xodice"/>
				<Field Name="FormName" Value="Delivery Acceptance"/>
				<Field Name="JobID" Value="1983844683-20164-20337-135-96"/>
			</KnowledgeFields>
		</KnowledgeObject>
	</KnowledgeObjects>
</AutoStore>
