<?xml version="1.0" encoding="utf-8"?>
<AutoStore NSI_SIG2="F42306D1BAA6B6947F15901C20784BBC2F4B5359068716F5D0D01DA2AEA9F050C62311F7A9E6709076FA3C0ED74857F4">
	<Header Version="2" DateCreated="2018-11-19" TimeCreated="05:49:16" AUTHOR="" COMMENTS=""/>
	<KnowledgeObjects ObjID="2481724313-54067-17013-180-112">
		<KnowledgeObject ObjID="2547282603-19129-19646-171-60">
			<KnowledgeDocuments>
				<KnowledgeDocument Type="htm" Name="home-1.htm" ObjID="81033344-35910-16408-142-14" DocRef="2327638115-18683-18121-161-219.dat"/>
				<KnowledgeDocument Type="png" Name="Signature_201811190549090939.png" ObjID="1971831003-6239-19728-186-201" DocRef="1503638442-21898-19493-135-228.dat"/>
			</KnowledgeDocuments>
			<KnowledgeFields>
				<Field Name="DeliveryTime" Value="05:49"/>
				<Field Name="DeliveryDate" Value="19/11/2018"/>
				<Field Name="Driver" Value="xodice"/>
				<Field Name="SignatureName" Value="#m3u@doukhobortsi and martyr.facebook.ipub.com"/>
				<Field Name="DeliveryID" Value="0015012664454"/>
				<Field Name="Surname" Value=""/>
				<Field Name="Firstname" Value=""/>
				<Field Name="Address" Value=""/>
				<Field Name="Postcode" Value=""/>
				<Field Name="Signature" Value="C:\Nuance\MobileDemo\Home\WebCapture\WORK\e5b3811f-a6a3-45bc-8318-9791d1ce520f\Signature_201811190549090939.png"/>
				<Field Name="GPS" Value="43.299738534214356, -72.47370587262728"/>
				<Field Name="UserName" Value="xodice"/>
				<Field Name="UserEmail" Value="Nparillo@ssdvermont.com"/>
				<Field Name="UserHomeFolder" Value="\\NUAN-MOBAD01\HOME\Xodice"/>
				<Field Name="FormName" Value="Delivery Acceptance"/>
				<Field Name="JobID" Value="2547282603-19129-19646-171-60"/>
			</KnowledgeFields>
		</KnowledgeObject>
	</KnowledgeObjects>
</AutoStore>
