<?xml version="1.0" encoding="utf-8"?>
<AutoStore NSI_SIG2="F3EB35561A1ECD431CACB5EE3A1972F65FF20C3DBF7AAE1CC3EBC10B224309FD990BAAD735E79DD86D73EFB9874947C0">
	<Header Version="2" DateCreated="2018-08-02" TimeCreated="12:31:57" AUTHOR="" COMMENTS=""/>
	<KnowledgeObjects ObjID="2310759619-46332-18108-130-65">
		<KnowledgeObject ObjID="2901525039-3346-18520-188-196">
			<KnowledgeDocuments>
				<KnowledgeDocument Type="jpg" Name="cdv_photo_006.jpg" ObjID="212184133-17132-19441-159-171" DocRef="100203943-903-17723-170-39.dat"/>
				<KnowledgeDocument Type="jpg" Name="cdv_photo_007.jpg" ObjID="528269805-45424-17688-134-144" DocRef="2037267587-50072-19706-150-161.dat"/>
				<KnowledgeDocument Type="jpg" Name="cdv_photo_008.jpg" ObjID="1499339049-20215-16938-169-97" DocRef="166045250-7674-19512-176-139.dat"/>
				<KnowledgeDocument Type="jpg" Name="cdv_photo_009.jpg" ObjID="2406055870-2963-18267-141-144" DocRef="3874886888-11305-19002-185-141.dat"/>
				<KnowledgeDocument Type="jpg" Name="cdv_photo_010.jpg" ObjID="2530008596-48885-20030-130-10" DocRef="4113531512-32773-16621-150-177.dat"/>
				<KnowledgeDocument Type="png" Name="CollectionSignature_201808021231568129.png" ObjID="2349242640-57471-16881-141-93" DocRef="2967753751-17738-18110-151-107.dat"/>
				<KnowledgeDocument Type="png" Name="DriverSignature_201808021231571097.png" ObjID="2441417504-4121-18572-130-12" DocRef="1570221657-39972-20330-163-123.dat"/>
			</KnowledgeDocuments>
			<KnowledgeFields>
				<Field Name="DriverSignature" Value="C:\Nuance\MobileDemo\Home\WebCapture\WORK\31a70061-274e-4f4e-b632-fbf71aeb7d4c\DriverSignature_201808021231571097.png"/>
				<Field Name="Comments" Value=""/>
				<Field Name="SeatRear" Value="OK"/>
				<Field Name="SeatOSF" Value="OK"/>
				<Field Name="SeatNSF" Value="OK"/>
				<Field Name="Facia" Value="Ok"/>
				<Field Name="SatNav" Value="Yes"/>
				<Field Name="CDPlayer" Value="Yes"/>
				<Field Name="Casette" Value="No"/>
				<Field Name="Radio" Value="Yes"/>
				<Field Name="FuelType" Value="Diesel"/>
				<Field Name="OilLevel" Value="OK"/>
				<Field Name="WaterLevel" Value="OK"/>
				<Field Name="LockingNut" Value="Yes"/>
				<Field Name="SpareWheel" Value="No"/>
				<Field Name="HandBook" Value="Yes"/>
				<Field Name="ServiceBook" Value="Yes"/>
				<Field Name="MOT" Value="No"/>
				<Field Name="V5" Value="Yes"/>
				<Field Name="Keys" Value="2"/>
				<Field Name="PrintName" Value="Rob Cross"/>
				<Field Name="Signature1" Value="C:\Nuance\MobileDemo\Home\WebCapture\WORK\06b80f2d-11a4-4bca-bf76-e36b5210c897\CollectionSignature_201808021231568129.png"/>
				<Field Name="Environment" Value="Dry;Light"/>
				<Field Name="Mileage" Value="17"/>
				<Field Name="FormTime" Value="13:30"/>
				<Field Name="FormDate" Value="8/2/2018"/>
				<Field Name="Telephone" Value="01617645454"/>
				<Field Name="PostCode" Value="BL8 1AA"/>
				<Field Name="Town" Value="Bury"/>
				<Field Name="Address2" Value="Crostons Road"/>
				<Field Name="Address1" Value="Evans Halshaw Ford"/>
				<Field Name="RenameSchema" Value="Collection Report - 12345 - MJ17RRU - 02-Aug-2018"/>
				<Field Name="Section" Value="Logistic\Car Logistics"/>
				<Field Name="UserHomeFolder" Value="\\NUAN-MOBAD01\HOME\JCHNuance"/>
				<Field Name="UserEmail" Value="jch@nuance.com"/>
				<Field Name="UserName" Value="jchnuance"/>
				<Field Name="JobID" Value="2901525039-3346-18520-188-196"/>
				<Field Name="FormName" Value="Colleciton Condition Report"/>
				<Field Name="JobRef" Value="12345"/>
				<Field Name="Customer" Value="Evans Halshaw Bury"/>
				<Field Name="Driver" Value="John Campbell-Higgens"/>
				<Field Name="CarReg" Value="MJ17RRU"/>
				<Field Name="CarMake" Value="Ford"/>
				<Field Name="CarModel" Value="Ecosport"/>
				<Field Name="FileCount" Value="7"/>
			</KnowledgeFields>
		</KnowledgeObject>
	</KnowledgeObjects>
</AutoStore>
