<?xml version="1.0" encoding="utf-8"?>
<AutoStore NSI_SIG2="0BD122FBF1DA4812F2E3BB221C235F4222400D5CC20D311889E1870EB5F0C3014F32190C0D97D91C3782149A74346A00">
	<Header Version="2" DateCreated="2018-04-25" TimeCreated="18:22:25" AUTHOR="" COMMENTS=""/>
	<KnowledgeObjects ObjID="1240228298-14492-17491-174-228">
		<KnowledgeObject ObjID="835329447-39381-20381-133-135">
			<KnowledgeDocuments>
				<KnowledgeDocument Type="pdf" Name="POD-Address Labels.pdf" ObjID="3997644536-41448-18410-183-181" DocRef="3378806793-56205-16454-152-243.dat"/>
				<KnowledgeDocument Type="png" Name="Signature_201804251822191895.png" ObjID="1059786639-50149-19025-174-142" DocRef="852671618-51484-17674-189-168.dat"/>
			</KnowledgeDocuments>
			<KnowledgeFields>
				<Field Name="DeliveryTime" Value="18:22"/>
				<Field Name="DeliveryDate" Value="25/04/2018"/>
				<Field Name="Driver" Value="jim"/>
				<Field Name="SignatureName" Value="Jim saavedra"/>
				<Field Name="DeliveryID" Value="1358"/>
				<Field Name="Surname" Value=""/>
				<Field Name="Firstname" Value=""/>
				<Field Name="Address" Value=""/>
				<Field Name="Postcode" Value=""/>
				<Field Name="Signature" Value="C:\Nuance\MobileDemo\Home\WebCapture\WORK\ed879ddb-8272-4c43-9fa1-8f41db1a63d5\Signature_201804251822191895.png"/>
				<Field Name="GPS" Value="33.70335360330672, -117.31930239943996"/>
				<Field Name="UserName" Value="jim"/>
				<Field Name="UserEmail" Value="James.saavedra@nuance.com"/>
				<Field Name="UserHomeFolder" Value="\\NUAN-MOBAD01\HOME\Jim"/>
				<Field Name="FormName" Value="Delivery Acceptance"/>
				<Field Name="JobID" Value="835329447-39381-20381-133-135"/>
			</KnowledgeFields>
		</KnowledgeObject>
	</KnowledgeObjects>
</AutoStore>
