<?xml version="1.0" encoding="utf-8"?>
<AutoStore NSI_SIG2="3C55C3F02D5281B6EDE3F7FE04A1A8CFAE7ED56C6C2E9167E9F619D34A934D7B97398C573F81A2E99650FCDEF4E322A0">
	<Header Version="2" DateCreated="2018-10-10" TimeCreated="12:38:11" AUTHOR="" COMMENTS=""/>
	<KnowledgeObjects ObjID="1718419741-9040-18838-155-233">
		<KnowledgeObject ObjID="2901097417-39806-19389-128-115">
			<KnowledgeDocuments>
				<KnowledgeDocument Type="png" Name="Signature_201810101238107701.png" ObjID="2829098120-38258-19868-160-158" DocRef="4229260568-21155-19122-182-129.dat"/>
			</KnowledgeDocuments>
			<KnowledgeFields>
				<Field Name="RenameSchema" Value="Site HSE Report - Gbvv - 10/10/2018"/>
				<Field Name="Section" Value="Field Service"/>
				<Field Name="UserHomeFolder" Value="\\NUAN-MOBAD01\HOME\Skipper"/>
				<Field Name="UserEmail" Value="Matthias.Schneider@bueroboss.de"/>
				<Field Name="UserName" Value="skipper"/>
				<Field Name="FormName" Value="Site Health &amp; Safety Report"/>
				<Field Name="JobID" Value="2901097417-39806-19389-128-115"/>
				<Field Name="Job" Value="Gbvv"/>
				<Field Name="GPS" Value="51.689637316545245, 9.98935704265337"/>
				<Field Name="ReportDate" Value="10/10/2018"/>
				<Field Name="Access" Value="Good"/>
				<Field Name="General" Value="Average"/>
				<Field Name="Tidiness" Value="Poor"/>
				<Field Name="Lighting" Value=""/>
				<Field Name="Access1" Value="Excellent"/>
				<Field Name="Access2" Value=""/>
				<Field Name="FirstAid" Value=""/>
				<Field Name="Welfare" Value=""/>
				<Field Name="FIre" Value=""/>
				<Field Name="Compliance" Value=""/>
				<Field Name="Inductions" Value=""/>
				<Field Name="Incidents" Value="Yes"/>
				<Field Name="Work" Value=""/>
				<Field Name="Plant" Value=""/>
				<Field Name="PPE" Value=""/>
				<Field Name="Comments" Value=""/>
				<Field Name="CompletedBy" Value=""/>
				<Field Name="Position" Value=""/>
				<Field Name="Signature" Value="C:\Nuance\MobileDemo\Home\WebCapture\WORK\c033d6ad-4025-468e-b9f2-a9e98cbd3530\Signature_201810101238107701.png"/>
			</KnowledgeFields>
		</KnowledgeObject>
	</KnowledgeObjects>
</AutoStore>
