<?xml version="1.0" encoding="utf-8"?>
<AutoStore NSI_SIG2="CCCFB52F34F57972C727AAB48BA969B6CC2BA52C0F23158BBE399EFD31C8B2E1634913E110DF3D3B1480D97B46755B32">
	<Header Version="2" DateCreated="2017-10-17" TimeCreated="17:05:21" AUTHOR="" COMMENTS=""/>
	<KnowledgeObjects ObjID="2870107993-61700-18628-146-140">
		<KnowledgeObject ObjID="1987353367-42664-17315-172-84">
			<KnowledgeDocuments>
				<KnowledgeDocument Type="pdf" Name="20171013120818483.pdf" ObjID="3594889381-25891-20398-158-84" DocRef="2867444742-20884-17908-157-149.dat"/>
			</KnowledgeDocuments>
			<KnowledgeFields>
				<Field Name="UserName" Value="JCH"/>
				<Field Name="UserEmail" Value="jch@ndi-demo.eu"/>
				<Field Name="UserHomeFolder" Value="~WCC::User,%homeDirectory%~"/>
				<Field Name="UserDispName" Value="~WCC::User,%displayName%~"/>
				<Field Name="Convert" Value="Convert"/>
				<Field Name="ConvertTo" Value="PDF/A"/>
				<Field Name="NextTask" Value="STF"/>
			</KnowledgeFields>
		</KnowledgeObject>
	</KnowledgeObjects>
</AutoStore>
