<?xml version="1.0" encoding="utf-8"?>
<AutoStore NSI_SIG2="7E9AD2C2080998444E1E1FCE42BC39E5FA3C2A976560EB7312371E603AA7BDEC6B77A55189CD8E84C39560EA64A6FCED">
	<Header Version="2" DateCreated="2018-10-21" TimeCreated="19:13:05" AUTHOR="" COMMENTS=""/>
	<KnowledgeObjects ObjID="3090568830-64071-17979-154-79">
		<KnowledgeObject ObjID="3579919191-629-17926-183-255">
			<KnowledgeDocuments>
				<KnowledgeDocument Type="pdf" Name="DOJBOP Nicholas g Parillo - 00001.pdf" ObjID="1406637437-10178-18038-185-242" DocRef="903303984-54319-17062-165-136.dat"/>
				<KnowledgeDocument Type="png" Name="Signature_201810211913011085.png" ObjID="118812434-57304-18647-164-136" DocRef="1721730721-60456-19908-132-113.dat"/>
			</KnowledgeDocuments>
			<KnowledgeFields>
				<Field Name="DeliveryTime" Value="19:13"/>
				<Field Name="DeliveryDate" Value="21/10/2018"/>
				<Field Name="Driver" Value="xodice"/>
				<Field Name="SignatureName" Value="Sir Jeffrey weitzel"/>
				<Field Name="DeliveryID" Value="https://www.facebook.com/pages/The-Pizza-Stone-VT/120546257965711"/>
				<Field Name="Surname" Value=""/>
				<Field Name="Firstname" Value=""/>
				<Field Name="Address" Value=""/>
				<Field Name="Postcode" Value=""/>
				<Field Name="Signature" Value="C:\Nuance\MobileDemo\Home\WebCapture\WORK\d8973a99-6c56-4f23-b7da-10f2229453df\Signature_201810211913011085.png"/>
				<Field Name="GPS" Value="43.261001595853905, -72.58470927782804"/>
				<Field Name="UserName" Value="xodice"/>
				<Field Name="UserEmail" Value="Nparillo@ssdvermont.com"/>
				<Field Name="UserHomeFolder" Value="\\NUAN-MOBAD01\HOME\Xodice"/>
				<Field Name="FormName" Value="Delivery Acceptance"/>
				<Field Name="JobID" Value="3579919191-629-17926-183-255"/>
			</KnowledgeFields>
		</KnowledgeObject>
	</KnowledgeObjects>
</AutoStore>
