<?xml version="1.0" encoding="utf-8"?>
<AutoStore NSI_SIG2="FBCA7685A0BCD8C2B72405944545BD5B2600D8644CF4D700ED0D8F732922ED80301C1B942B1E023F176D83250E777C39">
	<Header Version="2" DateCreated="2020-03-11" TimeCreated="08:40:21" AUTHOR="" COMMENTS=""/>
	<KnowledgeObjects ObjID="4230566806-30306-16852-169-97">
		<KnowledgeObject ObjID="176220337-50303-17441-170-192">
			<KnowledgeDocuments>
				<KnowledgeDocument Type="png" Name="Sketch_202003110840206973.png" ObjID="3872116526-25722-18217-174-146" DocRef="3861674835-11284-17000-151-26.dat"/>
			</KnowledgeDocuments>
			<KnowledgeFields>
				<Field Name="WitnessMobile2" Value=""/>
				<Field Name="WitnessPhone2" Value=""/>
				<Field Name="WitnessAddress2" Value=""/>
				<Field Name="WitnessName2" Value=""/>
				<Field Name="WitnessMobile1" Value=""/>
				<Field Name="WitnessPhone1" Value=""/>
				<Field Name="WitnessAddress1" Value=""/>
				<Field Name="WitnessName1" Value=""/>
				<Field Name="OtherInfor" Value=""/>
				<Field Name="BadgeNumber" Value=""/>
				<Field Name="Phone" Value=""/>
				<Field Name="Department" Value=""/>
				<Field Name="OfficerName" Value=""/>
				<Field Name="OtherInjuries" Value=""/>
				<Field Name="OtherPassenger" Value="2"/>
				<Field Name="YourInjuries" Value="Twisted ankle"/>
				<Field Name="YourPassengers" Value="2"/>
				<Field Name="OtherDriverPhone" Value=""/>
				<Field Name="OtherDriverAddress" Value=""/>
				<Field Name="OtherDriverName" Value=""/>
				<Field Name="InsuranceCompany" Value=""/>
				<Field Name="Registration" Value=""/>
				<Field Name="VehicleColour" Value=""/>
				<Field Name="VehicleModel" Value=""/>
				<Field Name="VehicleMake" Value=""/>
				<Field Name="OwnerPhone" Value=""/>
				<Field Name="OwnerAddress" Value=""/>
				<Field Name="OwnerName" Value=""/>
				<Field Name="OtherRecovery" Value=""/>
				<Field Name="OtherVehicleDamage" Value=""/>
				<Field Name="YourRecovery" Value=""/>
				<Field Name="YourVehicleDamage" Value=""/>
				<Field Name="AccidentDetails" Value="Drove on red light"/>
				<Field Name="Location" Value="32 Rue Viens, Saint-Constant, QC J5A 1P5, Canada"/>
				<Field Name="Conditions" Value="Slippery"/>
				<Field Name="AccidentTime" Value=""/>
				<Field Name="AccidentDate" Value="3/11/2020"/>
				<Field Name="FileCount" Value="1"/>
				<Field Name="RenameSchema" Value="Accident Form - 3/11/2020 "/>
				<Field Name="Section" Value="Insurance and Financial Services"/>
				<Field Name="UserHomeFolder" Value="\\US01VMBCMD01\HOME\daniel.larabie"/>
				<Field Name="UserEmail" Value="daniel.larabie@kofax.com"/>
				<Field Name="UserName" Value="daniel.larabie"/>
				<Field Name="FormName" Value="Accident Damage Report"/>
				<Field Name="JobID" Value="176220337-50303-17441-170-192"/>
			</KnowledgeFields>
		</KnowledgeObject>
	</KnowledgeObjects>
</AutoStore>
