<?xml version="1.0" encoding="utf-8"?>
<AutoStore NSI_SIG2="3F0C5171F6CB04C82CC37B08DC1FEDC649E2F1138C0D61DE96C904A85B09F538A1951BC80838DEB2291C3FA41482D5AA">
	<Header Version="2" DateCreated="2017-11-14" TimeCreated="16:25:44" AUTHOR="" COMMENTS=""/>
	<KnowledgeObjects ObjID="3928831668-29589-20062-137-123">
		<KnowledgeObject ObjID="402079293-1703-20263-146-174">
			<KnowledgeDocuments>
				<KnowledgeDocument Type="pdf" Name="VA Voucher for Mileage Allowance.pdf" ObjID="1854085084-50516-19592-185-109" DocRef="2952413525-25820-16706-140-191.dat"/>
			</KnowledgeDocuments>
			<KnowledgeFields>
				<Field Name="UserName" Value="JCH"/>
				<Field Name="UserEmail" Value="jch@ndi-demo.local"/>
				<Field Name="UserHomeFolder" Value="\\AS-OF360\Users\JCH"/>
				<Field Name="FormName" Value="VA Voucher for Mileage Allowance"/>
				<Field Name="JobID" Value="402079293-1703-20263-146-174"/>
				<Field Name="Fullname" Value="John Campbell-Higgens"/>
				<Field Name="StreetAddress" Value="1000 Main St"/>
				<Field Name="City" Value="Arlington"/>
				<Field Name="State" Value="VA"/>
				<Field Name="ZIP" Value="22222"/>
				<Field Name="DateIssued" Value="14/11/2017"/>
				<Field Name="TravelFrom" Value="Dallas"/>
				<Field Name="TravelTo" Value="New York"/>
				<Field Name="ReportingReason" Value="Preferred Doctor"/>
			</KnowledgeFields>
		</KnowledgeObject>
	</KnowledgeObjects>
</AutoStore>
