<?xml version="1.0" encoding="utf-8"?>
<AutoStore NSI_SIG2="B27AF1ACFD5E33AAE71739ADEBAE710CE00358712472F986B9EA5CDDB75E2089B72862081A14BB417DEAEC28FCDE018D">
	<Header Version="2" DateCreated="2018-02-13" TimeCreated="16:02:48" AUTHOR="" COMMENTS=""/>
	<KnowledgeObjects ObjID="3842504971-62525-18378-130-87">
		<KnowledgeObject ObjID="481941361-29793-20266-162-174">
			<KnowledgeDocuments>
				<KnowledgeDocument Type="png" Name="Signed_201802131602420329.png" ObjID="1130929360-59420-19906-164-77" DocRef="2128716725-36290-19280-133-102.dat"/>
				<KnowledgeDocument Type="TXT" Name="TimeSheet.TXT" ObjID="936043549-31634-17401-161-112" DocRef="3344239844-42740-19799-171-232.dat"/>
			</KnowledgeDocuments>
			<KnowledgeFields>
				<Field Name="ContractorName" Value="shasselmann shasselmann"/>
				<Field Name="Signature" Value="C:\Nuance\MobileDemo\Home\WebCapture\WORK\ade1de67-6d80-4e4f-b72b-d96ee1c8b507\Signed_201802131602420329.png"/>
				<Field Name="ContractorID" Value="shasselmann"/>
				<Field Name="FriHours" Value=""/>
				<Field Name="FriEnd" Value=""/>
				<Field Name="FriStart" Value=""/>
				<Field Name="ThuHours" Value=""/>
				<Field Name="ThuEnd" Value=""/>
				<Field Name="ThuStart" Value=""/>
				<Field Name="WedHours" Value=""/>
				<Field Name="WedEnd" Value=""/>
				<Field Name="WedStart" Value=""/>
				<Field Name="TueHours" Value=""/>
				<Field Name="TueEnd" Value=""/>
				<Field Name="TueStart" Value=""/>
				<Field Name="MonHours" Value=""/>
				<Field Name="MonEnd" Value=""/>
				<Field Name="MonStart" Value=""/>
				<Field Name="WeekEnding" Value="13-02-2018"/>
				<Field Name="TimeSheetID" Value="0000079"/>
				<Field Name="TotalHours" Value=""/>
				<Field Name="Submitted" Value="13-02-2018"/>
				<Field Name="UserName" Value="shasselmann"/>
				<Field Name="UserEmail" Value="sandra.hasselmann@ricoh.ca"/>
				<Field Name="UserHomeFolder" Value="\\NUAN-MOBAD01\HOME\shasselmann"/>
				<Field Name="FormName" Value="Submit TimeSheet"/>
				<Field Name="JobID" Value="481941361-29793-20266-162-174"/>
			</KnowledgeFields>
		</KnowledgeObject>
	</KnowledgeObjects>
</AutoStore>
