<?xml version="1.0" encoding="utf-8"?>
<AutoStore NSI_SIG2="53043A83A88155A6846C440EE48190D74EE845681F947F43A370BDF57268CEA43131E11D37F99158B118718C89B5E85F">
	<Header Version="2" DateCreated="2018-10-11" TimeCreated="03:42:12" AUTHOR="" COMMENTS=""/>
	<KnowledgeObjects ObjID="3588269699-20057-20476-134-241">
		<KnowledgeObject ObjID="2505345921-24460-18626-152-44">
			<KnowledgeDocuments>
				<KnowledgeDocument Type="pdf" Name="Prob11H - Nicholas g Parillo - 00001.pdf" ObjID="2933585898-8837-16942-165-234" DocRef="2846870046-26201-20441-153-126.dat"/>
				<KnowledgeDocument Type="png" Name="Signature_201810110342042482.png" ObjID="3484771969-21023-19669-136-180" DocRef="4256331135-10513-16894-159-225.dat"/>
			</KnowledgeDocuments>
			<KnowledgeFields>
				<Field Name="DeliveryTime" Value="03:42"/>
				<Field Name="DeliveryDate" Value="11/10/2018"/>
				<Field Name="Driver" Value="xodice"/>
				<Field Name="SignatureName" Value="Betsy Lirakis"/>
				<Field Name="DeliveryID" Value="http://bit.ly/hfTbX5?r=qr"/>
				<Field Name="Surname" Value=""/>
				<Field Name="Firstname" Value=""/>
				<Field Name="Address" Value=""/>
				<Field Name="Postcode" Value=""/>
				<Field Name="Signature" Value="C:\Nuance\MobileDemo\Home\WebCapture\WORK\129700b2-1c76-4f42-b453-765810ef735e\Signature_201810110342042482.png"/>
				<Field Name="GPS" Value="43.29969887517613, -72.47371007818379"/>
				<Field Name="UserName" Value="xodice"/>
				<Field Name="UserEmail" Value="Nparillo@ssdvermont.com"/>
				<Field Name="UserHomeFolder" Value="\\NUAN-MOBAD01\HOME\Xodice"/>
				<Field Name="FormName" Value="Delivery Acceptance"/>
				<Field Name="JobID" Value="2505345921-24460-18626-152-44"/>
			</KnowledgeFields>
		</KnowledgeObject>
	</KnowledgeObjects>
</AutoStore>
