<?xml version="1.0" encoding="utf-8"?>
<AutoStore NSI_SIG2="40DA20E0492C44C99359EE16C4B6EAE68533C06FDB425D7FE99B3C0123CBC0831AC255CB290CBD2DF66947F6355C9C25">
	<Header Version="2" DateCreated="2018-05-16" TimeCreated="02:54:09" AUTHOR="" COMMENTS=""/>
	<KnowledgeObjects ObjID="1852893873-25564-18251-133-249">
		<KnowledgeObject ObjID="1131924076-42330-18812-157-53">
			<KnowledgeDocuments>
				<KnowledgeDocument Type="pdf" Name="Patient - Eberly_Fred.pdf" ObjID="3051906937-51739-16863-188-188" DocRef="1282408081-21846-19915-150-109.dat"/>
				<KnowledgeDocument Type="png" Name="Signature_201805160254057410.png" ObjID="2048519576-15808-18484-182-110" DocRef="614321020-64271-20232-178-83.dat"/>
			</KnowledgeDocuments>
			<KnowledgeFields>
				<Field Name="DeliveryTime" Value="02:54"/>
				<Field Name="DeliveryDate" Value="16/05/2018"/>
				<Field Name="Driver" Value="feberly"/>
				<Field Name="SignatureName" Value="Fred Eberly"/>
				<Field Name="DeliveryID" Value="13467"/>
				<Field Name="Surname" Value=""/>
				<Field Name="Firstname" Value=""/>
				<Field Name="Address" Value=""/>
				<Field Name="Postcode" Value=""/>
				<Field Name="Signature" Value="C:\Nuance\MobileDemo\Home\WebCapture\WORK\0e4e20ee-3cd8-45fb-879b-1140f3be1a78\Signature_201805160254057410.png"/>
				<Field Name="GPS" Value="40.1349386, -76.2933783"/>
				<Field Name="UserName" Value="feberly"/>
				<Field Name="UserEmail" Value="fred.eberly@tbs.toshiba.com"/>
				<Field Name="UserHomeFolder" Value="\\NUAN-MOBAD01\HOME\feberly"/>
				<Field Name="FormName" Value="Delivery Acceptance"/>
				<Field Name="JobID" Value="1131924076-42330-18812-157-53"/>
			</KnowledgeFields>
		</KnowledgeObject>
	</KnowledgeObjects>
</AutoStore>
