<?xml version="1.0" encoding="utf-8"?>
<AutoStore NSI_SIG2="B38A24237F409696718F163ECE34A2A3FB287EBA1F564FAB5ED7C3082DE617777D79F8304F9B4924441DCAAB44A46911">
	<Header Version="2" DateCreated="2018-02-19" TimeCreated="15:56:18" AUTHOR="" COMMENTS=""/>
	<KnowledgeObjects ObjID="2454921331-15218-17450-178-26">
		<KnowledgeObject ObjID="219346841-36738-19446-149-196">
			<KnowledgeDocuments>
				<KnowledgeDocument Type="png" Name="Sketch_201802191556179428.png" ObjID="720235549-28540-18239-154-66" DocRef="317266752-49468-20074-134-32.dat"/>
			</KnowledgeDocuments>
			<KnowledgeFields>
				<Field Name="WitnessMobile2" Value=""/>
				<Field Name="WitnessPhone2" Value=""/>
				<Field Name="WitnessAddress2" Value=""/>
				<Field Name="WitnessName2" Value=""/>
				<Field Name="WitnessMobile1" Value=""/>
				<Field Name="WitnessPhone1" Value=""/>
				<Field Name="WitnessAddress1" Value=""/>
				<Field Name="WitnessName1" Value=""/>
				<Field Name="OtherInfor" Value=""/>
				<Field Name="BadgeNumber" Value=""/>
				<Field Name="Phone" Value=""/>
				<Field Name="Department" Value=""/>
				<Field Name="OfficerName" Value=""/>
				<Field Name="OtherInjuries" Value=""/>
				<Field Name="OtherPassenger" Value=""/>
				<Field Name="YourInjuries" Value=""/>
				<Field Name="YourPassengers" Value=""/>
				<Field Name="OtherDriverPhone" Value=""/>
				<Field Name="OtherDriverAddress" Value=""/>
				<Field Name="OtherDriverName" Value=""/>
				<Field Name="InsuranceCompany" Value=""/>
				<Field Name="Registration" Value=""/>
				<Field Name="VehicleColour" Value=""/>
				<Field Name="VehicleModel" Value=""/>
				<Field Name="VehicleMake" Value=""/>
				<Field Name="OwnerPhone" Value=""/>
				<Field Name="OwnerAddress" Value=""/>
				<Field Name="OwnerName" Value=""/>
				<Field Name="OtherRecovery" Value="Kennedy Ford"/>
				<Field Name="OtherVehicleDamage" Value="2010 Ford Mustang"/>
				<Field Name="YourRecovery" Value="Bougon’s"/>
				<Field Name="YourVehicleDamage" Value="2016 Nissan Frontier"/>
				<Field Name="AccidentDetails" Value="Slipped"/>
				<Field Name="Location" Value="501 Vaughn Rd, Royersford, PA 19468, USA"/>
				<Field Name="Conditions" Value="Wet"/>
				<Field Name="AccidentTime" Value="1:34pm"/>
				<Field Name="AccidentDate" Value="2/18/2018"/>
				<Field Name="FileCount" Value="1"/>
				<Field Name="RenameSchema" Value="Accident Form - 2/18/2018 1:34pm"/>
				<Field Name="Section" Value="Insurance and Financial Services"/>
				<Field Name="UserHomeFolder" Value="\\NUAN-MOBAD01\HOME\bwalbridge2"/>
				<Field Name="UserEmail" Value="bryanwalbridge@gmail.com"/>
				<Field Name="UserName" Value="bwalbridge2"/>
				<Field Name="FormName" Value="Accident Damage Report"/>
				<Field Name="JobID" Value="219346841-36738-19446-149-196"/>
			</KnowledgeFields>
		</KnowledgeObject>
	</KnowledgeObjects>
</AutoStore>
