<?xml version="1.0" encoding="utf-8"?>
<AutoStore NSI_SIG2="33E3422835B62DAF2782E6CA1BABF2E3982A4DC9CAEE5D725F6F65D96F9AE7FD0C09AAE690894921EC8369578A16BFBA">
	<Header Version="2" DateCreated="2018-03-08" TimeCreated="17:16:36" AUTHOR="" COMMENTS=""/>
	<KnowledgeObjects ObjID="2903806818-25728-17021-162-87">
		<KnowledgeObject ObjID="3690150106-45164-20479-132-166">
			<KnowledgeDocuments>
				<KnowledgeDocument Type="TXT" Name="Patient - Vanderpluym_Judy.TXT" ObjID="1084097228-59695-18009-145-122" DocRef="4109604596-25869-20257-179-238.dat"/>
			</KnowledgeDocuments>
			<KnowledgeFields>
				<Field Name="Section" Value="Healthcare\Patient Registration"/>
				<Field Name="JobID" Value="3690150106-45164-20479-132-166"/>
				<Field Name="FormName" Value="New Patient Admittance"/>
				<Field Name="UserHomeFolder" Value="\\NUAN-MOBAD01\HOME\jvanderpluym"/>
				<Field Name="UserEmail" Value="Jvanderpluym@fbponline.com"/>
				<Field Name="UserName" Value="jvanderpluym"/>
				<Field Name="RenameSchema" Value="Patient - Vanderpluym_Judy"/>
				<Field Name="Forename" Value="Judy"/>
				<Field Name="Surname" Value="Vanderpluym"/>
				<Field Name="SSN" Value="666"/>
				<Field Name="Street" Value="523 sr"/>
				<Field Name="City" Value="Denver"/>
				<Field Name="State" Value="CO"/>
				<Field Name="ZIP" Value="80203"/>
				<Field Name="Reason" Value="Cold"/>
			</KnowledgeFields>
		</KnowledgeObject>
	</KnowledgeObjects>
</AutoStore>
