<?xml version="1.0" encoding="utf-8"?>
<AutoStore NSI_SIG2="741E29D336544514AB8FC7A62BBCC8067071EA6464E7F359053C294FC0AD7DEEA8F3090E92E05D9839CF34D0832C59FB">
	<Header Version="2" DateCreated="2018-10-04" TimeCreated="07:19:53" AUTHOR="" COMMENTS=""/>
	<KnowledgeObjects ObjID="1326394604-3421-19257-132-198">
		<KnowledgeObject ObjID="1271949481-33075-19815-189-88">
			<KnowledgeDocuments>
				<KnowledgeDocument Type="png" Name="Sketch_201810040719525651.png" ObjID="3093782171-42183-16643-182-123" DocRef="164875760-43228-20265-172-206.dat"/>
			</KnowledgeDocuments>
			<KnowledgeFields>
				<Field Name="WitnessMobile2" Value=""/>
				<Field Name="WitnessPhone2" Value=""/>
				<Field Name="WitnessAddress2" Value=""/>
				<Field Name="WitnessName2" Value=""/>
				<Field Name="WitnessMobile1" Value=""/>
				<Field Name="WitnessPhone1" Value=""/>
				<Field Name="WitnessAddress1" Value=""/>
				<Field Name="WitnessName1" Value=""/>
				<Field Name="OtherInfor" Value=""/>
				<Field Name="BadgeNumber" Value=""/>
				<Field Name="Phone" Value=""/>
				<Field Name="Department" Value=""/>
				<Field Name="OfficerName" Value=""/>
				<Field Name="OtherInjuries" Value=""/>
				<Field Name="OtherPassenger" Value=""/>
				<Field Name="YourInjuries" Value=""/>
				<Field Name="YourPassengers" Value=""/>
				<Field Name="OtherDriverPhone" Value=""/>
				<Field Name="OtherDriverAddress" Value=""/>
				<Field Name="OtherDriverName" Value=""/>
				<Field Name="InsuranceCompany" Value="Old mutual"/>
				<Field Name="Registration" Value=""/>
				<Field Name="VehicleColour" Value=""/>
				<Field Name="VehicleModel" Value=""/>
				<Field Name="VehicleMake" Value=""/>
				<Field Name="OwnerPhone" Value=""/>
				<Field Name="OwnerAddress" Value=""/>
				<Field Name="OwnerName" Value=""/>
				<Field Name="OtherRecovery" Value=""/>
				<Field Name="OtherVehicleDamage" Value=""/>
				<Field Name="YourRecovery" Value=""/>
				<Field Name="YourVehicleDamage" Value=""/>
				<Field Name="AccidentDetails" Value="Skipped robot"/>
				<Field Name="Location" Value="Tlokweng, Gaborone, Botswana"/>
				<Field Name="Conditions" Value="Raining"/>
				<Field Name="AccidentTime" Value="12:00"/>
				<Field Name="AccidentDate" Value="10/4/2018"/>
				<Field Name="FileCount" Value="1"/>
				<Field Name="RenameSchema" Value="Accident Form - 10/4/2018 12:00"/>
				<Field Name="Section" Value="Insurance and Financial Services"/>
				<Field Name="UserHomeFolder" Value="\\NUAN-MOBAD01\HOME\waynec"/>
				<Field Name="UserEmail" Value="waynec@nashua.co.bw"/>
				<Field Name="UserName" Value="waynec"/>
				<Field Name="FormName" Value="Accident Damage Report"/>
				<Field Name="JobID" Value="1271949481-33075-19815-189-88"/>
			</KnowledgeFields>
		</KnowledgeObject>
	</KnowledgeObjects>
</AutoStore>
