<?xml version="1.0" encoding="utf-8"?>
<AutoStore NSI_SIG2="2288B2FCE37F4021352CF98E155A00AD8790FF83721C86507007A7993709629385243A38954435D8FE9FD2CDC58FD0C9">
	<Header Version="2" DateCreated="2019-06-03" TimeCreated="13:43:48" AUTHOR="" COMMENTS=""/>
	<KnowledgeObjects ObjID="4117994683-43866-18842-169-235">
		<KnowledgeObject ObjID="161907147-9656-19365-185-206">
			<KnowledgeDocuments>
				<KnowledgeDocument Type="jpg" Name="1559569214228.jpg" ObjID="466967208-47583-18100-141-111" DocRef="2983366827-41432-17615-162-46.dat"/>
			</KnowledgeDocuments>
			<KnowledgeFields>
				<Field Name="FileCount" Value="1"/>
				<Field Name="RenameSchema" Value="KYC - Joshua"/>
				<Field Name="Section" Value="Insurance and Financial Services"/>
				<Field Name="UserHomeFolder" Value="\\NUAN-MOBAD01\HOME\joshuaeuceda"/>
				<Field Name="UserEmail" Value="jeuceda@saxon.net"/>
				<Field Name="UserName" Value="joshuaeuceda"/>
				<Field Name="FormName" Value="KYC - Proof of Identity"/>
				<Field Name="JobID" Value="161907147-9656-19365-185-206"/>
				<Field Name="FullName" Value="Joshua"/>
				<Field Name="SpouseName" Value="Josue"/>
				<Field Name="Gender" Value="Male"/>
				<Field Name="MaritalStatus" Value="Single"/>
				<Field Name="DateOfBirth" Value="6/6/2019"/>
				<Field Name="Nationality" Value="Cuban"/>
				<Field Name="Status" Value=""/>
				<Field Name="PAN" Value="Ty"/>
				<Field Name="PANProof" Value="Driving License"/>
				<Field Name="Address" Value=""/>
				<Field Name="City" Value=""/>
				<Field Name="State" Value=""/>
				<Field Name="Country" Value=""/>
				<Field Name="PinCode" Value=""/>
				<Field Name="PhoneWork" Value=""/>
				<Field Name="PhoneHome" Value=""/>
				<Field Name="Mobile" Value=""/>
				<Field Name="Fax" Value=""/>
				<Field Name="EmailAddress" Value=""/>
				<Field Name="ProofOfAddress" Value=""/>
				<Field Name="PermAddress" Value=""/>
				<Field Name="PermCity" Value=""/>
				<Field Name="PermState" Value=""/>
				<Field Name="PermCountry" Value=""/>
				<Field Name="PermPinCode" Value=""/>
				<Field Name="PermProof" Value=""/>
			</KnowledgeFields>
		</KnowledgeObject>
	</KnowledgeObjects>
</AutoStore>
