<?xml version="1.0" encoding="utf-8"?>
<AutoStore NSI_SIG2="EFFFE90134F239DC913257E8DF10EEADC2F3E7C1E3D55B1A1DCF064C939262B60FBC340ED9E5F8F9B89DB0545AA993DE">
	<Header Version="2" DateCreated="2018-10-17" TimeCreated="14:49:27" AUTHOR="" COMMENTS=""/>
	<KnowledgeObjects ObjID="89805138-34315-18077-129-118">
		<KnowledgeObject ObjID="4067415190-36245-16825-139-7">
			<KnowledgeDocuments>
				<KnowledgeDocument Type="pdf" Name="Prob11H - Nicholas g Parillo - 00001.pdf" ObjID="2379664327-7423-17267-181-15" DocRef="4058341416-43891-20476-157-122.dat"/>
				<KnowledgeDocument Type="png" Name="Signature_201810171449207004.png" ObjID="2505517903-34246-16876-136-107" DocRef="4052259953-51483-19580-180-76.dat"/>
			</KnowledgeDocuments>
			<KnowledgeFields>
				<Field Name="DeliveryTime" Value="14:49"/>
				<Field Name="DeliveryDate" Value="17/10/2018"/>
				<Field Name="Driver" Value="xodice"/>
				<Field Name="SignatureName" Value="Nancy Brouillard"/>
				<Field Name="DeliveryID" Value="%WH91510146090075279311^PARILLO/NICHOLAS/G^BN610097^PC9999^RGPDPIND^DI10/06/2018?"/>
				<Field Name="Surname" Value=""/>
				<Field Name="Firstname" Value=""/>
				<Field Name="Address" Value=""/>
				<Field Name="Postcode" Value=""/>
				<Field Name="Signature" Value="C:\Nuance\MobileDemo\Home\WebCapture\WORK\3d86ded4-4275-43da-b22d-27e7bf8b7270\Signature_201810171449207004.png"/>
				<Field Name="GPS" Value="43.29968840578399, -72.47370914807716"/>
				<Field Name="UserName" Value="xodice"/>
				<Field Name="UserEmail" Value="Nparillo@ssdvermont.com"/>
				<Field Name="UserHomeFolder" Value="\\NUAN-MOBAD01\HOME\Xodice"/>
				<Field Name="FormName" Value="Delivery Acceptance"/>
				<Field Name="JobID" Value="4067415190-36245-16825-139-7"/>
			</KnowledgeFields>
		</KnowledgeObject>
	</KnowledgeObjects>
</AutoStore>
