<?xml version="1.0" encoding="utf-8"?>
<AutoStore NSI_SIG2="D78AC017B8AE4B67528444624CB61C0FC99BF061360736AA00D3F0C7B7402142DB487600A4ABC63FDB4ED22ED7C9D020">
	<Header Version="2" DateCreated="2018-12-15" TimeCreated="06:55:23" AUTHOR="" COMMENTS=""/>
	<KnowledgeObjects ObjID="2949965556-58373-16500-157-80">
		<KnowledgeObject ObjID="1589965934-60166-20361-133-63">
			<KnowledgeDocuments>
				<KnowledgeDocument Type="pdf" Name="POD-Address Labels.pdf" ObjID="2718278305-4377-20261-171-102" DocRef="2036027780-20114-18065-165-0.dat"/>
				<KnowledgeDocument Type="png" Name="Signature_201812150655166585.png" ObjID="154709944-21139-18073-170-49" DocRef="3950588112-9850-16580-190-141.dat"/>
			</KnowledgeDocuments>
			<KnowledgeFields>
				<Field Name="DeliveryTime" Value="06:55"/>
				<Field Name="DeliveryDate" Value="15/12/2018"/>
				<Field Name="Driver" Value="xodice"/>
				<Field Name="SignatureName" Value="Fanbox"/>
				<Field Name="DeliveryID" Value="1849"/>
				<Field Name="Surname" Value=""/>
				<Field Name="Firstname" Value=""/>
				<Field Name="Address" Value=""/>
				<Field Name="Postcode" Value=""/>
				<Field Name="Signature" Value="C:\Nuance\MobileDemo\Home\WebCapture\WORK\921ca0a9-e1c6-4471-8859-1e7291f603f2\Signature_201812150655166585.png"/>
				<Field Name="GPS" Value="43.299777021058766, -72.47385353736227"/>
				<Field Name="UserName" Value="xodice"/>
				<Field Name="UserEmail" Value="Nparillo@ssdvermont.com"/>
				<Field Name="UserHomeFolder" Value="\\NUAN-MOBAD01\HOME\Xodice"/>
				<Field Name="FormName" Value="Delivery Acceptance"/>
				<Field Name="JobID" Value="1589965934-60166-20361-133-63"/>
			</KnowledgeFields>
		</KnowledgeObject>
	</KnowledgeObjects>
</AutoStore>
