<?xml version="1.0" encoding="utf-8"?>
<AutoStore NSI_SIG2="5C37BFC3ECC4144D1057326A4B9FB747435790DAE0C22BA83F1C9511AA9B92E558B27C561556F4ADC6F07CA98249ED04">
	<Header Version="2" DateCreated="2018-04-25" TimeCreated="20:06:38" AUTHOR="" COMMENTS=""/>
	<KnowledgeObjects ObjID="940752633-9817-19890-143-208">
		<KnowledgeObject ObjID="809760781-24563-19970-173-147">
			<KnowledgeDocuments>
				<KnowledgeDocument Type="pdf" Name="CustomerIDLabels.pdf" ObjID="1776727819-5617-20113-182-138" DocRef="2953176266-12238-18772-190-48.dat"/>
				<KnowledgeDocument Type="png" Name="Signature_201804252006339754.png" ObjID="1954432069-41933-16573-143-248" DocRef="2843414140-62256-18684-177-57.dat"/>
			</KnowledgeDocuments>
			<KnowledgeFields>
				<Field Name="DeliveryTime" Value="20:06"/>
				<Field Name="DeliveryDate" Value="25/04/2018"/>
				<Field Name="Driver" Value="jim"/>
				<Field Name="SignatureName" Value="Shhol"/>
				<Field Name="DeliveryID" Value="Grubg"/>
				<Field Name="Surname" Value=""/>
				<Field Name="Firstname" Value=""/>
				<Field Name="Address" Value=""/>
				<Field Name="Postcode" Value=""/>
				<Field Name="Signature" Value="C:\Nuance\MobileDemo\Home\WebCapture\WORK\74f0e535-7df5-475c-b5f9-e7b16018de6b\Signature_201804252006339754.png"/>
				<Field Name="GPS" Value="33.70326171098063, -117.31942496159532"/>
				<Field Name="UserName" Value="jim"/>
				<Field Name="UserEmail" Value="James.saavedra@nuance.com"/>
				<Field Name="UserHomeFolder" Value="\\NUAN-MOBAD01\HOME\Jim"/>
				<Field Name="FormName" Value="Delivery Acceptance"/>
				<Field Name="JobID" Value="809760781-24563-19970-173-147"/>
			</KnowledgeFields>
		</KnowledgeObject>
	</KnowledgeObjects>
</AutoStore>
