<?xml version="1.0" encoding="utf-8"?>
<AutoStore NSI_SIG2="A4353CE78AD8D178C0552F3EAC351A85A268D3AB2888D27AC030F623E770DDEDB2167BC4182FDF4CD220AA9DA554C4B3">
	<Header Version="2" DateCreated="2018-01-17" TimeCreated="08:05:30" AUTHOR="" COMMENTS=""/>
	<KnowledgeObjects ObjID="3474185047-58293-16854-181-110">
		<KnowledgeObject ObjID="4036745896-19458-17941-134-181">
			<KnowledgeDocuments>
				<KnowledgeDocument Type="pdf" Name="11.pdf" ObjID="657146321-25373-17752-159-107" DocRef="4067657210-22402-17515-167-20.dat"/>
			</KnowledgeDocuments>
			<KnowledgeFields>
				<Field Name="AW" Value="Yes"/>
				<Field Name="QC" Value="No"/>
				<Field Name="WC" Value="No"/>
				<Field Name="AX" Value="No"/>
				<Field Name="AC" Value="No"/>
				<Field Name="OF" Value="No"/>
				<Field Name="BC" Value="No"/>
				<Field Name="OM" Value="No"/>
				<Field Name="SC" Value="No"/>
				<Field Name="EQ" Value="No"/>
				<Field Name="EC" Value="No"/>
				<Field Name="UserName" Value="ian.dixon"/>
				<Field Name="UserHomeFolder" Value="\\NUAN-MOBAD01\HOME\ian.dixon"/>
				<Field Name="UserEmail" Value="ian.dixon100@gmail.com"/>
				<Field Name="FormName" Value="Information Request"/>
				<Field Name="JobID" Value="4036745896-19458-17941-134-181"/>
				<Field Name="Fullname" Value="Ian Dixon"/>
				<Field Name="JobTitle" Value="Sales"/>
				<Field Name="Company" Value="Nuance"/>
				<Field Name="EmailAddress" Value="ian.dixon@nuance.com"/>
				<Field Name="PhoneNumber" Value="0773048473"/>
				<Field Name="MobileNumber" Value="0817373737"/>
				<Field Name="Consent" Value="1"/>
				<Field Name="Products" Value="11"/>
				<Field Name="Section" Value="Sales\Information Request"/>
			</KnowledgeFields>
		</KnowledgeObject>
	</KnowledgeObjects>
</AutoStore>
