<?xml version="1.0" encoding="utf-8"?>
<AutoStore NSI_SIG2="5D2C6F9C2A48DE5D5F7D0566F6CDCABC2AE4077C5833A56155FC984AE881C6A9107B4EFA74EC3D29D2700F9BE4EA07DD">
	<Header Version="2" DateCreated="2018-12-13" TimeCreated="16:50:22" AUTHOR="" COMMENTS=""/>
	<KnowledgeObjects ObjID="3922637894-8841-17752-169-136">
		<KnowledgeObject ObjID="725561624-39728-19487-136-164">
			<KnowledgeDocuments>
				<KnowledgeDocument Type="pdf" Name="Nurse ID Labels.pdf" ObjID="2091041806-34596-16963-152-255" DocRef="2647955465-31265-19273-171-108.dat"/>
				<KnowledgeDocument Type="png" Name="Signature_201812131650183355.png" ObjID="1766324621-2484-20181-172-249" DocRef="107405312-14279-20188-163-17.dat"/>
			</KnowledgeDocuments>
			<KnowledgeFields>
				<Field Name="DeliveryTime" Value="16:50"/>
				<Field Name="DeliveryDate" Value="13/12/2018"/>
				<Field Name="Driver" Value="benhen01"/>
				<Field Name="SignatureName" Value="Djd"/>
				<Field Name="DeliveryID" Value="Hdhd"/>
				<Field Name="Surname" Value=""/>
				<Field Name="Firstname" Value=""/>
				<Field Name="Address" Value=""/>
				<Field Name="Postcode" Value=""/>
				<Field Name="Signature" Value="C:\Nuance\MobileDemo\Home\WebCapture\WORK\7088a5fa-61f6-4f20-b82f-bd9338bf7aa3\Signature_201812131650183355.png"/>
				<Field Name="GPS" Value="39.48734106210269, -119.7595795820116"/>
				<Field Name="UserName" Value="benhen01"/>
				<Field Name="UserEmail" Value="bhenningsen@sierraoffice.com"/>
				<Field Name="UserHomeFolder" Value="\\NUAN-MOBAD01\HOME\benhen01"/>
				<Field Name="FormName" Value="Delivery Acceptance"/>
				<Field Name="JobID" Value="725561624-39728-19487-136-164"/>
			</KnowledgeFields>
		</KnowledgeObject>
	</KnowledgeObjects>
</AutoStore>
