<?xml version="1.0" encoding="utf-8"?>
<AutoStore NSI_SIG2="132F3FEA1CA0325261273D146ED1BDA4C0C33BB843F38E8C13AD4CBBFA6F194A96E039D443038A19A47F678ED9A1E221">
	<Header Version="2" DateCreated="2018-05-28" TimeCreated="20:08:25" AUTHOR="" COMMENTS=""/>
	<KnowledgeObjects ObjID="3415324894-10270-19107-155-247">
		<KnowledgeObject ObjID="4164341014-43175-20462-188-207">
			<KnowledgeDocuments>
				<KnowledgeDocument Type="pdf" Name="POD-Address Labels.pdf" ObjID="3687576850-42463-16747-147-33" DocRef="131326279-3784-19101-129-103.dat"/>
				<KnowledgeDocument Type="png" Name="Signature_201805282008169903.png" ObjID="367723510-53442-19541-175-83" DocRef="3401718714-24280-17399-171-245.dat"/>
			</KnowledgeDocuments>
			<KnowledgeFields>
				<Field Name="DeliveryTime" Value="20:08"/>
				<Field Name="DeliveryDate" Value="28/05/2018"/>
				<Field Name="Driver" Value="albert.moran"/>
				<Field Name="SignatureName" Value="Aaa"/>
				<Field Name="DeliveryID" Value="003201810025017082"/>
				<Field Name="Surname" Value=""/>
				<Field Name="Firstname" Value=""/>
				<Field Name="Address" Value=""/>
				<Field Name="Postcode" Value=""/>
				<Field Name="Signature" Value="C:\Nuance\MobileDemo\Home\WebCapture\WORK\8e3608b3-9fec-4e47-81e6-3b478c9c86a2\Signature_201805282008169903.png"/>
				<Field Name="GPS" Value="41.4110358, 2.1939644"/>
				<Field Name="UserName" Value="albert.moran"/>
				<Field Name="UserEmail" Value="albert.moran@konicaminolta.es"/>
				<Field Name="UserHomeFolder" Value="\\NUAN-MOBAD01\HOME\albert.moran"/>
				<Field Name="FormName" Value="Delivery Acceptance"/>
				<Field Name="JobID" Value="4164341014-43175-20462-188-207"/>
			</KnowledgeFields>
		</KnowledgeObject>
	</KnowledgeObjects>
</AutoStore>
