<?xml version="1.0" encoding="utf-8"?>
<AutoStore NSI_SIG2="D64381D406D0FDF6238CA236B346102E9E834C533EF555DFACE2A32A55A71FDD8341E008630E552B59C79F3243201F96">
	<Header Version="2" DateCreated="2018-10-04" TimeCreated="02:28:36" AUTHOR="" COMMENTS=""/>
	<KnowledgeObjects ObjID="820415547-64741-16825-164-26">
		<KnowledgeObject ObjID="1776775429-16246-17713-139-236">
			<KnowledgeDocuments>
				<KnowledgeDocument Type="ics" Name="30-minute_meeting.ics" ObjID="3978030850-9140-17809-188-68" DocRef="3595962269-43524-18712-140-74.dat"/>
				<KnowledgeDocument Type="png" Name="Signature_201810040228327122.png" ObjID="2604440485-18904-16719-176-213" DocRef="1222184314-37514-18685-169-60.dat"/>
			</KnowledgeDocuments>
			<KnowledgeFields>
				<Field Name="DeliveryTime" Value="02:28"/>
				<Field Name="DeliveryDate" Value="04/10/2018"/>
				<Field Name="Driver" Value="xodice"/>
				<Field Name="SignatureName" Value="Mr."/>
				<Field Name="DeliveryID" Value="ORDER-1"/>
				<Field Name="Surname" Value=""/>
				<Field Name="Firstname" Value=""/>
				<Field Name="Address" Value=""/>
				<Field Name="Postcode" Value=""/>
				<Field Name="Signature" Value="C:\Nuance\MobileDemo\Home\WebCapture\WORK\fa74cd66-35df-4e7b-8cf9-893ee23a69dc\Signature_201810040228327122.png"/>
				<Field Name="GPS" Value="43.29974164254231, -72.47399947743618"/>
				<Field Name="UserName" Value="xodice"/>
				<Field Name="UserEmail" Value="Nparillo@ssdvermont.com"/>
				<Field Name="UserHomeFolder" Value="\\NUAN-MOBAD01\HOME\Xodice"/>
				<Field Name="FormName" Value="Delivery Acceptance"/>
				<Field Name="JobID" Value="1776775429-16246-17713-139-236"/>
			</KnowledgeFields>
		</KnowledgeObject>
	</KnowledgeObjects>
</AutoStore>
