<?xml version="1.0" encoding="utf-8"?>
<AutoStore NSI_SIG2="EB5F1A921BF96F9F35B6B3D877CB6FBED399A61FA2369ECDF632E5B9F3A617D92DA8CAF940A891EACF279E4E0F490FC1">
	<Header Version="2" DateCreated="2018-12-04" TimeCreated="04:54:47" AUTHOR="" COMMENTS=""/>
	<KnowledgeObjects ObjID="112655227-57996-19308-131-43">
		<KnowledgeObject ObjID="1285133839-10340-18756-129-35">
			<KnowledgeDocuments>
				<KnowledgeDocument Type="html" Name="ford_429_1@msn.com_(XODICE_(this_PC))_-_Dropbox-6.html" ObjID="72692297-26620-17627-156-99" DocRef="959251553-19762-18073-191-78.dat"/>
				<KnowledgeDocument Type="png" Name="Signature_201812040454429141.png" ObjID="4014463439-52112-18080-184-111" DocRef="530659599-32407-17105-166-99.dat"/>
			</KnowledgeDocuments>
			<KnowledgeFields>
				<Field Name="DeliveryTime" Value="04:54"/>
				<Field Name="DeliveryDate" Value="04/12/2018"/>
				<Field Name="Driver" Value="xodice"/>
				<Field Name="SignatureName" Value="8028856141"/>
				<Field Name="DeliveryID" Value="ORDER-1"/>
				<Field Name="Surname" Value=""/>
				<Field Name="Firstname" Value=""/>
				<Field Name="Address" Value=""/>
				<Field Name="Postcode" Value=""/>
				<Field Name="Signature" Value="C:\Nuance\MobileDemo\Home\WebCapture\WORK\c805fdef-d0ac-4844-bd28-cad29e4f318a\Signature_201812040454429141.png"/>
				<Field Name="GPS" Value="43.29987275387711, -72.47373665122853"/>
				<Field Name="UserName" Value="xodice"/>
				<Field Name="UserEmail" Value="Nparillo@ssdvermont.com"/>
				<Field Name="UserHomeFolder" Value="\\NUAN-MOBAD01\HOME\Xodice"/>
				<Field Name="FormName" Value="Delivery Acceptance"/>
				<Field Name="JobID" Value="1285133839-10340-18756-129-35"/>
			</KnowledgeFields>
		</KnowledgeObject>
	</KnowledgeObjects>
</AutoStore>
