<?xml version="1.0" encoding="utf-8"?>
<AutoStore NSI_SIG2="681B0A2A75BAB6E20C168879B9D4D5C7B4C4878C9CF8F2293BA448714267BEBF2A62C4483B48D3EAD3D14F66C628AFA5">
	<Header Version="2" DateCreated="2019-01-02" TimeCreated="02:44:38" AUTHOR="" COMMENTS=""/>
	<KnowledgeObjects ObjID="2452120154-23816-17578-138-211">
		<KnowledgeObject ObjID="1619356485-28520-17534-157-101">
			<KnowledgeDocuments>
				<KnowledgeDocument Type="pdf" Name="POD.pdf" ObjID="244979854-10965-19098-141-98" DocRef="2229517859-40182-16695-132-68.dat"/>
				<KnowledgeDocument Type="png" Name="Signature_201901020244349463.png" ObjID="1570457471-63762-20178-133-133" DocRef="1097407893-58174-16528-154-196.dat"/>
			</KnowledgeDocuments>
			<KnowledgeFields>
				<Field Name="DeliveryTime" Value="02:44"/>
				<Field Name="DeliveryDate" Value="02/01/2019"/>
				<Field Name="Driver" Value="xodice"/>
				<Field Name="SignatureName" Value="Cliff keen 1992"/>
				<Field Name="DeliveryID" Value="00663128400000"/>
				<Field Name="Surname" Value=""/>
				<Field Name="Firstname" Value=""/>
				<Field Name="Address" Value=""/>
				<Field Name="Postcode" Value=""/>
				<Field Name="Signature" Value="C:\Nuance\MobileDemo\Home\WebCapture\WORK\30f80bcd-2d7f-43ca-a8e9-2d0fdc487d62\Signature_201901020244349463.png"/>
				<Field Name="GPS" Value="43.29974137596166, -72.47391515890595"/>
				<Field Name="UserName" Value="xodice"/>
				<Field Name="UserEmail" Value="Nparillo@ssdvermont.com"/>
				<Field Name="UserHomeFolder" Value="\\NUAN-MOBAD01\HOME\Xodice"/>
				<Field Name="FormName" Value="Delivery Acceptance"/>
				<Field Name="JobID" Value="1619356485-28520-17534-157-101"/>
			</KnowledgeFields>
		</KnowledgeObject>
	</KnowledgeObjects>
</AutoStore>
