<?xml version="1.0" encoding="utf-8"?>
<AutoStore NSI_SIG2="4AAEF90DC713C17796B53B84F0FE7DADAAECB2AD955A25DE1BE39EF6D5CF666F3D78C08D3687765E3AB42A9EB9ABA2BF">
	<Header Version="2" DateCreated="2018-02-07" TimeCreated="09:50:59" AUTHOR="" COMMENTS=""/>
	<KnowledgeObjects ObjID="872137177-1253-19607-154-26">
		<KnowledgeObject ObjID="3163790094-21838-18433-141-29">
			<KnowledgeDocuments>
				<KnowledgeDocument Type="pdf" Name="2.pdf" ObjID="4051422973-62123-20148-167-125" DocRef="3910359486-3986-16645-170-198.dat"/>
				<KnowledgeDocument Type="pdf" Name="4.pdf" ObjID="782381449-20562-20267-154-140" DocRef="4045666364-835-17510-146-179.dat"/>
			</KnowledgeDocuments>
			<KnowledgeFields>
				<Field Name="AW" Value="No"/>
				<Field Name="QC" Value="No"/>
				<Field Name="WC" Value="No"/>
				<Field Name="AX" Value="No"/>
				<Field Name="AC" Value="No"/>
				<Field Name="OF" Value="No"/>
				<Field Name="BC" Value="No"/>
				<Field Name="OM" Value="Yes"/>
				<Field Name="SC" Value="No"/>
				<Field Name="EQ" Value="No"/>
				<Field Name="EC" Value="Yes"/>
				<Field Name="UserName" Value="bklueber"/>
				<Field Name="UserHomeFolder" Value="\\NUAN-MOBAD01\HOME\bklueber"/>
				<Field Name="UserEmail" Value="bernd.klueber@nuance.com"/>
				<Field Name="FormName" Value="Information Request"/>
				<Field Name="JobID" Value="3163790094-21838-18433-141-29"/>
				<Field Name="Fullname" Value="Jim Beam"/>
				<Field Name="JobTitle" Value="Spirit Manger"/>
				<Field Name="Company" Value="Daniels"/>
				<Field Name="EmailAddress" Value="Bernd.klueber@web.de"/>
				<Field Name="PhoneNumber" Value="854334"/>
				<Field Name="MobileNumber" Value="Uuzrrz"/>
				<Field Name="Consent" Value="1"/>
				<Field Name="Products" Value="2;4"/>
				<Field Name="Section" Value="Sales\Information Request"/>
			</KnowledgeFields>
		</KnowledgeObject>
	</KnowledgeObjects>
</AutoStore>
