<?xml version="1.0" encoding="utf-8"?>
<AutoStore NSI_SIG2="869D4582F24DDB87554CB63365EBA7A16339B5D5A560C819575324229E215C9D7D0507283E8D80761214309333C5F8AD">
	<Header Version="2" DateCreated="2018-09-11" TimeCreated="17:36:51" AUTHOR="" COMMENTS=""/>
	<KnowledgeObjects ObjID="1667598878-37812-17534-140-218">
		<KnowledgeObject ObjID="1904655562-6054-19837-184-49">
			<KnowledgeDocuments>
				<KnowledgeDocument Type="pdf" Name="Machine ID Labels.pdf" ObjID="3334949728-56216-16432-171-18" DocRef="2982648251-63653-19201-141-131.dat"/>
				<KnowledgeDocument Type="png" Name="Signature_201809111736451269.png" ObjID="279388850-28335-20099-177-1" DocRef="3473404711-34790-20135-145-191.dat"/>
			</KnowledgeDocuments>
			<KnowledgeFields>
				<Field Name="DeliveryTime" Value="17:36"/>
				<Field Name="DeliveryDate" Value="11/09/2018"/>
				<Field Name="Driver" Value="jim"/>
				<Field Name="SignatureName" Value="Jim"/>
				<Field Name="DeliveryID" Value="1234567890"/>
				<Field Name="Surname" Value="Campbell-Higgens"/>
				<Field Name="Firstname" Value="John"/>
				<Field Name="Address" Value="Ainsworth Road, Bolton"/>
				<Field Name="Postcode" Value="BL3 1RB"/>
				<Field Name="Signature" Value="C:\Nuance\MobileDemo\Home\WebCapture\WORK\c1c271d0-a5bf-424b-80d7-f918c8a77fdf\Signature_201809111736451269.png"/>
				<Field Name="GPS" Value="32.68713259578789, -115.46858333124939"/>
				<Field Name="UserName" Value="jim"/>
				<Field Name="UserEmail" Value="James.saavedra@nuance.com"/>
				<Field Name="UserHomeFolder" Value="\\NUAN-MOBAD01\HOME\Jim"/>
				<Field Name="FormName" Value="Delivery Acceptance"/>
				<Field Name="JobID" Value="1904655562-6054-19837-184-49"/>
			</KnowledgeFields>
		</KnowledgeObject>
	</KnowledgeObjects>
</AutoStore>
