<?xml version="1.0" encoding="utf-8"?>
<AutoStore NSI_SIG2="1D02C2F57C987E5109704A1993313C73E228852E84A619C9A9203347AF5E55FBA65276D41F2A2938A424A594B5BCD099">
	<Header Version="2" DateCreated="2017-11-21" TimeCreated="21:31:17" AUTHOR="" COMMENTS=""/>
	<KnowledgeObjects ObjID="939425424-21583-19426-150-55">
		<KnowledgeObject ObjID="2894352061-17146-19073-169-246">
			<KnowledgeDocuments>
				<KnowledgeDocument Type="jpg" Name="1511299881577.jpg" ObjID="4071785410-2342-16543-186-26" DocRef="2140391979-22194-18914-141-22.dat"/>
			</KnowledgeDocuments>
			<KnowledgeFields>
				<Field Name="UserName" Value="jch"/>
				<Field Name="UserEmail" Value="jch@nuance.com"/>
				<Field Name="UserHomeFolder" Value="\\192.168.0.160\Users\JCH"/>
				<Field Name="UserDispName" Value="John Campbell-Higgens"/>
				<Field Name="Convert" Value="No"/>
				<Field Name="ConvertTo" Value="PDF/A"/>
				<Field Name="NextTask" Value="p_0027"/>
				<Field Name="FormName" Value="Send to Email"/>
				<Field Name="JobID" Value="2894352061-17146-19073-169-246"/>
				<Field Name="RenameSchema" Value="Captured File"/>
			</KnowledgeFields>
		</KnowledgeObject>
	</KnowledgeObjects>
</AutoStore>
