<?xml version="1.0" encoding="utf-8"?>
<AutoStore NSI_SIG2="D67F2E1BF3F473B05C4C97570BEC1468FCEEC18C93CAEB1894C7B8BE15BD17A014221760DA8514BDF6847249F6AD2A14">
	<Header Version="2" DateCreated="2018-04-26" TimeCreated="11:00:21" AUTHOR="" COMMENTS=""/>
	<KnowledgeObjects ObjID="323632042-30679-17084-164-200">
		<KnowledgeObject ObjID="2784565945-46281-17860-137-85">
			<KnowledgeDocuments>
				<KnowledgeDocument Type="xml" Name="oyecj3vl@yahoo.com.search-ms-1.xml" ObjID="1412058540-17461-18495-161-161" DocRef="3656943006-11033-19294-184-199.dat"/>
				<KnowledgeDocument Type="png" Name="Signature_201804261100182371.png" ObjID="155156585-50494-19345-164-83" DocRef="161943036-46767-16611-128-149.dat"/>
			</KnowledgeDocuments>
			<KnowledgeFields>
				<Field Name="DeliveryTime" Value="11:00"/>
				<Field Name="DeliveryDate" Value="26/04/2018"/>
				<Field Name="Driver" Value="xodice"/>
				<Field Name="SignatureName" Value="Mr.Nicholas g Parillo"/>
				<Field Name="DeliveryID" Value="http://www.vermontrxcard.com/index.php"/>
				<Field Name="Surname" Value=""/>
				<Field Name="Firstname" Value=""/>
				<Field Name="Address" Value=""/>
				<Field Name="Postcode" Value=""/>
				<Field Name="Signature" Value="C:\Nuance\MobileDemo\Home\WebCapture\WORK\3fcfea4e-8a34-4947-9616-37dba7e35031\Signature_201804261100182371.png"/>
				<Field Name="GPS" Value="43.299824456176815, -72.47384356884444"/>
				<Field Name="UserName" Value="xodice"/>
				<Field Name="UserEmail" Value="Nparillo@ssdvermont.com"/>
				<Field Name="UserHomeFolder" Value="\\NUAN-MOBAD01\HOME\Xodice"/>
				<Field Name="FormName" Value="Delivery Acceptance"/>
				<Field Name="JobID" Value="2784565945-46281-17860-137-85"/>
			</KnowledgeFields>
		</KnowledgeObject>
	</KnowledgeObjects>
</AutoStore>
