<?xml version="1.0" encoding="utf-8"?>
<AutoStore NSI_SIG2="0A8610AF06E3AC815936973B64C4C849AB72AE90EA672868DD79FBD434F295C2DBDC08DA05EFB2378D5469FC458A4A08">
	<Header Version="2" DateCreated="2018-09-14" TimeCreated="07:45:08" AUTHOR="" COMMENTS=""/>
	<KnowledgeObjects ObjID="1003730329-43183-17892-150-138">
		<KnowledgeObject ObjID="183966595-64151-16948-188-173">
			<KnowledgeDocuments>
				<KnowledgeDocument Type="pdf" Name="CustomerIDLabels.pdf" ObjID="2784928249-20817-18429-142-88" DocRef="3371019016-29529-19899-140-100.dat"/>
				<KnowledgeDocument Type="png" Name="Signature_201809140745031981.png" ObjID="2633411243-43464-16868-160-111" DocRef="430302548-45596-19218-136-122.dat"/>
			</KnowledgeDocuments>
			<KnowledgeFields>
				<Field Name="DeliveryTime" Value="07:45"/>
				<Field Name="DeliveryDate" Value="14/09/2018"/>
				<Field Name="Driver" Value="delst"/>
				<Field Name="SignatureName" Value="Elstner"/>
				<Field Name="DeliveryID" Value="Technik"/>
				<Field Name="Surname" Value=""/>
				<Field Name="Firstname" Value=""/>
				<Field Name="Address" Value=""/>
				<Field Name="Postcode" Value=""/>
				<Field Name="Signature" Value="C:\Nuance\MobileDemo\Home\WebCapture\WORK\f1595a56-a474-430b-8158-42ecdf30896f\Signature_201809140745031981.png"/>
				<Field Name="GPS" Value="53.59670352965771, 9.976401636589786"/>
				<Field Name="UserName" Value="delst"/>
				<Field Name="UserEmail" Value="daniel.elstner@konicaminolta.de"/>
				<Field Name="UserHomeFolder" Value="\\NUAN-MOBAD01\HOME\delst"/>
				<Field Name="FormName" Value="Delivery Acceptance"/>
				<Field Name="JobID" Value="183966595-64151-16948-188-173"/>
			</KnowledgeFields>
		</KnowledgeObject>
	</KnowledgeObjects>
</AutoStore>
