<?xml version="1.0" encoding="utf-8"?>
<AutoStore NSI_SIG2="1834BF83A9150EFBDFAB7B52CFF09845B5657141CECD59054ED7784C7FAD652E953E4CB470F96316C05EAF8EAC4ADE55">
	<Header Version="2" DateCreated="2018-10-29" TimeCreated="07:26:48" AUTHOR="" COMMENTS=""/>
	<KnowledgeObjects ObjID="1844288582-7931-17291-154-113">
		<KnowledgeObject ObjID="3858082462-65308-19897-168-58">
			<KnowledgeDocuments>
				<KnowledgeDocument Type="pdf" Name="CustomerIDLabels.pdf" ObjID="2791704367-28023-18914-137-98" DocRef="2579785776-42547-18929-139-147.dat"/>
				<KnowledgeDocument Type="png" Name="Signature_201810290726475495.png" ObjID="262101665-33006-18749-136-3" DocRef="1584685960-61249-17900-149-116.dat"/>
			</KnowledgeDocuments>
			<KnowledgeFields>
				<Field Name="RenameSchema" Value="Site HSE Report - London - 10/29/2018"/>
				<Field Name="Section" Value="Field Service"/>
				<Field Name="UserHomeFolder" Value="\\NUAN-MOBAD01\HOME\michael.dooley"/>
				<Field Name="UserEmail" Value="michael.dooley@m2.uk.com"/>
				<Field Name="UserName" Value="michael.dooley"/>
				<Field Name="FormName" Value="Site Health &amp; Safety Report"/>
				<Field Name="JobID" Value="3858082462-65308-19897-168-58"/>
				<Field Name="Job" Value="London"/>
				<Field Name="GPS" Value="51.5619578, 0.593989"/>
				<Field Name="ReportDate" Value="10/29/2018"/>
				<Field Name="Access" Value="Good"/>
				<Field Name="General" Value="Good"/>
				<Field Name="Tidiness" Value="Good"/>
				<Field Name="Lighting" Value="Average"/>
				<Field Name="Access1" Value="Average"/>
				<Field Name="Access2" Value="Average"/>
				<Field Name="FirstAid" Value="Good"/>
				<Field Name="Welfare" Value="Good"/>
				<Field Name="FIre" Value="Good"/>
				<Field Name="Compliance" Value="Good"/>
				<Field Name="Inductions" Value=""/>
				<Field Name="Incidents" Value="Yes"/>
				<Field Name="Work" Value="Yes"/>
				<Field Name="Plant" Value="Yes"/>
				<Field Name="PPE" Value="Yes"/>
				<Field Name="Comments" Value="Overall site in good order."/>
				<Field Name="CompletedBy" Value="John Smith"/>
				<Field Name="Position" Value="Foreman"/>
				<Field Name="Signature" Value="C:\Nuance\MobileDemo\Home\WebCapture\WORK\720c75ec-c06a-4ed4-baae-cc649fb38db4\Signature_201810290726475495.png"/>
			</KnowledgeFields>
		</KnowledgeObject>
	</KnowledgeObjects>
</AutoStore>
