<?xml version="1.0" encoding="utf-8"?>
<AutoStore NSI_SIG2="F30E7CE9F5CE8846B1394C18BDDB70B8E9A38E30E596DBE9F4B38F82DCB975C66E0893A53D1623A76489613A84B2354A">
	<Header Version="2" DateCreated="2018-02-06" TimeCreated="12:51:20" AUTHOR="" COMMENTS=""/>
	<KnowledgeObjects ObjID="942308839-53103-19803-181-206">
		<KnowledgeObject ObjID="2316433478-1145-16701-170-27">
			<KnowledgeDocuments>
				<KnowledgeDocument Type="pdf" Name="POD-Address Labels.pdf" ObjID="1484614124-37853-16707-144-21" DocRef="1771282128-20339-16663-159-145.dat"/>
			</KnowledgeDocuments>
			<KnowledgeFields>
				<Field Name="UserName" Value="canonch"/>
				<Field Name="UserEmail" Value="dominic.clancy@canon.ch"/>
				<Field Name="UserHomeFolder" Value="\\NUAN-MOBAD01\HOME\canonch"/>
				<Field Name="FormName" Value="Delivery Label Creation"/>
				<Field Name="DeliveryID" Value="1235"/>
				<Field Name="Surname" Value="Clancy"/>
				<Field Name="Forename" Value=""/>
				<Field Name="Address" Value=""/>
				<Field Name="PostCode" Value=""/>
				<Field Name="JobID" Value="2316433478-1145-16701-170-27"/>
			</KnowledgeFields>
		</KnowledgeObject>
	</KnowledgeObjects>
</AutoStore>
