<?xml version="1.0" encoding="utf-8"?>
<AutoStore NSI_SIG2="88B9379E53BEE10E69C10FEF632EA06D3C9DADF7A2C46DF9FFE744D7A8D12774119274928646EACD58B6A9BF5736B4DE">
	<Header Version="2" DateCreated="2018-04-26" TimeCreated="11:34:59" AUTHOR="" COMMENTS=""/>
	<KnowledgeObjects ObjID="4213199393-18525-20304-133-71">
		<KnowledgeObject ObjID="979655697-43707-18620-169-231">
			<KnowledgeDocuments>
				<KnowledgeDocument Type="pdf" Name="AdobeOnlineServicesAgreement_Combined-20080505-1.pdf" ObjID="2953066815-13395-16708-171-184" DocRef="3648428716-8014-17151-134-135.dat"/>
				<KnowledgeDocument Type="png" Name="Signature_201804261134531995.png" ObjID="1303081757-7036-19914-186-137" DocRef="1566566854-63246-16563-149-107.dat"/>
			</KnowledgeDocuments>
			<KnowledgeFields>
				<Field Name="DeliveryTime" Value="11:34"/>
				<Field Name="DeliveryDate" Value="26/04/2018"/>
				<Field Name="Driver" Value="xodice"/>
				<Field Name="SignatureName" Value="Mister Nicholas g parillo"/>
				<Field Name="DeliveryID" Value="http://www.vermontrxcard.com/index.php"/>
				<Field Name="Surname" Value=""/>
				<Field Name="Firstname" Value=""/>
				<Field Name="Address" Value=""/>
				<Field Name="Postcode" Value=""/>
				<Field Name="Signature" Value="C:\Nuance\MobileDemo\Home\WebCapture\WORK\96a594d9-7426-454e-ab04-7e22d1f5a118\Signature_201804261134531995.png"/>
				<Field Name="GPS" Value="43.29971328779335, -72.47399716576241"/>
				<Field Name="UserName" Value="xodice"/>
				<Field Name="UserEmail" Value="Nparillo@ssdvermont.com"/>
				<Field Name="UserHomeFolder" Value="\\NUAN-MOBAD01\HOME\Xodice"/>
				<Field Name="FormName" Value="Delivery Acceptance"/>
				<Field Name="JobID" Value="979655697-43707-18620-169-231"/>
			</KnowledgeFields>
		</KnowledgeObject>
	</KnowledgeObjects>
</AutoStore>
