<?xml version="1.0" encoding="utf-8"?>
<AutoStore NSI_SIG2="2BED4F46D0A4494EF65BFD41DC88B0C275F16E6073E8056EE9934380B2C3409D2EBEC343C5CFB97D012F6E232A5C98C2">
	<Header Version="2" DateCreated="2018-03-22" TimeCreated="23:48:10" AUTHOR="" COMMENTS=""/>
	<KnowledgeObjects ObjID="3512540068-11459-16750-178-165">
		<KnowledgeObject ObjID="2591046962-47096-18039-144-92">
			<KnowledgeDocuments>
				<KnowledgeDocument Type="pdf" Name="Patient ID Labels.pdf" ObjID="1906189291-8546-18922-182-118" DocRef="3578726058-5429-16925-133-81.dat"/>
				<KnowledgeDocument Type="pdf" Name="Blood Bag ID Labels.pdf" ObjID="1580497788-55143-19192-170-102" DocRef="2109886611-62560-20283-139-163.dat"/>
				<KnowledgeDocument Type="pdf" Name="Machine ID Labels.pdf" ObjID="50509775-15386-16631-168-211" DocRef="1433492251-48620-20188-137-221.dat"/>
				<KnowledgeDocument Type="pdf" Name="gd-nuance-business-connect-demo-setup-en-us.pdf" ObjID="3197258711-16856-17010-135-38" DocRef="2597149141-5972-18497-164-149.dat"/>
			</KnowledgeDocuments>
			<KnowledgeFields>
				<Field Name="DocClass" Value="Not Found"/>
				<Field Name="UserName" Value="buxaozip007"/>
				<Field Name="UserEmail" Value="escritorio.tf2017@gmail.com"/>
				<Field Name="UserHomeFolder" Value="\\NUAN-MOBAD01\HOME\buxaozip007"/>
				<Field Name="FormName" Value="Classification Example"/>
				<Field Name="JobID" Value="2591046962-47096-18039-144-92"/>
				<Field Name="Section" Value="Security and GDPR"/>
				<Field Name="RequestType" Value="Email"/>
			</KnowledgeFields>
		</KnowledgeObject>
	</KnowledgeObjects>
</AutoStore>
