<?xml version="1.0" encoding="utf-8"?>
<AutoStore NSI_SIG2="60B618C3CE6209E051A3F94B501D1CCCC6D46404E76CA2F6BFE4B1A70B70EEE395443B9F7AC87A0DF4CF3F0212C2CF66">
	<Header Version="2" DateCreated="2017-12-17" TimeCreated="21:18:48" AUTHOR="" COMMENTS=""/>
	<KnowledgeObjects ObjID="3322619052-26623-19683-148-182">
		<KnowledgeObject ObjID="2966619334-40085-19161-169-185">
			<KnowledgeDocuments>
				<KnowledgeDocument Type="png" Name="Signed_201712172118481509.png" ObjID="3923570215-9723-19193-146-129" DocRef="1921632438-13219-17256-136-102.dat"/>
			</KnowledgeDocuments>
			<KnowledgeFields>
				<Field Name="JobID" Value="2966619334-40085-19161-169-185"/>
				<Field Name="FormName" Value="Submit TimeSheet"/>
				<Field Name="UserHomeFolder" Value="\\NUAN-MOBAD01\HOME\jabbawoni"/>
				<Field Name="UserEmail" Value="larry.retherford@nuance.com"/>
				<Field Name="UserName" Value="jabbawoni"/>
				<Field Name="Submitted" Value="17-12-2017"/>
				<Field Name="TotalHours" Value=""/>
				<Field Name="TimeSheetID" Value="0000051"/>
				<Field Name="WeekEnding" Value="17-12-2017"/>
				<Field Name="MonStart" Value=""/>
				<Field Name="MonEnd" Value=""/>
				<Field Name="MonHours" Value=""/>
				<Field Name="TueStart" Value=""/>
				<Field Name="TueEnd" Value=""/>
				<Field Name="TueHours" Value=""/>
				<Field Name="WedStart" Value=""/>
				<Field Name="WedEnd" Value=""/>
				<Field Name="WedHours" Value=""/>
				<Field Name="ThuStart" Value=""/>
				<Field Name="ThuEnd" Value=""/>
				<Field Name="ThuHours" Value=""/>
				<Field Name="FriStart" Value=""/>
				<Field Name="FriEnd" Value=""/>
				<Field Name="FriHours" Value=""/>
				<Field Name="ContractorID" Value="jabbawoni"/>
				<Field Name="Signature" Value="C:\Nuance\MobileDemo\Home\WebCapture\WORK\145a41aa-5fe7-4123-8275-3b4802c50f8e\Signed_201712172118481509.png"/>
				<Field Name="ContractorName" Value="~WCC::User,%displayName%~"/>
			</KnowledgeFields>
		</KnowledgeObject>
	</KnowledgeObjects>
</AutoStore>
