<?xml version="1.0" encoding="utf-8"?>
<AutoStore NSI_SIG2="8995554C2685FA3375E8C58E132BF0E44B982959937C89860C9114E1A83583A954D3199010A6D4128ACAB225E43DC5E8">
	<Header Version="2" DateCreated="2018-01-05" TimeCreated="10:45:26" AUTHOR="" COMMENTS=""/>
	<KnowledgeObjects ObjID="2294742286-20651-17850-190-34">
		<KnowledgeObject ObjID="460887888-21788-19655-164-127">
			<KnowledgeDocuments>
				<KnowledgeDocument Type="TXT" Name="Patient - Jimenez_Modesto.TXT" ObjID="2526256408-12168-19674-186-38" DocRef="1757006300-50534-19379-171-222.dat"/>
			</KnowledgeDocuments>
			<KnowledgeFields>
				<Field Name="Section" Value="Healthcare\Patient Registration"/>
				<Field Name="JobID" Value="460887888-21788-19655-164-127"/>
				<Field Name="FormName" Value="New Patient Admittance"/>
				<Field Name="UserHomeFolder" Value="\\NUAN-MOBAD01\HOME\modesto@mhermida.com"/>
				<Field Name="UserEmail" Value="modesto@mhermida.com"/>
				<Field Name="UserName" Value="modesto@mhermida.com"/>
				<Field Name="RenameSchema" Value="Patient - Jimenez_Modesto"/>
				<Field Name="Forename" Value="Modesto"/>
				<Field Name="Surname" Value="Jimenez"/>
				<Field Name="SSN" Value="123456789"/>
				<Field Name="Street" Value="Plaza España 1"/>
				<Field Name="City" Value="Fuenlabrada"/>
				<Field Name="State" Value="España"/>
				<Field Name="ZIP" Value="28941"/>
				<Field Name="Reason" Value="Dolor abdominal"/>
			</KnowledgeFields>
		</KnowledgeObject>
	</KnowledgeObjects>
</AutoStore>
