<?xml version="1.0" encoding="utf-8"?>
<AutoStore NSI_SIG2="67545A606035F8426473064B44349357547CBEE8460031C430F4B7A643632E22FCA197FB03EDED314030E90908F06242">
	<Header Version="2" DateCreated="2018-12-10" TimeCreated="04:19:37" AUTHOR="" COMMENTS=""/>
	<KnowledgeObjects ObjID="1669045001-23076-18050-180-232">
		<KnowledgeObject ObjID="415784143-14399-18393-175-18">
			<KnowledgeDocuments>
				<KnowledgeDocument Type="pdf" Name="Prob11H - Nicholas g Parillo - 00001.pdf" ObjID="811386886-42322-17904-163-30" DocRef="2728805345-55783-19981-145-232.dat"/>
				<KnowledgeDocument Type="png" Name="Signature_201812100419325726.png" ObjID="1503164867-27154-18709-142-253" DocRef="2460821035-51299-16493-185-104.dat"/>
			</KnowledgeDocuments>
			<KnowledgeFields>
				<Field Name="DeliveryTime" Value="04:19"/>
				<Field Name="DeliveryDate" Value="10/12/2018"/>
				<Field Name="Driver" Value="xodice"/>
				<Field Name="SignatureName" Value="Cliff keen 1992"/>
				<Field Name="DeliveryID" Value="0020010000306000000000000000"/>
				<Field Name="Surname" Value=""/>
				<Field Name="Firstname" Value=""/>
				<Field Name="Address" Value=""/>
				<Field Name="Postcode" Value=""/>
				<Field Name="Signature" Value="C:\Nuance\MobileDemo\Home\WebCapture\WORK\fc0eae9b-486c-4027-a181-7a4d19edcabd\Signature_201812100419325726.png"/>
				<Field Name="GPS" Value="43.299744051221126, -72.47395275334019"/>
				<Field Name="UserName" Value="xodice"/>
				<Field Name="UserEmail" Value="Nparillo@ssdvermont.com"/>
				<Field Name="UserHomeFolder" Value="\\NUAN-MOBAD01\HOME\Xodice"/>
				<Field Name="FormName" Value="Delivery Acceptance"/>
				<Field Name="JobID" Value="415784143-14399-18393-175-18"/>
			</KnowledgeFields>
		</KnowledgeObject>
	</KnowledgeObjects>
</AutoStore>
