<?xml version="1.0" encoding="utf-8"?>
<AutoStore NSI_SIG2="EB7FA765633B4354DF0E880B7EC501575A1A1FDCE71097B8CEA50F2186EDCC82C97C5D66E379BD57142230BA62C2F5B2">
	<Header Version="2" DateCreated="2018-01-16" TimeCreated="16:38:43" AUTHOR="" COMMENTS=""/>
	<KnowledgeObjects ObjID="1403148607-43919-18716-133-173">
		<KnowledgeObject ObjID="3218479772-28537-20326-160-233">
			<KnowledgeDocuments>
				<KnowledgeDocument Type="jpg" Name="cdv_photo_004.jpg" ObjID="2369286889-56078-18600-156-18" DocRef="4225264633-16012-18627-184-24.dat"/>
			</KnowledgeDocuments>
			<KnowledgeFields>
				<Field Name="WitnessMobile2" Value=""/>
				<Field Name="WitnessPhone2" Value=""/>
				<Field Name="WitnessAddress2" Value=""/>
				<Field Name="WitnessName2" Value=""/>
				<Field Name="WitnessMobile1" Value=""/>
				<Field Name="WitnessPhone1" Value=""/>
				<Field Name="WitnessAddress1" Value=""/>
				<Field Name="WitnessName1" Value=""/>
				<Field Name="OtherInfor" Value=""/>
				<Field Name="BadgeNumber" Value=""/>
				<Field Name="Phone" Value=""/>
				<Field Name="Department" Value=""/>
				<Field Name="OfficerName" Value=""/>
				<Field Name="OtherInjuries" Value=""/>
				<Field Name="OtherPassenger" Value=""/>
				<Field Name="YourInjuries" Value=""/>
				<Field Name="YourPassengers" Value=""/>
				<Field Name="OtherDriverPhone" Value=""/>
				<Field Name="OtherDriverAddress" Value=""/>
				<Field Name="OtherDriverName" Value=""/>
				<Field Name="InsuranceCompany" Value=""/>
				<Field Name="Registration" Value=""/>
				<Field Name="VehicleColour" Value=""/>
				<Field Name="VehicleModel" Value=""/>
				<Field Name="VehicleMake" Value=""/>
				<Field Name="OwnerPhone" Value=""/>
				<Field Name="OwnerAddress" Value=""/>
				<Field Name="OwnerName" Value=""/>
				<Field Name="OtherRecovery" Value=""/>
				<Field Name="OtherVehicleDamage" Value=""/>
				<Field Name="YourRecovery" Value=""/>
				<Field Name="YourVehicleDamage" Value=""/>
				<Field Name="AccidentDetails" Value="Fffffg gghh"/>
				<Field Name="Location" Value="50 Daffodil Cl, Hatfield AL10 9FF, UK"/>
				<Field Name="Conditions" Value="Sunny"/>
				<Field Name="AccidentTime" Value="13.56"/>
				<Field Name="AccidentDate" Value="1/16/2018"/>
				<Field Name="FileCount" Value="1"/>
				<Field Name="RenameSchema" Value="Accident Form - 1/16/2018 13.56"/>
				<Field Name="Section" Value="Insurance and Financial Services"/>
				<Field Name="UserHomeFolder" Value="\\NUAN-MOBAD01\HOME\ian.dixon"/>
				<Field Name="UserEmail" Value="ian.dixon100@gmail.com"/>
				<Field Name="UserName" Value="ian.dixon"/>
				<Field Name="FormName" Value="Accident Damage Report"/>
				<Field Name="JobID" Value="3218479772-28537-20326-160-233"/>
			</KnowledgeFields>
		</KnowledgeObject>
	</KnowledgeObjects>
</AutoStore>
