<?xml version="1.0" encoding="utf-8"?>
<AutoStore NSI_SIG2="C8CD035AF7312DBE922510EFC01D5FB67411D363E97D2F1E03F0321D5E367285CEA788D89CB3C257B8D24D4AF14E6BD0">
	<Header Version="2" DateCreated="2018-03-29" TimeCreated="12:58:59" AUTHOR="" COMMENTS=""/>
	<KnowledgeObjects ObjID="3112998422-20002-19400-138-220">
		<KnowledgeObject ObjID="1060766009-22107-16999-147-46">
			<KnowledgeDocuments>
				<KnowledgeDocument Type="png" Name="Sketch_201803291258589908.png" ObjID="2788127712-11783-18191-146-229" DocRef="1464475827-45240-18860-133-246.dat"/>
			</KnowledgeDocuments>
			<KnowledgeFields>
				<Field Name="WitnessMobile2" Value=""/>
				<Field Name="WitnessPhone2" Value=""/>
				<Field Name="WitnessAddress2" Value=""/>
				<Field Name="WitnessName2" Value=""/>
				<Field Name="WitnessMobile1" Value=""/>
				<Field Name="WitnessPhone1" Value=""/>
				<Field Name="WitnessAddress1" Value=""/>
				<Field Name="WitnessName1" Value=""/>
				<Field Name="OtherInfor" Value=""/>
				<Field Name="BadgeNumber" Value=""/>
				<Field Name="Phone" Value=""/>
				<Field Name="Department" Value=""/>
				<Field Name="OfficerName" Value=""/>
				<Field Name="OtherInjuries" Value=""/>
				<Field Name="OtherPassenger" Value=""/>
				<Field Name="YourInjuries" Value=""/>
				<Field Name="YourPassengers" Value=""/>
				<Field Name="OtherDriverPhone" Value=""/>
				<Field Name="OtherDriverAddress" Value=""/>
				<Field Name="OtherDriverName" Value=""/>
				<Field Name="InsuranceCompany" Value=""/>
				<Field Name="Registration" Value=""/>
				<Field Name="VehicleColour" Value=""/>
				<Field Name="VehicleModel" Value=""/>
				<Field Name="VehicleMake" Value=""/>
				<Field Name="OwnerPhone" Value=""/>
				<Field Name="OwnerAddress" Value=""/>
				<Field Name="OwnerName" Value=""/>
				<Field Name="OtherRecovery" Value=""/>
				<Field Name="OtherVehicleDamage" Value=""/>
				<Field Name="YourRecovery" Value="34"/>
				<Field Name="YourVehicleDamage" Value="24"/>
				<Field Name="AccidentDetails" Value="Jdjdj"/>
				<Field Name="Location" Value="Ouargla, Algerien"/>
				<Field Name="Conditions" Value="Rain"/>
				<Field Name="AccidentTime" Value="6pm"/>
				<Field Name="AccidentDate" Value="3/5/2018"/>
				<Field Name="FileCount" Value="1"/>
				<Field Name="RenameSchema" Value="Accident Form - 3/5/2018 6pm"/>
				<Field Name="Section" Value="Insurance and Financial Services"/>
				<Field Name="UserHomeFolder" Value="\\NUAN-MOBAD01\HOME\baierla"/>
				<Field Name="UserEmail" Value="andreas.baierl@canon.ch"/>
				<Field Name="UserName" Value="baierla"/>
				<Field Name="FormName" Value="Accident Damage Report"/>
				<Field Name="JobID" Value="1060766009-22107-16999-147-46"/>
			</KnowledgeFields>
		</KnowledgeObject>
	</KnowledgeObjects>
</AutoStore>
