<?xml version="1.0" encoding="utf-8"?>
<AutoStore NSI_SIG2="09E31E3378E02C3EDD792FCFCD79F46C77B490F152F716B9F9EA43CA1DDAEB6E25AC0E0529FC0E696936938359D1D254">
	<Header Version="2" DateCreated="2018-02-05" TimeCreated="14:56:01" AUTHOR="" COMMENTS=""/>
	<KnowledgeObjects ObjID="646783645-39075-17056-153-86">
		<KnowledgeObject ObjID="1738779472-25955-17761-135-30">
			<KnowledgeDocuments>
				<KnowledgeDocument Type="TXT" Name="TimeSheet.TXT" ObjID="2884571870-32724-19056-155-228" DocRef="1233527994-17336-20153-182-166.dat"/>
			</KnowledgeDocuments>
			<KnowledgeFields>
				<Field Name="ContractorName" Value="jerrymarley jerrymarley"/>
				<Field Name="Signature" Value=""/>
				<Field Name="ContractorID" Value="jerrymarley"/>
				<Field Name="FriHours" Value=""/>
				<Field Name="FriEnd" Value=""/>
				<Field Name="FriStart" Value=""/>
				<Field Name="ThuHours" Value=""/>
				<Field Name="ThuEnd" Value=""/>
				<Field Name="ThuStart" Value=""/>
				<Field Name="WedHours" Value=""/>
				<Field Name="WedEnd" Value=""/>
				<Field Name="WedStart" Value=""/>
				<Field Name="TueHours" Value=""/>
				<Field Name="TueEnd" Value=""/>
				<Field Name="TueStart" Value=""/>
				<Field Name="MonHours" Value=""/>
				<Field Name="MonEnd" Value=""/>
				<Field Name="MonStart" Value=""/>
				<Field Name="WeekEnding" Value="05-02-2018"/>
				<Field Name="TimeSheetID" Value="0000077"/>
				<Field Name="TotalHours" Value=""/>
				<Field Name="Submitted" Value="05-02-2018"/>
				<Field Name="UserName" Value="jerrymarley"/>
				<Field Name="UserEmail" Value="jerry@nuance.com"/>
				<Field Name="UserHomeFolder" Value="\\NUAN-MOBAD01\HOME\jerrymarley"/>
				<Field Name="FormName" Value="Submit TimeSheet"/>
				<Field Name="JobID" Value="1738779472-25955-17761-135-30"/>
			</KnowledgeFields>
		</KnowledgeObject>
	</KnowledgeObjects>
</AutoStore>
