<?xml version="1.0" encoding="utf-8"?>
<AutoStore NSI_SIG2="CC9C471819B1FEB12307494384059DBB03D97BD51583D5B7AF103F69D32056DCF17B0993772362AE2A158500836186A0">
	<Header Version="2" DateCreated="2019-01-07" TimeCreated="02:36:24" AUTHOR="" COMMENTS=""/>
	<KnowledgeObjects ObjID="4230191216-38326-18357-134-126">
		<KnowledgeObject ObjID="560651207-56454-16593-134-161">
			<KnowledgeDocuments>
				<KnowledgeDocument Type="pdf" Name="ChiaHongvsFacebookcomplaint-1.pdf" ObjID="3766477667-13471-17331-186-20" DocRef="1390702610-37614-19125-168-161.dat"/>
				<KnowledgeDocument Type="png" Name="Signature_201901070236154004.png" ObjID="2770456353-14079-18041-188-203" DocRef="1284661543-61190-16861-133-218.dat"/>
			</KnowledgeDocuments>
			<KnowledgeFields>
				<Field Name="DeliveryTime" Value="02:36"/>
				<Field Name="DeliveryDate" Value="07/01/2019"/>
				<Field Name="Driver" Value="xodice"/>
				<Field Name="SignatureName" Value="Cliff keen 1992"/>
				<Field Name="DeliveryID" Value="5208004147447"/>
				<Field Name="Surname" Value=""/>
				<Field Name="Firstname" Value=""/>
				<Field Name="Address" Value=""/>
				<Field Name="Postcode" Value=""/>
				<Field Name="Signature" Value="C:\Nuance\MobileDemo\Home\WebCapture\WORK\f3f6779c-aea8-41bb-8d2d-281cf77e4aca\Signature_201901070236154004.png"/>
				<Field Name="GPS" Value="43.29964323745076, -72.47389984711579"/>
				<Field Name="UserName" Value="xodice"/>
				<Field Name="UserEmail" Value="Nparillo@ssdvermont.com"/>
				<Field Name="UserHomeFolder" Value="\\NUAN-MOBAD01\HOME\Xodice"/>
				<Field Name="FormName" Value="Delivery Acceptance"/>
				<Field Name="JobID" Value="560651207-56454-16593-134-161"/>
			</KnowledgeFields>
		</KnowledgeObject>
	</KnowledgeObjects>
</AutoStore>
