<?xml version="1.0" encoding="utf-8"?>
<AutoStore NSI_SIG2="CD7C22F2DA6582A73BE118ADCD121F590276F541120FAFCD182FC973DE65F85ED199ED337FCF2F0E418224A67F54BCBE">
	<Header Version="2" DateCreated="2018-05-21" TimeCreated="10:20:36" AUTHOR="" COMMENTS=""/>
	<KnowledgeObjects ObjID="2152943000-25128-16801-162-64">
		<KnowledgeObject ObjID="2117635120-29829-19422-187-181">
			<KnowledgeDocuments>
				<KnowledgeDocument Type="png" Name="Signature_201805211020358199.png" ObjID="2893718822-64385-19778-150-197" DocRef="2726457488-1629-19455-153-28.dat"/>
			</KnowledgeDocuments>
			<KnowledgeFields>
				<Field Name="RenameSchema" Value="Site HSE Report - Little Lever - 5/21/2018"/>
				<Field Name="Section" Value="Field Service"/>
				<Field Name="UserHomeFolder" Value="\\NUAN-MOBAD01\HOME\JCHNuance"/>
				<Field Name="UserEmail" Value="jch@nuance.com"/>
				<Field Name="UserName" Value="jchnuance"/>
				<Field Name="FormName" Value="Site Health &amp; Safety Report"/>
				<Field Name="JobID" Value="2117635120-29829-19422-187-181"/>
				<Field Name="Job" Value="Little Lever"/>
				<Field Name="GPS" Value="53.56528946801816, -2.3697594613856663"/>
				<Field Name="ReportDate" Value="5/21/2018"/>
				<Field Name="Access" Value="Good"/>
				<Field Name="General" Value="Average"/>
				<Field Name="Tidiness" Value="Poor"/>
				<Field Name="Lighting" Value="Unacceptable"/>
				<Field Name="Access1" Value="Average"/>
				<Field Name="Access2" Value="Excellent"/>
				<Field Name="FirstAid" Value="Good"/>
				<Field Name="Welfare" Value="Excellent"/>
				<Field Name="FIre" Value="Good"/>
				<Field Name="Compliance" Value="Unacceptable"/>
				<Field Name="Inductions" Value="Yes"/>
				<Field Name="Incidents" Value="Yes"/>
				<Field Name="Work" Value="No"/>
				<Field Name="Plant" Value="Yes"/>
				<Field Name="PPE" Value="Yes"/>
				<Field Name="Comments" Value=""/>
				<Field Name="CompletedBy" Value="John"/>
				<Field Name="Position" Value="Bdm"/>
				<Field Name="Signature" Value="C:\Nuance\MobileDemo\Home\WebCapture\WORK\8f353e07-0246-4e53-9c19-bbc987cfa396\Signature_201805211020358199.png"/>
			</KnowledgeFields>
		</KnowledgeObject>
	</KnowledgeObjects>
</AutoStore>
