<?xml version="1.0" encoding="utf-8"?>
<AutoStore NSI_SIG2="7E3181C76E36BAD09744453001208D879F7C5B8DFD8488D55BD77662517B595B20AC3DC7F9CB89B09041D25FF0CBB1C0">
	<Header Version="2" DateCreated="2020-04-17" TimeCreated="07:55:12" AUTHOR="" COMMENTS=""/>
	<KnowledgeObjects ObjID="2935762807-62963-18139-157-193">
		<KnowledgeObject ObjID="3142736143-26632-18711-151-0">
			<KnowledgeDocuments>
				<KnowledgeDocument Type="jpg" Name="1587135295691.jpg" ObjID="1363167962-3912-16567-136-228" DocRef="2275136556-22545-19199-147-144.dat"/>
				<KnowledgeDocument Type="png" Name="Sketch_202004170755121855.png" ObjID="1053099678-54429-20000-190-214" DocRef="845618574-7124-16918-176-244.dat"/>
			</KnowledgeDocuments>
			<KnowledgeFields>
				<Field Name="WitnessMobile2" Value=""/>
				<Field Name="WitnessPhone2" Value=""/>
				<Field Name="WitnessAddress2" Value=""/>
				<Field Name="WitnessName2" Value=""/>
				<Field Name="WitnessMobile1" Value=""/>
				<Field Name="WitnessPhone1" Value=""/>
				<Field Name="WitnessAddress1" Value=""/>
				<Field Name="WitnessName1" Value=""/>
				<Field Name="OtherInfor" Value=""/>
				<Field Name="BadgeNumber" Value=""/>
				<Field Name="Phone" Value=""/>
				<Field Name="Department" Value=""/>
				<Field Name="OfficerName" Value=""/>
				<Field Name="OtherInjuries" Value=""/>
				<Field Name="OtherPassenger" Value=""/>
				<Field Name="YourInjuries" Value=""/>
				<Field Name="YourPassengers" Value=""/>
				<Field Name="OtherDriverPhone" Value=""/>
				<Field Name="OtherDriverAddress" Value=""/>
				<Field Name="OtherDriverName" Value=""/>
				<Field Name="InsuranceCompany" Value=""/>
				<Field Name="Registration" Value=""/>
				<Field Name="VehicleColour" Value=""/>
				<Field Name="VehicleModel" Value=""/>
				<Field Name="VehicleMake" Value=""/>
				<Field Name="OwnerPhone" Value=""/>
				<Field Name="OwnerAddress" Value=""/>
				<Field Name="OwnerName" Value=""/>
				<Field Name="OtherRecovery" Value=""/>
				<Field Name="OtherVehicleDamage" Value=""/>
				<Field Name="YourRecovery" Value=""/>
				<Field Name="YourVehicleDamage" Value=""/>
				<Field Name="AccidentDetails" Value=""/>
				<Field Name="Location" Value="1192 Wingwood Trail, Batavia, OH 45103, USA"/>
				<Field Name="Conditions" Value="Wet"/>
				<Field Name="AccidentTime" Value="9am"/>
				<Field Name="AccidentDate" Value="4/16/2020"/>
				<Field Name="FileCount" Value="2"/>
				<Field Name="RenameSchema" Value="Accident Form - 4/16/2020 9am"/>
				<Field Name="Section" Value="Insurance and Financial Services"/>
				<Field Name="UserHomeFolder" Value="\\US01VMBCMD01\HOME\ttreinen"/>
				<Field Name="UserEmail" Value="toddt@cinci.rr.com"/>
				<Field Name="UserName" Value="ttreinen"/>
				<Field Name="FormName" Value="Accident Damage Report"/>
				<Field Name="JobID" Value="3142736143-26632-18711-151-0"/>
			</KnowledgeFields>
		</KnowledgeObject>
	</KnowledgeObjects>
</AutoStore>
