<?xml version="1.0" encoding="utf-8"?>
<AutoStore NSI_SIG2="30E90E44B3EC7C954AB7DB91ADF8679F3B33D89E0869AA5B90D43048A67BB608BF856584C0B8F1E18CFA7088C33FB70C">
	<Header Version="2" DateCreated="2018-03-08" TimeCreated="10:22:31" AUTHOR="" COMMENTS=""/>
	<KnowledgeObjects ObjID="1371014091-33661-18050-179-24">
		<KnowledgeObject ObjID="485680580-8621-19076-128-222">
			<KnowledgeDocuments>
				<KnowledgeDocument Type="pdf" Name="6.pdf" ObjID="496384847-9491-18405-161-151" DocRef="4196511056-16242-16940-129-8.dat"/>
				<KnowledgeDocument Type="pdf" Name="9.pdf" ObjID="3440537950-29836-17931-167-223" DocRef="1205360189-10372-16976-135-225.dat"/>
				<KnowledgeDocument Type="pdf" Name="11.pdf" ObjID="105669355-18082-17634-164-206" DocRef="640539708-40129-16620-148-242.dat"/>
			</KnowledgeDocuments>
			<KnowledgeFields>
				<Field Name="AW" Value="Yes"/>
				<Field Name="QC" Value="No"/>
				<Field Name="WC" Value="Yes"/>
				<Field Name="AX" Value="No"/>
				<Field Name="AC" Value="No"/>
				<Field Name="OF" Value="Yes"/>
				<Field Name="BC" Value="No"/>
				<Field Name="OM" Value="No"/>
				<Field Name="SC" Value="No"/>
				<Field Name="EQ" Value="No"/>
				<Field Name="EC" Value="No"/>
				<Field Name="UserName" Value="jchnuance"/>
				<Field Name="UserHomeFolder" Value="\\NUAN-MOBAD01\HOME\JCHNuance"/>
				<Field Name="UserEmail" Value="jch@nuance.com"/>
				<Field Name="FormName" Value="Information Request"/>
				<Field Name="JobID" Value="485680580-8621-19076-128-222"/>
				<Field Name="Fullname" Value="John"/>
				<Field Name="JobTitle" Value="Cbdm"/>
				<Field Name="Company" Value="Nuance"/>
				<Field Name="EmailAddress" Value="Jch@nuance.com"/>
				<Field Name="PhoneNumber" Value="11"/>
				<Field Name="MobileNumber" Value="11"/>
				<Field Name="Consent" Value="1"/>
				<Field Name="Products" Value="6;9;11"/>
				<Field Name="Section" Value="Sales\Information Request"/>
			</KnowledgeFields>
		</KnowledgeObject>
	</KnowledgeObjects>
</AutoStore>
