<?xml version="1.0" encoding="utf-8"?>
<AutoStore NSI_SIG2="FE6B84A85ED82A474EC9FDAF2DA59FFE55F07CB9B82446DB0464E678A44AFA4821155E3DCD8832A835D278B088040B74">
	<Header Version="2" DateCreated="2018-12-10" TimeCreated="15:00:56" AUTHOR="" COMMENTS=""/>
	<KnowledgeObjects ObjID="3806379852-19814-16696-186-117">
		<KnowledgeObject ObjID="2427848181-42245-17599-191-43">
			<KnowledgeDocuments>
				<KnowledgeDocument Type="htm" Name="Captured File - 00001.htm" ObjID="4254651912-37436-16941-142-34" DocRef="2739205567-62004-16906-134-236.dat"/>
				<KnowledgeDocument Type="png" Name="Signature_201812101500520852.png" ObjID="76494752-13031-19900-154-144" DocRef="82119086-61695-19150-174-11.dat"/>
			</KnowledgeDocuments>
			<KnowledgeFields>
				<Field Name="DeliveryTime" Value="15:00"/>
				<Field Name="DeliveryDate" Value="10/12/2018"/>
				<Field Name="Driver" Value="xodice"/>
				<Field Name="SignatureName" Value="Cliff keen 1992"/>
				<Field Name="DeliveryID" Value="0020010000306000000000000000"/>
				<Field Name="Surname" Value=""/>
				<Field Name="Firstname" Value=""/>
				<Field Name="Address" Value=""/>
				<Field Name="Postcode" Value=""/>
				<Field Name="Signature" Value="C:\Nuance\MobileDemo\Home\WebCapture\WORK\cbeff790-6c41-4b89-9208-1aae33533c47\Signature_201812101500520852.png"/>
				<Field Name="GPS" Value="43.29965041631558, -72.47371752525571"/>
				<Field Name="UserName" Value="xodice"/>
				<Field Name="UserEmail" Value="Nparillo@ssdvermont.com"/>
				<Field Name="UserHomeFolder" Value="\\NUAN-MOBAD01\HOME\Xodice"/>
				<Field Name="FormName" Value="Delivery Acceptance"/>
				<Field Name="JobID" Value="2427848181-42245-17599-191-43"/>
			</KnowledgeFields>
		</KnowledgeObject>
	</KnowledgeObjects>
</AutoStore>
