<?xml version="1.0" encoding="utf-8"?>
<AutoStore NSI_SIG2="4B42C941E1649586942664D6C343217D1951B4136C07E1D28FAD64EB1EC7469DB83811EF91D187B41AAB55E514A7C156">
	<Header Version="2" DateCreated="2017-12-13" TimeCreated="12:07:12" AUTHOR="" COMMENTS=""/>
	<KnowledgeObjects ObjID="591283776-44875-18140-188-123">
		<KnowledgeObject ObjID="3720999255-22416-19214-166-181">
			<KnowledgeDocuments>
				<KnowledgeDocument Type="png" Name="Signature_201712131207112812.png" ObjID="326491845-46620-18659-131-188" DocRef="111516428-42003-17662-182-65.dat"/>
			</KnowledgeDocuments>
			<KnowledgeFields>
				<Field Name="JobID" Value="3720999255-22416-19214-166-181"/>
				<Field Name="FormName" Value="Standing Order Amendment Form"/>
				<Field Name="UserName" Value="jch"/>
				<Field Name="UserEmail" Value="jch@ndi-demo.local"/>
				<Field Name="UserHomeFolder" Value="\\AS-OF360\Users\JCH"/>
				<Field Name="Section" Value="Insurance and Financial Services"/>
				<Field Name="RenameSchema" Value="SO Amendment - 91-01-89 - 89766534"/>
				<Field Name="FileCount" Value="1"/>
				<Field Name="Fullname" Value="The Little Company Limited"/>
				<Field Name="Sortcode" Value="91-01-89"/>
				<Field Name="Account" Value="89766534"/>
				<Field Name="ContactPhone" Value="07469154920"/>
				<Field Name="BranchName" Value="Bolton"/>
				<Field Name="Type" Value="SO"/>
				<Field Name="Amount" Value="150.00"/>
				<Field Name="RecipentsName" Value="Waste Management Co Ltd"/>
				<Field Name="PayReference" Value="BL123221"/>
				<Field Name="SOReference" Value="Waste Man"/>
				<Field Name="SortCode2" Value=""/>
				<Field Name="Account2" Value=""/>
				<Field Name="NewPayRef" Value=""/>
				<Field Name="NewRecName" Value=""/>
				<Field Name="NewRecBank" Value=""/>
				<Field Name="NewRecSortCode" Value=""/>
				<Field Name="NewRecAccount" Value=""/>
				<Field Name="NewAmount" Value="175.00"/>
				<Field Name="NextDueDate" Value=""/>
				<Field Name="FinalAmount" Value=""/>
				<Field Name="FinalDate" Value=""/>
				<Field Name="Frequency" Value="3"/>
				<Field Name="Instructions" Value=""/>
			</KnowledgeFields>
		</KnowledgeObject>
	</KnowledgeObjects>
</AutoStore>
