<?xml version="1.0" encoding="utf-8"?>
<AutoStore NSI_SIG2="2956519AB9F818C0BC27113B35DC7422FFCBCB2D800455C2296AC35728BE25881F3DC5674AB3286F7F2BFAF225970BC4">
	<Header Version="2" DateCreated="2020-03-05" TimeCreated="13:21:36" AUTHOR="" COMMENTS=""/>
	<KnowledgeObjects ObjID="4004223023-56655-16852-153-49">
		<KnowledgeObject ObjID="1221296947-5019-17966-173-126">
			<KnowledgeDocuments>
				<KnowledgeDocument Type="pdf" Name="POD_1234567890_1.pdf" ObjID="2218359156-3730-20251-164-163" DocRef="3022933770-21946-19951-189-145.dat"/>
			</KnowledgeDocuments>
			<KnowledgeFields>
				<Field Name="Section" Value="Sales\Scanning Analysis"/>
				<Field Name="UserHomeFolder" Value="\\US01VMBCMD01\HOME\ChrisStyles"/>
				<Field Name="UserEmail" Value="chris.styles@kofax.com"/>
				<Field Name="UserName" Value="ChrisStyles"/>
				<Field Name="JobID" Value="1221296947-5019-17966-173-126"/>
				<Field Name="FormName" Value="Scan Workflow Analysis"/>
				<Field Name="FLD1" Value=""/>
				<Field Name="FLD2" Value=""/>
				<Field Name="FLD3" Value=""/>
				<Field Name="FLD4" Value=""/>
				<Field Name="FLD5" Value=""/>
				<Field Name="FLD6" Value=""/>
				<Field Name="FLD7" Value=""/>
				<Field Name="FLD8" Value=""/>
				<Field Name="FLD9" Value=""/>
				<Field Name="FLD10" Value=""/>
				<Field Name="FLD11" Value=""/>
				<Field Name="FLD12" Value=""/>
				<Field Name="FLD13" Value=""/>
				<Field Name="FLD14" Value=""/>
				<Field Name="FLD15" Value=""/>
				<Field Name="FLD16" Value=""/>
				<Field Name="FLD17" Value=""/>
				<Field Name="FLD18" Value=""/>
				<Field Name="FLD19" Value=""/>
				<Field Name="FLD20" Value=""/>
				<Field Name="FLD21" Value=""/>
				<Field Name="FLD22" Value=""/>
				<Field Name="FLD23" Value=""/>
				<Field Name="FLD24" Value=""/>
				<Field Name="FLD25" Value=""/>
				<Field Name="FLD26" Value=""/>
				<Field Name="FLD27" Value=""/>
				<Field Name="FLD28" Value=""/>
				<Field Name="FLD29" Value=""/>
				<Field Name="FLD30" Value=""/>
				<Field Name="FLD31" Value=""/>
				<Field Name="FLD32" Value=""/>
				<Field Name="FLD33" Value=""/>
				<Field Name="FLD34" Value=""/>
				<Field Name="FLD35" Value=""/>
				<Field Name="FLD36" Value=""/>
				<Field Name="FLD37" Value=""/>
			</KnowledgeFields>
		</KnowledgeObject>
	</KnowledgeObjects>
</AutoStore>
