<?xml version="1.0" encoding="utf-8"?>
<AutoStore NSI_SIG2="A51076815B77B012759FEFC665C751AFEE979EF235EC84D9853CAB4E91DCDE3FBDB470BD5C493BFCCFC2D1B1BB8595A4">
	<Header Version="2" DateCreated="2018-04-24" TimeCreated="18:09:44" AUTHOR="" COMMENTS=""/>
	<KnowledgeObjects ObjID="3049094987-57299-17137-168-243">
		<KnowledgeObject ObjID="1514745386-47596-17048-145-106">
			<KnowledgeDocuments>
				<KnowledgeDocument Type="pdf" Name="Prob11H - Nicholas g Parillo - 00001.pdf" ObjID="3168657397-28151-19935-175-180" DocRef="671071356-65018-20192-145-173.dat"/>
				<KnowledgeDocument Type="png" Name="Signature_201804241809403677.png" ObjID="1067833024-41193-17085-144-177" DocRef="1222502053-12778-20233-128-138.dat"/>
			</KnowledgeDocuments>
			<KnowledgeFields>
				<Field Name="DeliveryTime" Value="18:09"/>
				<Field Name="DeliveryDate" Value="24/04/2018"/>
				<Field Name="Driver" Value="xodice"/>
				<Field Name="SignatureName" Value="Mr."/>
				<Field Name="DeliveryID" Value="http://scansfer.com/dl.php?k=zieeuubmw2rqg3660a54tu6rsa2qc00z7"/>
				<Field Name="Surname" Value=""/>
				<Field Name="Firstname" Value=""/>
				<Field Name="Address" Value=""/>
				<Field Name="Postcode" Value=""/>
				<Field Name="Signature" Value="C:\Nuance\MobileDemo\Home\WebCapture\WORK\3601bca8-c4bf-4616-bb94-0df80f0317d4\Signature_201804241809403677.png"/>
				<Field Name="GPS" Value="43.29990427111068, -72.47375157527449"/>
				<Field Name="UserName" Value="xodice"/>
				<Field Name="UserEmail" Value="Nparillo@ssdvermont.com"/>
				<Field Name="UserHomeFolder" Value="\\NUAN-MOBAD01\HOME\Xodice"/>
				<Field Name="FormName" Value="Delivery Acceptance"/>
				<Field Name="JobID" Value="1514745386-47596-17048-145-106"/>
			</KnowledgeFields>
		</KnowledgeObject>
	</KnowledgeObjects>
</AutoStore>
