<?xml version="1.0" encoding="utf-8"?>
<AutoStore NSI_SIG2="748E6867240C46D4FF30D068FF52868B41148D2C5DF4E983F70392AADCB6BC428F3D0FA23CA8BB18D49E5C3480681CCE">
	<Header Version="2" DateCreated="2017-10-18" TimeCreated="08:32:15" AUTHOR="" COMMENTS=""/>
	<KnowledgeObjects ObjID="2182241830-26893-19734-147-114">
		<KnowledgeObject ObjID="1649415960-40177-17049-154-20">
			<KnowledgeDocuments>
				<KnowledgeDocument Type="pdf" Name="scanFile0007_p.pdf" ObjID="3492493669-43264-17181-168-61" DocRef="2957598243-14734-17518-187-206.dat"/>
			</KnowledgeDocuments>
			<KnowledgeFields>
				<Field Name="NextTask" Value="STM"/>
				<Field Name="ConvertTo" Value="PDF/A"/>
				<Field Name="Convert" Value="STM"/>
				<Field Name="UserDispName" Value="John Campbell-Higgens"/>
				<Field Name="UserHomeFolder" Value="\\AS-OF360\Users\JCH"/>
				<Field Name="UserEmail" Value="jch@ndi-demo.eu"/>
				<Field Name="UserName" Value="JCH"/>
			</KnowledgeFields>
		</KnowledgeObject>
	</KnowledgeObjects>
</AutoStore>
