<?xml version="1.0" encoding="utf-8"?>
<AutoStore NSI_SIG2="42BE066D1349F972E70670CEBD8DF07EF3A483E46E72C0F22DB52F91D322F9F7697C0ED5DF39384599E03B34FA4E04AD">
	<Header Version="2" DateCreated="2019-06-19" TimeCreated="13:12:17" AUTHOR="" COMMENTS=""/>
	<KnowledgeObjects ObjID="517452333-56413-19192-167-164">
		<KnowledgeObject ObjID="3003888283-46553-16818-179-153">
			<KnowledgeDocuments>
				<KnowledgeDocument Type="png" Name="Signature_201906191312170844.png" ObjID="3440347071-7054-18325-177-67" DocRef="891833369-49607-19997-151-228.dat"/>
			</KnowledgeDocuments>
			<KnowledgeFields>
				<Field Name="RenameSchema" Value="Site HSE Report - Gary - 6/19/2019"/>
				<Field Name="Section" Value="Field Service"/>
				<Field Name="UserHomeFolder" Value="\\NUAN-MOBAD01\HOME\Gary.tomlinson"/>
				<Field Name="UserEmail" Value="gary.tomlinson@sossystems.co.uk"/>
				<Field Name="UserName" Value="Gary.tomlinson"/>
				<Field Name="FormName" Value="Site Health &amp; Safety Report"/>
				<Field Name="JobID" Value="3003888283-46553-16818-179-153"/>
				<Field Name="Job" Value="Gary"/>
				<Field Name="GPS" Value="51.136039434158995, -0.1919786110955347"/>
				<Field Name="ReportDate" Value="6/19/2019"/>
				<Field Name="Access" Value=""/>
				<Field Name="General" Value=""/>
				<Field Name="Tidiness" Value=""/>
				<Field Name="Lighting" Value=""/>
				<Field Name="Access1" Value=""/>
				<Field Name="Access2" Value=""/>
				<Field Name="FirstAid" Value=""/>
				<Field Name="Welfare" Value=""/>
				<Field Name="FIre" Value="Excellent"/>
				<Field Name="Compliance" Value=""/>
				<Field Name="Inductions" Value=""/>
				<Field Name="Incidents" Value=""/>
				<Field Name="Work" Value=""/>
				<Field Name="Plant" Value=""/>
				<Field Name="PPE" Value=""/>
				<Field Name="Comments" Value=""/>
				<Field Name="CompletedBy" Value="Gary"/>
				<Field Name="Position" Value="Sos"/>
				<Field Name="Signature" Value="C:\Nuance\MobileDemo\Home\WebCapture\WORK\e9037df4-63d2-4a6a-8876-c13e5cd99729\Signature_201906191312170844.png"/>
			</KnowledgeFields>
		</KnowledgeObject>
	</KnowledgeObjects>
</AutoStore>
