<?xml version="1.0" encoding="utf-8"?>
<AutoStore NSI_SIG2="FED75E06A1148BC34D172826EFA932AAB6510103F8EA044C2C9E53786EE08FAFA266AE76D7AF9621B6863B56B551FFC2">
	<Header Version="2" DateCreated="2018-03-08" TimeCreated="06:50:17" AUTHOR="" COMMENTS=""/>
	<KnowledgeObjects ObjID="3187632504-42170-17961-148-41">
		<KnowledgeObject ObjID="2278170536-55183-17581-144-238">
			<KnowledgeDocuments>
				<KnowledgeDocument Type="png" Name="Signed_201803080650157867.png" ObjID="4232258092-45050-20315-156-138" DocRef="1423843798-9019-19951-133-246.dat"/>
				<KnowledgeDocument Type="TXT" Name="TimeSheet.TXT" ObjID="3068155394-16961-16696-179-49" DocRef="3188377830-47071-18093-136-12.dat"/>
			</KnowledgeDocuments>
			<KnowledgeFields>
				<Field Name="ContractorName" Value="datatest87 datatest87"/>
				<Field Name="Signature" Value="C:\Nuance\MobileDemo\Home\WebCapture\WORK\c4187a3b-05a6-40f4-acae-6d7741c07edf\Signed_201803080650157867.png"/>
				<Field Name="ContractorID" Value="datatest87"/>
				<Field Name="FriHours" Value=""/>
				<Field Name="FriEnd" Value=""/>
				<Field Name="FriStart" Value=""/>
				<Field Name="ThuHours" Value=""/>
				<Field Name="ThuEnd" Value=""/>
				<Field Name="ThuStart" Value=""/>
				<Field Name="WedHours" Value=""/>
				<Field Name="WedEnd" Value=""/>
				<Field Name="WedStart" Value=""/>
				<Field Name="TueHours" Value=""/>
				<Field Name="TueEnd" Value=""/>
				<Field Name="TueStart" Value=""/>
				<Field Name="MonHours" Value=""/>
				<Field Name="MonEnd" Value=""/>
				<Field Name="MonStart" Value=""/>
				<Field Name="WeekEnding" Value="08-03-2018"/>
				<Field Name="TimeSheetID" Value="0000091"/>
				<Field Name="TotalHours" Value=""/>
				<Field Name="Submitted" Value="08-03-2018"/>
				<Field Name="UserName" Value="datatest87"/>
				<Field Name="UserEmail" Value="datatest87@hotmail.com"/>
				<Field Name="UserHomeFolder" Value="\\NUAN-MOBAD01\HOME\datatest87"/>
				<Field Name="FormName" Value="Submit TimeSheet"/>
				<Field Name="JobID" Value="2278170536-55183-17581-144-238"/>
			</KnowledgeFields>
		</KnowledgeObject>
	</KnowledgeObjects>
</AutoStore>
