<?xml version="1.0" encoding="utf-8"?>
<AutoStore NSI_SIG2="C589CFBD8E130E513EB8069A54FD68F911462564D28144EA53647154418DE72F6E5948FE639EC822C7D3447A6B08CA77">
	<Header Version="2" DateCreated="2018-03-21" TimeCreated="23:53:54" AUTHOR="" COMMENTS=""/>
	<KnowledgeObjects ObjID="2832434119-56698-16689-163-119">
		<KnowledgeObject ObjID="1187775835-34031-18382-159-239">
			<KnowledgeDocuments>
				<KnowledgeDocument Type="pdf" Name="Nurse ID Labels.pdf" ObjID="3616017477-57489-19234-137-126" DocRef="931479544-24331-16536-183-211.dat"/>
			</KnowledgeDocuments>
			<KnowledgeFields>
				<Field Name="DocClass" Value="Not Found"/>
				<Field Name="UserName" Value="michael.wood"/>
				<Field Name="UserEmail" Value="michael.wood@ricoh.co.uk"/>
				<Field Name="UserHomeFolder" Value="\\NUAN-MOBAD01\HOME\michael.wood"/>
				<Field Name="FormName" Value="Classification Example"/>
				<Field Name="JobID" Value="1187775835-34031-18382-159-239"/>
				<Field Name="Section" Value="Security and GDPR"/>
				<Field Name="RequestType" Value="Email"/>
			</KnowledgeFields>
		</KnowledgeObject>
	</KnowledgeObjects>
</AutoStore>
