<?xml version="1.0" encoding="utf-8"?>
<AutoStore NSI_SIG2="17B410DD55DCA1473690E0B2439BEC891331832F02471DE97F10813867CF41E7EE0328B09C8DC7FA49DB548194C1E165">
	<Header Version="2" DateCreated="2018-05-26" TimeCreated="04:49:07" AUTHOR="" COMMENTS=""/>
	<KnowledgeObjects ObjID="2692244862-3948-20175-172-2">
		<KnowledgeObject ObjID="921270201-23104-16831-164-104">
			<KnowledgeDocuments>
				<KnowledgeDocument Type="mp4" Name="IMG_0048.mp4" ObjID="3903485431-51763-19685-150-21" DocRef="1411262664-25367-20134-183-155.dat"/>
				<KnowledgeDocument Type="png" Name="Signature_201805260448564896.png" ObjID="768849552-7881-17310-155-131" DocRef="3584641268-45645-19408-191-80.dat"/>
			</KnowledgeDocuments>
			<KnowledgeFields>
				<Field Name="DeliveryTime" Value="04:48"/>
				<Field Name="DeliveryDate" Value="26/05/2018"/>
				<Field Name="Driver" Value="xodice"/>
				<Field Name="SignatureName" Value="Mister"/>
				<Field Name="DeliveryID" Value="0021130185177"/>
				<Field Name="Surname" Value=""/>
				<Field Name="Firstname" Value=""/>
				<Field Name="Address" Value=""/>
				<Field Name="Postcode" Value=""/>
				<Field Name="Signature" Value="C:\Nuance\MobileDemo\Home\WebCapture\WORK\6c9a4bf0-05a1-4539-ad94-b7c9238fcc8b\Signature_201805260448564896.png"/>
				<Field Name="GPS" Value="43.29960581096202, -72.47388727657422"/>
				<Field Name="UserName" Value="xodice"/>
				<Field Name="UserEmail" Value="Nparillo@ssdvermont.com"/>
				<Field Name="UserHomeFolder" Value="\\NUAN-MOBAD01\HOME\Xodice"/>
				<Field Name="FormName" Value="Delivery Acceptance"/>
				<Field Name="JobID" Value="921270201-23104-16831-164-104"/>
			</KnowledgeFields>
		</KnowledgeObject>
	</KnowledgeObjects>
</AutoStore>
