<?xml version="1.0" encoding="utf-8"?>
<AutoStore NSI_SIG2="463716B94208289B429A7626D864057A0C4C14A7C460FA5085BAF53A08FC59F855ED6AD3F9DED07C8FBC133DCA05B55A">
	<Header Version="2" DateCreated="2017-05-15" TimeCreated="15:45:11" AUTHOR="" COMMENTS=""/>
	<KnowledgeObjects ObjID="1940350564-41490-18240-189-215">
		<KnowledgeObject ObjID="1128461619-53301-18965-137-137">
			<KnowledgeDocuments>
				<KnowledgeDocument Type="jpg" Name="cdv_photo_007.jpg" ObjID="385633850-13202-17090-167-78" DocRef="919965968-20998-17337-136-144.dat"/>
				<KnowledgeDocument Type="png" Name="Signature_201705151545111337.png" ObjID="2568697260-62551-18101-140-202" DocRef="587320746-57538-16797-188-232.dat"/>
			</KnowledgeDocuments>
			<KnowledgeFields>
				<Field Name="GPS" Value="53.56538804852715, -2.369768898369232"/>
				<Field Name="Signature" Value="C:\Nuance\CompleteDemo\Home\WebCapture\WORK\00bdfd5b-49fa-49b4-b0ef-f51083c69882\Signature_201705151545111337.png"/>
				<Field Name="Postcode" Value="BL3 1RB"/>
				<Field Name="Address" Value="Ainsworth Road"/>
				<Field Name="Firstname" Value="John"/>
				<Field Name="Surname" Value="Campbell-Higgens"/>
				<Field Name="DeliveryID" Value="1235112445"/>
				<Field Name="SignatureName" Value="Test2"/>
				<Field Name="Driver" Value="administrator"/>
				<Field Name="DeliveryDate" Value="15/05/2017"/>
				<Field Name="DeliveryTime" Value="15:45"/>
			</KnowledgeFields>
		</KnowledgeObject>
	</KnowledgeObjects>
</AutoStore>
