<?xml version="1.0" encoding="utf-8"?>
<AutoStore NSI_SIG2="E1154A3CC4E8A776B5535F59510AB70CEC70D51923F1F844FE89FD0F72486BEBD9D66CE0102DCACDA432CBC3EF658C77">
	<Header Version="2" DateCreated="2018-03-23" TimeCreated="13:49:51" AUTHOR="" COMMENTS=""/>
	<KnowledgeObjects ObjID="1942707251-62680-19946-176-30">
		<KnowledgeObject ObjID="1933590395-61566-19141-153-11">
			<KnowledgeDocuments>
				<KnowledgeDocument Type="pdf" Name="CustomerIDLabels.pdf" ObjID="3272919240-41107-19435-179-4" DocRef="678709412-52153-20012-137-206.dat"/>
			</KnowledgeDocuments>
			<KnowledgeFields>
				<Field Name="UserName" Value="michael.wood"/>
				<Field Name="UserEmail" Value="michael.wood@ricoh.co.uk"/>
				<Field Name="UserHomeFolder" Value="\\NUAN-MOBAD01\HOME\michael.wood"/>
				<Field Name="FormName" Value="Delivery Label Creation"/>
				<Field Name="DeliveryID" Value="E5Hi8"/>
				<Field Name="Surname" Value="Wood"/>
				<Field Name="Forename" Value="Wood"/>
				<Field Name="Address" Value="Fycucuyc"/>
				<Field Name="PostCode" Value="Guguvug"/>
				<Field Name="JobID" Value="1933590395-61566-19141-153-11"/>
			</KnowledgeFields>
		</KnowledgeObject>
	</KnowledgeObjects>
</AutoStore>
