<?xml version="1.0" encoding="utf-8"?>
<AutoStore NSI_SIG2="6D8D58E20C911CBE4BC00151F87DEBE6941CE7927BCBA1FDD77F61BB03FB36CF389673C380C58ABDA872DC9756075C9D">
	<Header Version="2" DateCreated="2018-01-02" TimeCreated="11:44:22" AUTHOR="" COMMENTS=""/>
	<KnowledgeObjects ObjID="858191861-1403-16825-183-84">
		<KnowledgeObject ObjID="3569339800-30311-18406-138-72">
			<KnowledgeDocuments>
				<KnowledgeDocument Type="TXT" Name="TimeSheet.TXT" ObjID="2285140802-32742-20158-147-48" DocRef="1983204779-34350-16843-140-181.dat"/>
			</KnowledgeDocuments>
			<KnowledgeFields>
				<Field Name="JobID" Value="3569339800-30311-18406-138-72"/>
				<Field Name="FormName" Value="Submit TimeSheet"/>
				<Field Name="UserHomeFolder" Value="\\NUAN-MOBAD01\HOME\JCHNuance"/>
				<Field Name="UserEmail" Value="jch@nuance.com"/>
				<Field Name="UserName" Value="jchnuance"/>
				<Field Name="Submitted" Value="02-01-2018"/>
				<Field Name="TotalHours" Value="40:00"/>
				<Field Name="TimeSheetID" Value="0000058"/>
				<Field Name="WeekEnding" Value="22-12-2018"/>
				<Field Name="MonStart" Value="09:00"/>
				<Field Name="MonEnd" Value="17:00"/>
				<Field Name="MonHours" Value="08:00"/>
				<Field Name="TueStart" Value="09:00"/>
				<Field Name="TueEnd" Value="17:00"/>
				<Field Name="TueHours" Value="08:00"/>
				<Field Name="WedStart" Value="09:00"/>
				<Field Name="WedEnd" Value="17:00"/>
				<Field Name="WedHours" Value="08:00"/>
				<Field Name="ThuStart" Value="09:00"/>
				<Field Name="ThuEnd" Value="17:00"/>
				<Field Name="ThuHours" Value="08:00"/>
				<Field Name="FriStart" Value="09:00"/>
				<Field Name="FriEnd" Value="17:00"/>
				<Field Name="FriHours" Value="08:00"/>
				<Field Name="ContractorID" Value="jchnuance"/>
				<Field Name="Signature" Value=""/>
				<Field Name="ContractorName" Value="JCHNuance JCHNuance"/>
			</KnowledgeFields>
		</KnowledgeObject>
	</KnowledgeObjects>
</AutoStore>
