<?xml version="1.0" encoding="utf-8"?>
<AutoStore NSI_SIG2="9789F13F5E0CFC581B7A3CA28AC0090674F67E1B47AA3195F4C34194C67BECC51663F2179402DDE689259874403C7DEE">
	<Header Version="2" DateCreated="2019-01-28" TimeCreated="15:35:32" AUTHOR="" COMMENTS=""/>
	<KnowledgeObjects ObjID="3220524484-36833-16555-173-51">
		<KnowledgeObject ObjID="1754902016-1949-19735-177-74">
			<KnowledgeDocuments>
				<KnowledgeDocument Type="png" Name="Sketch_201901281535321534.png" ObjID="3419240883-19335-17008-157-117" DocRef="2475347261-61280-20236-182-168.dat"/>
			</KnowledgeDocuments>
			<KnowledgeFields>
				<Field Name="WitnessMobile2" Value=""/>
				<Field Name="WitnessPhone2" Value=""/>
				<Field Name="WitnessAddress2" Value=""/>
				<Field Name="WitnessName2" Value=""/>
				<Field Name="WitnessMobile1" Value=""/>
				<Field Name="WitnessPhone1" Value=""/>
				<Field Name="WitnessAddress1" Value=""/>
				<Field Name="WitnessName1" Value=""/>
				<Field Name="OtherInfor" Value=""/>
				<Field Name="BadgeNumber" Value=""/>
				<Field Name="Phone" Value=""/>
				<Field Name="Department" Value=""/>
				<Field Name="OfficerName" Value=""/>
				<Field Name="OtherInjuries" Value=""/>
				<Field Name="OtherPassenger" Value=""/>
				<Field Name="YourInjuries" Value=""/>
				<Field Name="YourPassengers" Value=""/>
				<Field Name="OtherDriverPhone" Value=""/>
				<Field Name="OtherDriverAddress" Value=""/>
				<Field Name="OtherDriverName" Value=""/>
				<Field Name="InsuranceCompany" Value=""/>
				<Field Name="Registration" Value=""/>
				<Field Name="VehicleColour" Value=""/>
				<Field Name="VehicleModel" Value=""/>
				<Field Name="VehicleMake" Value=""/>
				<Field Name="OwnerPhone" Value=""/>
				<Field Name="OwnerAddress" Value=""/>
				<Field Name="OwnerName" Value=""/>
				<Field Name="OtherRecovery" Value="Jj"/>
				<Field Name="OtherVehicleDamage" Value="Nj"/>
				<Field Name="YourRecovery" Value="Nu"/>
				<Field Name="YourVehicleDamage" Value="Trt"/>
				<Field Name="AccidentDetails" Value="Serieus"/>
				<Field Name="Location" Value="Hermeslaan 1, 1831 Machelen, Belgium"/>
				<Field Name="Conditions" Value="Icey"/>
				<Field Name="AccidentTime" Value="12:11"/>
				<Field Name="AccidentDate" Value="1/28/2019"/>
				<Field Name="FileCount" Value="1"/>
				<Field Name="RenameSchema" Value="Accident Form - 1/28/2019 12:11"/>
				<Field Name="Section" Value="Insurance and Financial Services"/>
				<Field Name="UserHomeFolder" Value="\\NUAN-MOBAD01\HOME\hardyn"/>
				<Field Name="UserEmail" Value="hardy.n@icloud.com"/>
				<Field Name="UserName" Value="hardyn"/>
				<Field Name="FormName" Value="Accident Damage Report"/>
				<Field Name="JobID" Value="1754902016-1949-19735-177-74"/>
			</KnowledgeFields>
		</KnowledgeObject>
	</KnowledgeObjects>
</AutoStore>
