<?xml version="1.0" encoding="utf-8"?>
<AutoStore NSI_SIG2="B43E55AE992DAE7BB070A3535D9758ECEF4A1E89EB5B95D295ADF5A21C130D3F998B557624EC852A61D1D8113DC11CBC">
	<Header Version="2" DateCreated="2017-11-14" TimeCreated="16:24:22" AUTHOR="" COMMENTS=""/>
	<KnowledgeObjects ObjID="919817044-59556-19527-154-56">
		<KnowledgeObject ObjID="1010025091-45489-18375-189-94">
			<KnowledgeDocuments>
				<KnowledgeDocument Type="pdf" Name="VA Voucher for Mileage Allowance.pdf" ObjID="677229911-10314-17441-142-226" DocRef="290302984-49133-17156-150-18.dat"/>
			</KnowledgeDocuments>
			<KnowledgeFields>
				<Field Name="UserName" Value="JCH"/>
				<Field Name="UserEmail" Value="jch@ndi-demo.local"/>
				<Field Name="UserHomeFolder" Value="\\AS-OF360\Users\JCH"/>
				<Field Name="FormName" Value="VA Voucher for Mileage Allowance"/>
				<Field Name="JobID" Value="1010025091-45489-18375-189-94"/>
				<Field Name="Fullname" Value="John Campbell-Higgens"/>
				<Field Name="StreetAddress" Value="1000 Main St"/>
				<Field Name="City" Value="Arlington"/>
				<Field Name="State" Value="VA"/>
				<Field Name="ZIP" Value="22222"/>
				<Field Name="DateIssued" Value="14/11/2017"/>
				<Field Name="TravelFrom" Value="Dallas"/>
				<Field Name="TravelTo" Value="New York"/>
				<Field Name="ReportingReason" Value="Preferred Doctor"/>
			</KnowledgeFields>
		</KnowledgeObject>
	</KnowledgeObjects>
</AutoStore>
