<?xml version="1.0" encoding="utf-8"?>
<AutoStore NSI_SIG2="23108CA9B8E01642848449807614B1D9C9CF0545BDAE25D7ECDAE4C532FE2D2C457F64D94D23CB7D2EB9D1B53ADF6B32">
	<Header Version="2" DateCreated="2018-07-04" TimeCreated="12:17:23" AUTHOR="" COMMENTS=""/>
	<KnowledgeObjects ObjID="2158476250-58917-19545-178-33">
		<KnowledgeObject ObjID="2878752846-27451-16730-173-195">
			<KnowledgeDocuments>
				<KnowledgeDocument Type="jpg" Name="1530706616014.jpg" ObjID="331746354-57427-18073-172-253" DocRef="1915721092-57317-18997-187-144.dat"/>
			</KnowledgeDocuments>
			<KnowledgeFields>
				<Field Name="WitnessMobile2" Value=""/>
				<Field Name="WitnessPhone2" Value=""/>
				<Field Name="WitnessAddress2" Value=""/>
				<Field Name="WitnessName2" Value=""/>
				<Field Name="WitnessMobile1" Value=""/>
				<Field Name="WitnessPhone1" Value=""/>
				<Field Name="WitnessAddress1" Value=""/>
				<Field Name="WitnessName1" Value=""/>
				<Field Name="OtherInfor" Value=""/>
				<Field Name="BadgeNumber" Value=""/>
				<Field Name="Phone" Value=""/>
				<Field Name="Department" Value=""/>
				<Field Name="OfficerName" Value=""/>
				<Field Name="OtherInjuries" Value=""/>
				<Field Name="OtherPassenger" Value=""/>
				<Field Name="YourInjuries" Value=""/>
				<Field Name="YourPassengers" Value=""/>
				<Field Name="OtherDriverPhone" Value=""/>
				<Field Name="OtherDriverAddress" Value=""/>
				<Field Name="OtherDriverName" Value=""/>
				<Field Name="InsuranceCompany" Value=""/>
				<Field Name="Registration" Value=""/>
				<Field Name="VehicleColour" Value=""/>
				<Field Name="VehicleModel" Value=""/>
				<Field Name="VehicleMake" Value=""/>
				<Field Name="OwnerPhone" Value=""/>
				<Field Name="OwnerAddress" Value=""/>
				<Field Name="OwnerName" Value=""/>
				<Field Name="OtherRecovery" Value="Hsjdu"/>
				<Field Name="OtherVehicleDamage" Value="Hdjdjj"/>
				<Field Name="YourRecovery" Value="Jsjsjj"/>
				<Field Name="YourVehicleDamage" Value="Teheh"/>
				<Field Name="AccidentDetails" Value="Creash"/>
				<Field Name="Location" Value="20 Primrose St, London EC2A 2EW, UK"/>
				<Field Name="Conditions" Value="Wet"/>
				<Field Name="AccidentTime" Value="11:00"/>
				<Field Name="AccidentDate" Value="7/25/2018"/>
				<Field Name="FileCount" Value="1"/>
				<Field Name="RenameSchema" Value="Accident Form - 7/25/2018 11:00"/>
				<Field Name="Section" Value="Insurance and Financial Services"/>
				<Field Name="UserHomeFolder" Value="\\NUAN-MOBAD01\HOME\Colin Seal"/>
				<Field Name="UserEmail" Value="colin.seal@ricoh.co.uk"/>
				<Field Name="UserName" Value="colin seal"/>
				<Field Name="FormName" Value="Accident Damage Report"/>
				<Field Name="JobID" Value="2878752846-27451-16730-173-195"/>
			</KnowledgeFields>
		</KnowledgeObject>
	</KnowledgeObjects>
</AutoStore>
