<?xml version="1.0" encoding="utf-8"?>
<AutoStore NSI_SIG2="E678455BCD4FF8396BBD42E7425508289D7772C52A61B498D11264FF6FECEC315E38EC79A8E2B5E930A966D5A88289DC">
	<Header Version="2" DateCreated="2018-01-16" TimeCreated="15:47:43" AUTHOR="" COMMENTS=""/>
	<KnowledgeObjects ObjID="441699717-23033-17759-141-216">
		<KnowledgeObject ObjID="1305830779-16436-18561-177-57">
			<KnowledgeDocuments>
				<KnowledgeDocument Type="jpg" Name="1516117640541.jpg" ObjID="1670012663-23693-16878-159-248" DocRef="136828119-13601-18147-184-191.dat"/>
			</KnowledgeDocuments>
			<KnowledgeFields>
				<Field Name="VisitParking" Value="No"/>
				<Field Name="VisitCarReg" Value="Dfg456"/>
				<Field Name="VisitorCompany" Value="Jyrfg"/>
				<Field Name="SelectedVisitor" Value=""/>
				<Field Name="VisitorSurname" Value="Sgf"/>
				<Field Name="VisitorFirstname" Value="Dfgh"/>
				<Field Name="VisitorHost" Value="tge"/>
				<Field Name="VisitDate" Value="1234"/>
				<Field Name="UserName" Value="tge"/>
				<Field Name="UserEmail" Value="to.pa@yopmail.com"/>
				<Field Name="UserHomeFolder" Value="\\NUAN-MOBAD01\HOME\tge"/>
				<Field Name="FormName" Value="Visitor Badge"/>
				<Field Name="JodID" Value="1305830779-16436-18561-177-57"/>
			</KnowledgeFields>
		</KnowledgeObject>
	</KnowledgeObjects>
</AutoStore>
