<?xml version="1.0" encoding="utf-8"?>
<AutoStore NSI_SIG2="948648F1B12126BF087E04DAFE8660C182ABBA26CEAFC7CF43E248E79464910425FE6CA2752B4BBA9B5059D57D3DC7E8">
	<Header Version="2" DateCreated="2018-05-21" TimeCreated="13:33:46" AUTHOR="" COMMENTS=""/>
	<KnowledgeObjects ObjID="465355847-64660-20273-175-11">
		<KnowledgeObject ObjID="4172407462-64255-16771-144-12">
			<KnowledgeDocuments>
				<KnowledgeDocument Type="pdf" Name="POD-Address Labels.pdf" ObjID="3867656994-42249-16540-134-251" DocRef="2094614695-50140-19817-136-97.dat"/>
				<KnowledgeDocument Type="png" Name="Signature_201805211333413032.png" ObjID="1386307149-43288-20323-172-247" DocRef="2096654230-34032-18733-185-232.dat"/>
			</KnowledgeDocuments>
			<KnowledgeFields>
				<Field Name="DeliveryTime" Value="13:33"/>
				<Field Name="DeliveryDate" Value="21/05/2018"/>
				<Field Name="Driver" Value="ger5000"/>
				<Field Name="SignatureName" Value="Test"/>
				<Field Name="DeliveryID" Value="4567890123"/>
				<Field Name="Surname" Value="Hollings"/>
				<Field Name="Firstname" Value="Pat"/>
				<Field Name="Address" Value="52 High End Lane, Eccles, Manchester"/>
				<Field Name="Postcode" Value="M45 1XX"/>
				<Field Name="Signature" Value="C:\Nuance\MobileDemo\Home\WebCapture\WORK\36081b5a-e024-4b87-b861-af13f8508a53\Signature_201805211333413032.png"/>
				<Field Name="GPS" Value="53.4491544, -6.2193149"/>
				<Field Name="UserName" Value="ger5000"/>
				<Field Name="UserEmail" Value="gmcgricoh@gmail.com"/>
				<Field Name="UserHomeFolder" Value="\\NUAN-MOBAD01\HOME\ger5000"/>
				<Field Name="FormName" Value="Delivery Acceptance"/>
				<Field Name="JobID" Value="4172407462-64255-16771-144-12"/>
			</KnowledgeFields>
		</KnowledgeObject>
	</KnowledgeObjects>
</AutoStore>
