<?xml version="1.0" encoding="utf-8"?>
<AutoStore NSI_SIG2="B449441A1B4FC7D6E814C63FCF212673F5E74B5E140A5BD29299E7D393ABA5B3DF93A5E4C03BDD6D28BEDFFFC51CE1E5">
	<Header Version="2" DateCreated="2018-01-26" TimeCreated="06:59:46" AUTHOR="" COMMENTS=""/>
	<KnowledgeObjects ObjID="1550116560-11886-19690-176-80">
		<KnowledgeObject ObjID="3931760046-35181-18893-133-116">
			<KnowledgeDocuments>
				<KnowledgeDocument Type="png" Name="Signed_201801260659400074.png" ObjID="2034858687-5098-18604-140-53" DocRef="2393937345-55320-19144-135-125.dat"/>
				<KnowledgeDocument Type="TXT" Name="TimeSheet.TXT" ObjID="42121167-54519-19329-139-89" DocRef="2037493553-23947-19299-154-20.dat"/>
			</KnowledgeDocuments>
			<KnowledgeFields>
				<Field Name="ContractorName" Value="Jeffpelliconi Jeffpelliconi"/>
				<Field Name="Signature" Value="C:\Nuance\MobileDemo\Home\WebCapture\WORK\8555c7b4-42dd-41b1-aaac-2b5f733ac6e5\Signed_201801260659400074.png"/>
				<Field Name="ContractorID" Value="jeffpelliconi"/>
				<Field Name="FriHours" Value="08:00"/>
				<Field Name="FriEnd" Value="4pm"/>
				<Field Name="FriStart" Value="8am"/>
				<Field Name="ThuHours" Value="08:00"/>
				<Field Name="ThuEnd" Value="4pm"/>
				<Field Name="ThuStart" Value="8am"/>
				<Field Name="WedHours" Value="08:00"/>
				<Field Name="WedEnd" Value="4pm"/>
				<Field Name="WedStart" Value="8am"/>
				<Field Name="TueHours" Value="08:00"/>
				<Field Name="TueEnd" Value=""/>
				<Field Name="TueStart" Value=""/>
				<Field Name="MonHours" Value="09:00"/>
				<Field Name="MonEnd" Value="5pm"/>
				<Field Name="MonStart" Value="8am"/>
				<Field Name="WeekEnding" Value="28-01-2018"/>
				<Field Name="TimeSheetID" Value="0000071"/>
				<Field Name="TotalHours" Value="41:00"/>
				<Field Name="Submitted" Value="26-01-2018"/>
				<Field Name="UserName" Value="jeffpelliconi"/>
				<Field Name="UserEmail" Value="Jeffrey.pelliconi@nuance.com"/>
				<Field Name="UserHomeFolder" Value="\\NUAN-MOBAD01\HOME\Jeffpelliconi"/>
				<Field Name="FormName" Value="Submit TimeSheet"/>
				<Field Name="JobID" Value="3931760046-35181-18893-133-116"/>
			</KnowledgeFields>
		</KnowledgeObject>
	</KnowledgeObjects>
</AutoStore>
