<?xml version="1.0" encoding="utf-8"?>
<AutoStore NSI_SIG2="F456F730144C8754FF37EC12BF8AB131F4F543681BB9CF75E54C4F2631FD08C39CB8D312E5E93798C4FCB6D223F5801D">
	<Header Version="2" DateCreated="2018-08-17" TimeCreated="18:48:47" AUTHOR="" COMMENTS=""/>
	<KnowledgeObjects ObjID="330840777-25876-18085-156-81">
		<KnowledgeObject ObjID="413998531-51143-19052-155-217">
			<KnowledgeDocuments>
				<KnowledgeDocument Type="html" Name="ford_429_1@msn.com_(XODICE_(this_PC))_-_Dropbox.html" ObjID="4263817864-12010-19441-141-205" DocRef="2754791486-30392-18367-167-17.dat"/>
				<KnowledgeDocument Type="png" Name="Signature_201808171848392369.png" ObjID="668030096-20825-18963-153-71" DocRef="1681820105-7624-18090-165-141.dat"/>
			</KnowledgeDocuments>
			<KnowledgeFields>
				<Field Name="DeliveryTime" Value="18:48"/>
				<Field Name="DeliveryDate" Value="17/08/2018"/>
				<Field Name="Driver" Value="xodice"/>
				<Field Name="SignatureName" Value="Mister"/>
				<Field Name="DeliveryID" Value="http://vianor.us/feedback"/>
				<Field Name="Surname" Value=""/>
				<Field Name="Firstname" Value=""/>
				<Field Name="Address" Value=""/>
				<Field Name="Postcode" Value=""/>
				<Field Name="Signature" Value="C:\Nuance\MobileDemo\Home\WebCapture\WORK\ea39a91a-88e3-4a1e-9d4a-52ee3f8dc461\Signature_201808171848392369.png"/>
				<Field Name="GPS" Value="43.299495242274006, -72.5033128328235"/>
				<Field Name="UserName" Value="xodice"/>
				<Field Name="UserEmail" Value="Nparillo@ssdvermont.com"/>
				<Field Name="UserHomeFolder" Value="\\NUAN-MOBAD01\HOME\Xodice"/>
				<Field Name="FormName" Value="Delivery Acceptance"/>
				<Field Name="JobID" Value="413998531-51143-19052-155-217"/>
			</KnowledgeFields>
		</KnowledgeObject>
	</KnowledgeObjects>
</AutoStore>
