<?xml version="1.0" encoding="utf-8"?>
<AutoStore NSI_SIG2="CFE08C655FB66875DF30CAFC9D2A9CAE84832CFAFD3AE9679F7B34923F7BCA6395607F4EA6D79997F7253C349042FD02">
	<Header Version="2" DateCreated="2018-03-08" TimeCreated="06:57:26" AUTHOR="" COMMENTS=""/>
	<KnowledgeObjects ObjID="3002487803-59463-16672-145-13">
		<KnowledgeObject ObjID="912643479-6562-19018-189-47">
			<KnowledgeDocuments>
				<KnowledgeDocument Type="jpg" Name="1520492230407.jpg" ObjID="2296274294-19954-17925-153-149" DocRef="3215984225-11415-19864-158-227.dat"/>
			</KnowledgeDocuments>
			<KnowledgeFields>
				<Field Name="UserName" Value="datatest87"/>
				<Field Name="UserEmail" Value="datatest87@hotmail.com"/>
				<Field Name="UserHomeFolder" Value="\\NUAN-MOBAD01\HOME\datatest87"/>
				<Field Name="UserDispName" Value="datatest87 datatest87"/>
				<Field Name="Convert" Value="p_0024"/>
				<Field Name="ConvertTo" Value="PDF/A"/>
				<Field Name="NextTask" Value="p_0027"/>
				<Field Name="FormName" Value="Send to Email"/>
				<Field Name="JobID" Value="912643479-6562-19018-189-47"/>
				<Field Name="RenameSchema" Value="Captured File"/>
				<Field Name="Section" Value="General Office Productivity"/>
			</KnowledgeFields>
		</KnowledgeObject>
	</KnowledgeObjects>
</AutoStore>
