<?xml version="1.0" encoding="utf-8"?>
<AutoStore NSI_SIG2="1896773E6FB95AE8393EEC485F1F909A55B9FD08CB148B3C7B8D4F58477F1643D8E96817689307A9D9BFA203488C43CE">
	<Header Version="2" DateCreated="2018-04-25" TimeCreated="20:05:58" AUTHOR="" COMMENTS=""/>
	<KnowledgeObjects ObjID="1859982492-55301-17141-178-75">
		<KnowledgeObject ObjID="1905919972-9572-19433-181-46">
			<KnowledgeDocuments>
				<KnowledgeDocument Type="pdf" Name="Blood Bag ID Labels.pdf" ObjID="2873169976-11953-17005-176-126" DocRef="4124533168-58364-19799-182-216.dat"/>
				<KnowledgeDocument Type="png" Name="Signature_201804252005539760.png" ObjID="3946422515-17604-16472-132-245" DocRef="2848345822-13080-19835-171-111.dat"/>
			</KnowledgeDocuments>
			<KnowledgeFields>
				<Field Name="DeliveryTime" Value="20:05"/>
				<Field Name="DeliveryDate" Value="25/04/2018"/>
				<Field Name="Driver" Value="jim"/>
				<Field Name="SignatureName" Value="Ryhbhj"/>
				<Field Name="DeliveryID" Value="Dfgii"/>
				<Field Name="Surname" Value=""/>
				<Field Name="Firstname" Value=""/>
				<Field Name="Address" Value=""/>
				<Field Name="Postcode" Value=""/>
				<Field Name="Signature" Value="C:\Nuance\MobileDemo\Home\WebCapture\WORK\0c3ff8c0-af0b-4af2-a5ac-4fbffa73dde0\Signature_201804252005539760.png"/>
				<Field Name="GPS" Value="33.70326171098063, -117.31942496159532"/>
				<Field Name="UserName" Value="jim"/>
				<Field Name="UserEmail" Value="James.saavedra@nuance.com"/>
				<Field Name="UserHomeFolder" Value="\\NUAN-MOBAD01\HOME\Jim"/>
				<Field Name="FormName" Value="Delivery Acceptance"/>
				<Field Name="JobID" Value="1905919972-9572-19433-181-46"/>
			</KnowledgeFields>
		</KnowledgeObject>
	</KnowledgeObjects>
</AutoStore>
