<?xml version="1.0" encoding="utf-8"?>
<AutoStore NSI_SIG2="86A45A8B97F48E029831DD9E1A9A0EAC9ABCF6572BB9475F5B3324A6479F1AF6C1DEE7BBF727F7453E7605E010D29BB1">
	<Header Version="2" DateCreated="2018-12-13" TimeCreated="16:48:32" AUTHOR="" COMMENTS=""/>
	<KnowledgeObjects ObjID="3810327279-17709-16505-140-207">
		<KnowledgeObject ObjID="2578934442-15978-16529-160-41">
			<KnowledgeDocuments>
				<KnowledgeDocument Type="pdf" Name="Nurse ID Labels.pdf" ObjID="915847986-32861-20105-141-254" DocRef="1290160770-44990-17403-183-47.dat"/>
				<KnowledgeDocument Type="png" Name="Signature_201812131648283488.png" ObjID="1322620952-45181-20081-164-18" DocRef="1387223605-56594-20173-139-218.dat"/>
			</KnowledgeDocuments>
			<KnowledgeFields>
				<Field Name="DeliveryTime" Value="16:48"/>
				<Field Name="DeliveryDate" Value="13/12/2018"/>
				<Field Name="Driver" Value="benhen01"/>
				<Field Name="SignatureName" Value="Dhdjd"/>
				<Field Name="DeliveryID" Value="Jdjdjd"/>
				<Field Name="Surname" Value=""/>
				<Field Name="Firstname" Value=""/>
				<Field Name="Address" Value=""/>
				<Field Name="Postcode" Value=""/>
				<Field Name="Signature" Value="C:\Nuance\MobileDemo\Home\WebCapture\WORK\5f7c46d0-7a70-47d5-8356-083a7f2dbca1\Signature_201812131648283488.png"/>
				<Field Name="GPS" Value="39.4873558330294, -119.7595019083358"/>
				<Field Name="UserName" Value="benhen01"/>
				<Field Name="UserEmail" Value="bhenningsen@sierraoffice.com"/>
				<Field Name="UserHomeFolder" Value="\\NUAN-MOBAD01\HOME\benhen01"/>
				<Field Name="FormName" Value="Delivery Acceptance"/>
				<Field Name="JobID" Value="2578934442-15978-16529-160-41"/>
			</KnowledgeFields>
		</KnowledgeObject>
	</KnowledgeObjects>
</AutoStore>
