<?xml version="1.0" encoding="utf-8"?>
<AutoStore NSI_SIG2="8B0A118B8E4EE34B528D123AA22155DF397DD4ABE5B75AB78E1B2479E32984936EF7B1E7CD7E3836EF5A41374331D29A">
	<Header Version="2" DateCreated="2018-05-21" TimeCreated="12:49:44" AUTHOR="" COMMENTS=""/>
	<KnowledgeObjects ObjID="3220995147-30372-19527-189-119">
		<KnowledgeObject ObjID="383440285-51523-18332-175-92">
			<KnowledgeDocuments>
				<KnowledgeDocument Type="pdf" Name="POD-Address Labels.pdf" ObjID="1963996150-28102-18714-150-228" DocRef="3294599006-62930-18128-150-181.dat"/>
				<KnowledgeDocument Type="png" Name="Signature_201805211249371129.png" ObjID="960605799-13322-17782-160-45" DocRef="1317162865-65262-16801-171-119.dat"/>
			</KnowledgeDocuments>
			<KnowledgeFields>
				<Field Name="DeliveryTime" Value="12:49"/>
				<Field Name="DeliveryDate" Value="21/05/2018"/>
				<Field Name="Driver" Value="gerard.mcgarrigle"/>
				<Field Name="SignatureName" Value="Test"/>
				<Field Name="DeliveryID" Value="1234test"/>
				<Field Name="Surname" Value=""/>
				<Field Name="Firstname" Value=""/>
				<Field Name="Address" Value=""/>
				<Field Name="Postcode" Value=""/>
				<Field Name="Signature" Value="C:\Nuance\MobileDemo\Home\WebCapture\WORK\a0bfb4a7-c1c5-444f-bc92-9e5068fbd217\Signature_201805211249371129.png"/>
				<Field Name="GPS" Value="53.4491519, -6.2193011"/>
				<Field Name="UserName" Value="gerard.mcgarrigle"/>
				<Field Name="UserEmail" Value="Gerard.mcgarrigle@ricoh.ie"/>
				<Field Name="UserHomeFolder" Value="\\NUAN-MOBAD01\HOME\Gerard.mcgarrigle"/>
				<Field Name="FormName" Value="Delivery Acceptance"/>
				<Field Name="JobID" Value="383440285-51523-18332-175-92"/>
			</KnowledgeFields>
		</KnowledgeObject>
	</KnowledgeObjects>
</AutoStore>
