<?xml version="1.0" encoding="utf-8"?>
<AutoStore NSI_SIG2="DD48A00083DC0B46A46C4CA0F6465F5BC8DC82E145600910D932619BEE49F915F3F21C16FC2FA7C0366BDF7415FDABA1">
	<Header Version="2" DateCreated="2017-12-16" TimeCreated="16:39:47" AUTHOR="" COMMENTS=""/>
	<KnowledgeObjects ObjID="1328882602-47523-18402-142-216">
		<KnowledgeObject ObjID="3972557322-39024-17373-166-191">
			<KnowledgeDocuments>
				<KnowledgeDocument Type="png" Name="Signed_201712161639470736.png" ObjID="2865593967-32568-20058-183-88" DocRef="3523810065-29015-20119-179-121.dat"/>
			</KnowledgeDocuments>
			<KnowledgeFields>
				<Field Name="JobID" Value="3972557322-39024-17373-166-191"/>
				<Field Name="FormName" Value="Submit TimeSheet"/>
				<Field Name="UserHomeFolder" Value="\\NUAN-MOBAD01\HOME\Tim Whitmore"/>
				<Field Name="UserEmail" Value="tim.whitmore@ricoh-usa.com"/>
				<Field Name="UserName" Value="tim whitmore"/>
				<Field Name="Submitted" Value="16-12-2017"/>
				<Field Name="TotalHours" Value=""/>
				<Field Name="TimeSheetID" Value="0000049"/>
				<Field Name="WeekEnding" Value="16-12-2017"/>
				<Field Name="MonStart" Value=""/>
				<Field Name="MonEnd" Value=""/>
				<Field Name="MonHours" Value=""/>
				<Field Name="TueStart" Value=""/>
				<Field Name="TueEnd" Value=""/>
				<Field Name="TueHours" Value=""/>
				<Field Name="WedStart" Value=""/>
				<Field Name="WedEnd" Value=""/>
				<Field Name="WedHours" Value=""/>
				<Field Name="ThuStart" Value=""/>
				<Field Name="ThuEnd" Value=""/>
				<Field Name="ThuHours" Value=""/>
				<Field Name="FriStart" Value=""/>
				<Field Name="FriEnd" Value=""/>
				<Field Name="FriHours" Value=""/>
				<Field Name="ContractorID" Value="tim whitmore"/>
				<Field Name="Signature" Value="C:\Nuance\MobileDemo\Home\WebCapture\WORK\e65c3ffc-b28b-40cf-b676-d83bbc562810\Signed_201712161639470736.png"/>
				<Field Name="ContractorName" Value="Tim Whitmore Tim Whitmore"/>
			</KnowledgeFields>
		</KnowledgeObject>
	</KnowledgeObjects>
</AutoStore>
