<?xml version="1.0" encoding="utf-8"?>
<AutoStore NSI_SIG2="9108A3AF967CF847D158C07429E4C7B1448C380B74D27D02ACF35734F073396763E45267824B32281DBC7C19EE0E8BF9">
	<Header Version="2" DateCreated="2018-04-25" TimeCreated="20:08:32" AUTHOR="" COMMENTS=""/>
	<KnowledgeObjects ObjID="565956794-27322-17516-154-18">
		<KnowledgeObject ObjID="854430464-13288-17463-151-199">
			<KnowledgeDocuments>
				<KnowledgeDocument Type="pdf" Name="Patient ID Labels.pdf" ObjID="3028754127-18879-19764-129-148" DocRef="3795731700-35463-18274-177-216.dat"/>
				<KnowledgeDocument Type="png" Name="Signature_201804252008289947.png" ObjID="422224721-40093-18042-140-170" DocRef="1274067308-55677-20334-163-80.dat"/>
			</KnowledgeDocuments>
			<KnowledgeFields>
				<Field Name="DeliveryTime" Value="20:08"/>
				<Field Name="DeliveryDate" Value="25/04/2018"/>
				<Field Name="Driver" Value="jim"/>
				<Field Name="SignatureName" Value="Hooigdw"/>
				<Field Name="DeliveryID" Value="Hdtjjgf"/>
				<Field Name="Surname" Value=""/>
				<Field Name="Firstname" Value=""/>
				<Field Name="Address" Value=""/>
				<Field Name="Postcode" Value=""/>
				<Field Name="Signature" Value="C:\Nuance\MobileDemo\Home\WebCapture\WORK\ed002eea-e922-424e-9e46-e7481896a38e\Signature_201804252008289947.png"/>
				<Field Name="GPS" Value="33.70326171098063, -117.31942496159532"/>
				<Field Name="UserName" Value="jim"/>
				<Field Name="UserEmail" Value="James.saavedra@nuance.com"/>
				<Field Name="UserHomeFolder" Value="\\NUAN-MOBAD01\HOME\Jim"/>
				<Field Name="FormName" Value="Delivery Acceptance"/>
				<Field Name="JobID" Value="854430464-13288-17463-151-199"/>
			</KnowledgeFields>
		</KnowledgeObject>
	</KnowledgeObjects>
</AutoStore>
