<?xml version="1.0" encoding="utf-8"?>
<AutoStore NSI_SIG2="B5CA52478C32C13788B5A14D7D84580178D298D778A3B49494FD12AA59478BF6E954AA14DF32C59087FF09466AAEC12B">
	<Header Version="2" DateCreated="2018-12-16" TimeCreated="18:39:23" AUTHOR="" COMMENTS=""/>
	<KnowledgeObjects ObjID="3042553672-24391-16750-140-77">
		<KnowledgeObject ObjID="4274458367-19319-19279-154-225">
			<KnowledgeDocuments>
				<KnowledgeDocument Type="html" Name="ford_429_1@msn.com_(XODICE_(this_PC))_-_Dropbox-18.html" ObjID="1529257918-42819-18324-149-241" DocRef="796201141-173-16751-153-215.dat"/>
				<KnowledgeDocument Type="png" Name="Signature_201812161839151089.png" ObjID="378727025-9742-18506-166-76" DocRef="3235773385-16969-18450-191-254.dat"/>
			</KnowledgeDocuments>
			<KnowledgeFields>
				<Field Name="DeliveryTime" Value="18:39"/>
				<Field Name="DeliveryDate" Value="16/12/2018"/>
				<Field Name="Driver" Value="xodice"/>
				<Field Name="SignatureName" Value="Cliff keen 1992"/>
				<Field Name="DeliveryID" Value="PA43201-1914"/>
				<Field Name="Surname" Value=""/>
				<Field Name="Firstname" Value=""/>
				<Field Name="Address" Value=""/>
				<Field Name="Postcode" Value=""/>
				<Field Name="Signature" Value="C:\Nuance\MobileDemo\Home\WebCapture\WORK\3d7774eb-5dfb-4ce5-af0b-ce570c396539\Signature_201812161839151089.png"/>
				<Field Name="GPS" Value="43.29965570438272, -72.47382580400436"/>
				<Field Name="UserName" Value="xodice"/>
				<Field Name="UserEmail" Value="Nparillo@ssdvermont.com"/>
				<Field Name="UserHomeFolder" Value="\\NUAN-MOBAD01\HOME\Xodice"/>
				<Field Name="FormName" Value="Delivery Acceptance"/>
				<Field Name="JobID" Value="4274458367-19319-19279-154-225"/>
			</KnowledgeFields>
		</KnowledgeObject>
	</KnowledgeObjects>
</AutoStore>
