<?xml version="1.0" encoding="utf-8"?>
<AutoStore NSI_SIG2="AC29C33B8A7B822C89BA448C9C1E5A43A9B6ADAEAA13E1F2058CF5AB76D33CFAEBD541EDA2B7A1750FC6CFC434ECDFD9">
	<Header Version="2" DateCreated="2018-02-22" TimeCreated="20:45:40" AUTHOR="" COMMENTS=""/>
	<KnowledgeObjects ObjID="1803772075-36323-18037-139-213">
		<KnowledgeObject ObjID="3737350936-26451-19413-158-138">
			<KnowledgeDocuments>
				<KnowledgeDocument Type="png" Name="Signed_201802222045382197.png" ObjID="979125949-11555-18558-138-220" DocRef="427321381-19010-19269-139-245.dat"/>
				<KnowledgeDocument Type="TXT" Name="TimeSheet.TXT" ObjID="754406679-54852-16869-129-231" DocRef="880165696-39329-17005-154-139.dat"/>
			</KnowledgeDocuments>
			<KnowledgeFields>
				<Field Name="ContractorName" Value="aaroncsa aaroncsa"/>
				<Field Name="Signature" Value="C:\Nuance\MobileDemo\Home\WebCapture\WORK\5ce0f06d-3610-4274-af99-6d890e56e1af\Signed_201802222045382197.png"/>
				<Field Name="ContractorID" Value="aaroncsa"/>
				<Field Name="FriHours" Value=""/>
				<Field Name="FriEnd" Value=""/>
				<Field Name="FriStart" Value=""/>
				<Field Name="ThuHours" Value=""/>
				<Field Name="ThuEnd" Value=""/>
				<Field Name="ThuStart" Value=""/>
				<Field Name="WedHours" Value=""/>
				<Field Name="WedEnd" Value=""/>
				<Field Name="WedStart" Value=""/>
				<Field Name="TueHours" Value=""/>
				<Field Name="TueEnd" Value=""/>
				<Field Name="TueStart" Value=""/>
				<Field Name="MonHours" Value=""/>
				<Field Name="MonEnd" Value=""/>
				<Field Name="MonStart" Value=""/>
				<Field Name="WeekEnding" Value="09-02-2018"/>
				<Field Name="TimeSheetID" Value="0000083"/>
				<Field Name="TotalHours" Value=""/>
				<Field Name="Submitted" Value="22-02-2018"/>
				<Field Name="UserName" Value="aaroncsa"/>
				<Field Name="UserEmail" Value="aconder@csa.canon.com"/>
				<Field Name="UserHomeFolder" Value="\\NUAN-MOBAD01\HOME\aaroncsa"/>
				<Field Name="FormName" Value="Submit TimeSheet"/>
				<Field Name="JobID" Value="3737350936-26451-19413-158-138"/>
			</KnowledgeFields>
		</KnowledgeObject>
	</KnowledgeObjects>
</AutoStore>
