<?xml version="1.0" encoding="utf-8"?>
<AutoStore NSI_SIG2="739BA4572DA25366DBC22A9684E102FF6790F369EE9692944DD8B704B2A75BB22C0C5A944BBDA99C77B11C7339B9F36F">
	<Header Version="2" DateCreated="2018-03-27" TimeCreated="14:50:06" AUTHOR="" COMMENTS=""/>
	<KnowledgeObjects ObjID="4269481771-50235-19011-147-82">
		<KnowledgeObject ObjID="527274205-20070-17542-156-23">
			<KnowledgeDocuments>
				<KnowledgeDocument Type="jpg" Name="1522162150105.jpg" ObjID="793563321-55105-17920-153-67" DocRef="2733217002-44151-19339-134-99.dat"/>
				<KnowledgeDocument Type="png" Name="Sketch_201803271450063398.png" ObjID="127956809-60533-17920-135-200" DocRef="3325697842-20932-19988-181-190.dat"/>
			</KnowledgeDocuments>
			<KnowledgeFields>
				<Field Name="WitnessMobile2" Value=""/>
				<Field Name="WitnessPhone2" Value=""/>
				<Field Name="WitnessAddress2" Value=""/>
				<Field Name="WitnessName2" Value=""/>
				<Field Name="WitnessMobile1" Value=""/>
				<Field Name="WitnessPhone1" Value=""/>
				<Field Name="WitnessAddress1" Value=""/>
				<Field Name="WitnessName1" Value=""/>
				<Field Name="OtherInfor" Value=""/>
				<Field Name="BadgeNumber" Value=""/>
				<Field Name="Phone" Value=""/>
				<Field Name="Department" Value=""/>
				<Field Name="OfficerName" Value=""/>
				<Field Name="OtherInjuries" Value=""/>
				<Field Name="OtherPassenger" Value=""/>
				<Field Name="YourInjuries" Value=""/>
				<Field Name="YourPassengers" Value=""/>
				<Field Name="OtherDriverPhone" Value=""/>
				<Field Name="OtherDriverAddress" Value=""/>
				<Field Name="OtherDriverName" Value=""/>
				<Field Name="InsuranceCompany" Value=""/>
				<Field Name="Registration" Value=""/>
				<Field Name="VehicleColour" Value=""/>
				<Field Name="VehicleModel" Value=""/>
				<Field Name="VehicleMake" Value=""/>
				<Field Name="OwnerPhone" Value=""/>
				<Field Name="OwnerAddress" Value=""/>
				<Field Name="OwnerName" Value=""/>
				<Field Name="OtherRecovery" Value=""/>
				<Field Name="OtherVehicleDamage" Value=""/>
				<Field Name="YourRecovery" Value=""/>
				<Field Name="YourVehicleDamage" Value=""/>
				<Field Name="AccidentDetails" Value="YdhshSjxjdb dude. Did she sjd8wb ? to you to usv"/>
				<Field Name="Location" Value="225-299 W Washington St, Chicago, IL 60606, USA"/>
				<Field Name="Conditions" Value="Rain/wet pavement"/>
				<Field Name="AccidentTime" Value="5:35 pm"/>
				<Field Name="AccidentDate" Value="3/27/2018"/>
				<Field Name="FileCount" Value="2"/>
				<Field Name="RenameSchema" Value="Accident Form - 3/27/2018 5:35 pm"/>
				<Field Name="Section" Value="Insurance and Financial Services"/>
				<Field Name="UserHomeFolder" Value="\\NUAN-MOBAD01\HOME\hvelez"/>
				<Field Name="UserEmail" Value="hvelez@csa.canon.com"/>
				<Field Name="UserName" Value="hvelez"/>
				<Field Name="FormName" Value="Accident Damage Report"/>
				<Field Name="JobID" Value="527274205-20070-17542-156-23"/>
			</KnowledgeFields>
		</KnowledgeObject>
	</KnowledgeObjects>
</AutoStore>
