<?xml version="1.0" encoding="utf-8"?>
<AutoStore NSI_SIG2="DEA6B5DB415FAA148D2164129C3AEB5DF663AB117825B1A908C5561B707732298B7CEB61BA67CC65C594BC3DC8A948F3">
	<Header Version="2" DateCreated="2018-05-16" TimeCreated="18:59:58" AUTHOR="" COMMENTS=""/>
	<KnowledgeObjects ObjID="2377553421-32701-19441-187-92">
		<KnowledgeObject ObjID="3096451109-48567-20414-135-141">
			<KnowledgeDocuments>
				<KnowledgeDocument Type="pdf" Name="Machine ID Labels.pdf" ObjID="3735947984-28821-19312-129-28" DocRef="1661139150-436-19239-160-98.dat"/>
				<KnowledgeDocument Type="png" Name="Signature_201805161859549173.png" ObjID="2650765592-36725-18406-137-126" DocRef="2772240865-16727-19810-158-177.dat"/>
			</KnowledgeDocuments>
			<KnowledgeFields>
				<Field Name="DeliveryTime" Value="18:59"/>
				<Field Name="DeliveryDate" Value="16/05/2018"/>
				<Field Name="Driver" Value="jasonbookee"/>
				<Field Name="SignatureName" Value="Booker"/>
				<Field Name="DeliveryID" Value="2345678901"/>
				<Field Name="Surname" Value="Jones"/>
				<Field Name="Firstname" Value="Peter"/>
				<Field Name="Address" Value="High End Farm, Preston Road, Lytham"/>
				<Field Name="Postcode" Value="FY0 1YS"/>
				<Field Name="Signature" Value="C:\Nuance\MobileDemo\Home\WebCapture\WORK\56a09416-5123-4ffc-834f-ef806b03a409\Signature_201805161859549173.png"/>
				<Field Name="GPS" Value="52.15953984020831, -106.6771593680004"/>
				<Field Name="UserName" Value="jasonbookee"/>
				<Field Name="UserEmail" Value="stolensomeone@hotmail.com"/>
				<Field Name="UserHomeFolder" Value="\\NUAN-MOBAD01\HOME\JasonBookee"/>
				<Field Name="FormName" Value="Delivery Acceptance"/>
				<Field Name="JobID" Value="3096451109-48567-20414-135-141"/>
			</KnowledgeFields>
		</KnowledgeObject>
	</KnowledgeObjects>
</AutoStore>
