<?xml version="1.0" encoding="utf-8"?>
<AutoStore NSI_SIG2="7DA0C45792597AD53D065ADEB4A7B0D396F376BCACFC913179D6CFA3DCF5FD07164B030E1B78514423798361F9BC3EC2">
	<Header Version="2" DateCreated="2018-07-05" TimeCreated="10:26:02" AUTHOR="" COMMENTS=""/>
	<KnowledgeObjects ObjID="690594028-42084-17835-157-183">
		<KnowledgeObject ObjID="3863356895-60542-20257-161-213">
			<KnowledgeDocuments>
				<KnowledgeDocument Type="jpg" Name="1530786340264.jpg" ObjID="3731799950-18689-18740-164-198" DocRef="70941791-54990-17606-161-38.dat"/>
			</KnowledgeDocuments>
			<KnowledgeFields>
				<Field Name="WitnessMobile2" Value=""/>
				<Field Name="WitnessPhone2" Value=""/>
				<Field Name="WitnessAddress2" Value=""/>
				<Field Name="WitnessName2" Value=""/>
				<Field Name="WitnessMobile1" Value=""/>
				<Field Name="WitnessPhone1" Value=""/>
				<Field Name="WitnessAddress1" Value=""/>
				<Field Name="WitnessName1" Value=""/>
				<Field Name="OtherInfor" Value=""/>
				<Field Name="BadgeNumber" Value=""/>
				<Field Name="Phone" Value=""/>
				<Field Name="Department" Value=""/>
				<Field Name="OfficerName" Value=""/>
				<Field Name="OtherInjuries" Value=""/>
				<Field Name="OtherPassenger" Value=""/>
				<Field Name="YourInjuries" Value=""/>
				<Field Name="YourPassengers" Value=""/>
				<Field Name="OtherDriverPhone" Value=""/>
				<Field Name="OtherDriverAddress" Value=""/>
				<Field Name="OtherDriverName" Value=""/>
				<Field Name="InsuranceCompany" Value=""/>
				<Field Name="Registration" Value=""/>
				<Field Name="VehicleColour" Value=""/>
				<Field Name="VehicleModel" Value=""/>
				<Field Name="VehicleMake" Value=""/>
				<Field Name="OwnerPhone" Value=""/>
				<Field Name="OwnerAddress" Value=""/>
				<Field Name="OwnerName" Value=""/>
				<Field Name="OtherRecovery" Value=""/>
				<Field Name="OtherVehicleDamage" Value=""/>
				<Field Name="YourRecovery" Value=""/>
				<Field Name="YourVehicleDamage" Value=""/>
				<Field Name="AccidentDetails" Value="Ran over a sheep"/>
				<Field Name="Location" Value="Broadgate Tower, London EC2A 2EW, UK"/>
				<Field Name="Conditions" Value="Wet"/>
				<Field Name="AccidentTime" Value="11:00"/>
				<Field Name="AccidentDate" Value="7/5/2018"/>
				<Field Name="FileCount" Value="1"/>
				<Field Name="RenameSchema" Value="Accident Form - 7/5/2018 11:00"/>
				<Field Name="Section" Value="Insurance and Financial Services"/>
				<Field Name="UserHomeFolder" Value="\\NUAN-MOBAD01\HOME\Colin Seal"/>
				<Field Name="UserEmail" Value="colin.seal@ricoh.co.uk"/>
				<Field Name="UserName" Value="colin seal"/>
				<Field Name="FormName" Value="Accident Damage Report"/>
				<Field Name="JobID" Value="3863356895-60542-20257-161-213"/>
			</KnowledgeFields>
		</KnowledgeObject>
	</KnowledgeObjects>
</AutoStore>
