<?xml version="1.0" encoding="utf-8"?>
<AutoStore NSI_SIG2="0BEACE8620B01E1B17C81DEAF3C18B41AE9FC11FA16F8AD648558E093196C898514B1E93006D0B828AB22F6B2EBB3820">
	<Header Version="2" DateCreated="2018-09-22" TimeCreated="21:42:33" AUTHOR="" COMMENTS=""/>
	<KnowledgeObjects ObjID="3613821485-2243-17552-169-135">
		<KnowledgeObject ObjID="3100715960-30697-20080-137-174">
			<KnowledgeDocuments>
				<KnowledgeDocument Type="jpg" Name="15480.jpg" ObjID="823298319-65431-19518-139-215" DocRef="3675558010-50560-20046-140-109.dat"/>
				<KnowledgeDocument Type="png" Name="Sketch_201809222142319444.png" ObjID="990384342-54798-18921-160-153" DocRef="4106351783-41587-18979-188-148.dat"/>
			</KnowledgeDocuments>
			<KnowledgeFields>
				<Field Name="WitnessMobile2" Value=""/>
				<Field Name="WitnessPhone2" Value=""/>
				<Field Name="WitnessAddress2" Value=""/>
				<Field Name="WitnessName2" Value=""/>
				<Field Name="WitnessMobile1" Value=""/>
				<Field Name="WitnessPhone1" Value=""/>
				<Field Name="WitnessAddress1" Value=""/>
				<Field Name="WitnessName1" Value=""/>
				<Field Name="OtherInfor" Value=""/>
				<Field Name="BadgeNumber" Value=""/>
				<Field Name="Phone" Value=""/>
				<Field Name="Department" Value=""/>
				<Field Name="OfficerName" Value=""/>
				<Field Name="OtherInjuries" Value=""/>
				<Field Name="OtherPassenger" Value=""/>
				<Field Name="YourInjuries" Value=""/>
				<Field Name="YourPassengers" Value=""/>
				<Field Name="OtherDriverPhone" Value=""/>
				<Field Name="OtherDriverAddress" Value=""/>
				<Field Name="OtherDriverName" Value=""/>
				<Field Name="InsuranceCompany" Value=""/>
				<Field Name="Registration" Value=""/>
				<Field Name="VehicleColour" Value=""/>
				<Field Name="VehicleModel" Value=""/>
				<Field Name="VehicleMake" Value=""/>
				<Field Name="OwnerPhone" Value=""/>
				<Field Name="OwnerAddress" Value=""/>
				<Field Name="OwnerName" Value=""/>
				<Field Name="OtherRecovery" Value=""/>
				<Field Name="OtherVehicleDamage" Value="BMW"/>
				<Field Name="YourRecovery" Value="ADAC"/>
				<Field Name="YourVehicleDamage" Value="VW Golf"/>
				<Field Name="AccidentDetails" Value="Panne"/>
				<Field Name="Location" Value="Langkofelweg 8A, 12247 Berlin, Deutschland"/>
				<Field Name="Conditions" Value="nass"/>
				<Field Name="AccidentTime" Value="23.43"/>
				<Field Name="AccidentDate" Value="9/21/2018"/>
				<Field Name="FileCount" Value="2"/>
				<Field Name="RenameSchema" Value="Accident Form - 9/21/2018 23.43"/>
				<Field Name="Section" Value="Insurance and Financial Services"/>
				<Field Name="UserHomeFolder" Value="\\NUAN-MOBAD01\HOME\TGaede"/>
				<Field Name="UserEmail" Value="t.gaede@cvu-berlin.de"/>
				<Field Name="UserName" Value="tgaede"/>
				<Field Name="FormName" Value="Accident Damage Report"/>
				<Field Name="JobID" Value="3100715960-30697-20080-137-174"/>
			</KnowledgeFields>
		</KnowledgeObject>
	</KnowledgeObjects>
</AutoStore>
