<?xml version="1.0" encoding="utf-8"?>
<AutoStore NSI_SIG2="2B66EB78315139F1FE4D0BDCCF686FA995C3F091FF8CD956C45B6686B781D74DE9078866851468720E44AB55849CD044">
	<Header Version="2" DateCreated="2017-11-15" TimeCreated="15:54:01" AUTHOR="" COMMENTS=""/>
	<KnowledgeObjects ObjID="3785306245-3168-17068-135-200">
		<KnowledgeObject ObjID="2028735129-50044-19527-180-89">
			<KnowledgeDocuments>
				<KnowledgeDocument Type="png" Name="Goverment-icon-128.png" ObjID="3561824876-75-18879-150-131" DocRef="1575702006-43034-17932-153-217.dat"/>
				<KnowledgeDocument Type="png" Name="Medical-Nurse-Female-Light-icon-128.png" ObjID="77472916-15459-18264-164-90" DocRef="1469408193-13227-19107-168-54.dat"/>
				<KnowledgeDocument Type="png" Name="Info-icon-128.png" ObjID="4091789122-52689-16420-162-26" DocRef="462536528-48646-17161-152-56.dat"/>
				<KnowledgeDocument Type="png" Name="Info-icon-256.png" ObjID="3250818545-30172-20346-157-36" DocRef="1667671266-5660-18280-179-2.dat"/>
				<KnowledgeDocument Type="png" Name="Property-icon-128.png" ObjID="1216263374-14319-17632-166-216" DocRef="1329230680-22238-20070-149-88.dat"/>
				<KnowledgeDocument Type="png" Name="Top-Secret-Folder-icon-128.png" ObjID="1000217279-48160-16666-144-253" DocRef="3203737763-54729-18773-164-30.dat"/>
				<KnowledgeDocument Type="png" Name="DriversSignature_201711151553598652.png" ObjID="1569364231-16833-20145-170-246" DocRef="1059339379-56265-17842-173-242.dat"/>
				<KnowledgeDocument Type="png" Name="CustomerSignature_201711151553598652.png" ObjID="3056797034-2165-20002-158-181" DocRef="2574600279-47287-17682-176-221.dat"/>
			</KnowledgeDocuments>
			<KnowledgeFields>
				<Field Name="RenameSchema" Value="MW13BWE-15-11-2017-C:\Nuance\MobileDemo\Data\JCH\MW13BWE\15-11-2017\MW13BWE_15-11-2017_1.txt"/>
				<Field Name="Section" Value="Logistics\Livestock Transportation"/>
				<Field Name="DelNo" Value=""/>
				<Field Name="MAFFAuthorisation" Value="GALLAS/000992"/>
				<Field Name="Driver" Value="John Campbell-Higgens"/>
				<Field Name="HaulageAssuranceNo" Value="~ASX::%HaulageAssuranceNo%~"/>
				<Field Name="DepatureTime" Value="10:00"/>
				<Field Name="DepartureDate" Value="15/11/2017"/>
				<Field Name="DepartureTown" Value="Bolton"/>
				<Field Name="DepartureAddress" Value="Newholme Farm"/>
				<Field Name="AnimalType" Value="Sheep"/>
				<Field Name="AnimalQty" Value="50"/>
				<Field Name="OwnerTown" Value="Bolton"/>
				<Field Name="OwnerAddress" Value="Newholme Farm"/>
				<Field Name="OwnerName" Value="Fred Smith"/>
				<Field Name="DeliveryNumber" Value="C:\Nuance\MobileDemo\Data\JCH\MW13BWE\15-11-2017\MW13BWE_15-11-2017_1.txt"/>
				<Field Name="DeliveryDate" Value="15-11-2017"/>
				<Field Name="VehicleReg" Value="MW13BWE"/>
				<Field Name="UserName" Value="JCH"/>
				<Field Name="UserEmail" Value="jch@ndi-demo.local"/>
				<Field Name="UserHomeFolder" Value="\\AS-OF360\Users\JCH"/>
				<Field Name="FormName" Value="Delivery Confirmation"/>
				<Field Name="JobID" Value="2028735129-50044-19527-180-89"/>
				<Field Name="DestinationAddress" Value="Processing Plant"/>
				<Field Name="DestinationTown" Value="Bury"/>
				<Field Name="AnimalsAlive" Value="47"/>
				<Field Name="AnimalsInjured" Value="2"/>
				<Field Name="AnimalsDied" Value="1"/>
				<Field Name="FileCount" Value="8"/>
			</KnowledgeFields>
		</KnowledgeObject>
	</KnowledgeObjects>
</AutoStore>
