<?xml version="1.0" encoding="utf-8"?>
<AutoStore NSI_SIG2="99153BE9202290F05414277DF176B82A17CD61F14BBF2E2B7D841AAEB0C6845999E2CA6BF81E8DAE8C86955599C36703">
	<Header Version="2" DateCreated="2018-04-25" TimeCreated="19:20:08" AUTHOR="" COMMENTS=""/>
	<KnowledgeObjects ObjID="563943713-19729-17699-145-59">
		<KnowledgeObject ObjID="864151409-3010-19954-191-181">
			<KnowledgeDocuments>
				<KnowledgeDocument Type="pdf" Name="POD-Address Labels.pdf" ObjID="668541602-37358-20397-140-88" DocRef="1294851716-39758-19513-134-102.dat"/>
				<KnowledgeDocument Type="png" Name="Signature_201804251920040158.png" ObjID="2477352298-9976-19899-154-183" DocRef="1567697414-60622-18340-164-39.dat"/>
			</KnowledgeDocuments>
			<KnowledgeFields>
				<Field Name="DeliveryTime" Value="19:20"/>
				<Field Name="DeliveryDate" Value="25/04/2018"/>
				<Field Name="Driver" Value="jesaaved1"/>
				<Field Name="SignatureName" Value="James"/>
				<Field Name="DeliveryID" Value="418406"/>
				<Field Name="Surname" Value=""/>
				<Field Name="Firstname" Value=""/>
				<Field Name="Address" Value=""/>
				<Field Name="Postcode" Value=""/>
				<Field Name="Signature" Value="C:\Nuance\MobileDemo\Home\WebCapture\WORK\1c24ab94-2c44-4195-b3c6-52440074a140\Signature_201804251920040158.png"/>
				<Field Name="GPS" Value="33.703258, -117.3191518"/>
				<Field Name="UserName" Value="jesaaved1"/>
				<Field Name="UserEmail" Value="james.saavedra@hotmail.com"/>
				<Field Name="UserHomeFolder" Value="\\NUAN-MOBAD01\HOME\jesaaved1"/>
				<Field Name="FormName" Value="Delivery Acceptance"/>
				<Field Name="JobID" Value="864151409-3010-19954-191-181"/>
			</KnowledgeFields>
		</KnowledgeObject>
	</KnowledgeObjects>
</AutoStore>
