<?xml version="1.0" encoding="utf-8"?>
<AutoStore NSI_SIG2="7CD1C8607B89D0168B81D0ABE9E008513AE31C7D3C8104A552DCFC332B8C79572F8FF0D92E526E78CCF2B75F22F02B42">
	<Header Version="2" DateCreated="2018-07-14" TimeCreated="02:03:22" AUTHOR="" COMMENTS=""/>
	<KnowledgeObjects ObjID="2614641982-5229-18183-191-249">
		<KnowledgeObject ObjID="951740232-28659-16681-190-237">
			<KnowledgeDocuments>
				<KnowledgeDocument Type="jpg" Name="cdv_photo_001.jpg" ObjID="3744480015-57636-17205-137-172" DocRef="2646790745-45269-19324-189-239.dat"/>
			</KnowledgeDocuments>
			<KnowledgeFields>
				<Field Name="VisitParking" Value="No"/>
				<Field Name="VisitCarReg" Value=""/>
				<Field Name="VisitorCompany" Value=""/>
				<Field Name="SelectedVisitor" Value=""/>
				<Field Name="VisitorSurname" Value=""/>
				<Field Name="VisitorFirstname" Value=""/>
				<Field Name="VisitorHost" Value="daniel_larabie"/>
				<Field Name="VisitDate" Value=""/>
				<Field Name="UserName" Value="daniel_larabie"/>
				<Field Name="UserEmail" Value="daniel.larabie@nuance.com"/>
				<Field Name="UserHomeFolder" Value="\\NUAN-MOBAD01\HOME\DANIEL_LARABIE"/>
				<Field Name="FormName" Value="Visitor Badge"/>
				<Field Name="JodID" Value="951740232-28659-16681-190-237"/>
			</KnowledgeFields>
		</KnowledgeObject>
	</KnowledgeObjects>
</AutoStore>
