<?xml version="1.0" encoding="utf-8"?>
<AutoStore NSI_SIG2="03C45CB6E243B6480D48F9A55E3821A3DBF0CDF8CE32BF85EA3D1932C6B9C6F5CAE2B45468D0BE4C29A608208ED1F034">
	<Header Version="2" DateCreated="2020-02-23" TimeCreated="23:49:21" AUTHOR="" COMMENTS=""/>
	<KnowledgeObjects ObjID="1320040428-45766-18783-156-224">
		<KnowledgeObject ObjID="2491777776-48517-17042-148-241">
			<KnowledgeDocuments>
				<KnowledgeDocument Type="png" Name="InjuryedSignature_202002232349209112.png" ObjID="1133246177-2108-16908-136-99" DocRef="620907854-43815-18935-169-53.dat"/>
				<KnowledgeDocument Type="png" Name="CompletedBy_202002232349209162.png" ObjID="2564022945-62347-16518-188-85" DocRef="58330671-21575-16423-156-252.dat"/>
			</KnowledgeDocuments>
			<KnowledgeFields>
				<Field Name="FileCount" Value="2"/>
				<Field Name="ReportNo" Value="0010003"/>
				<Field Name="RenameSchema" Value="0010003-20200223"/>
				<Field Name="JobID" Value="2491777776-48517-17042-148-241"/>
				<Field Name="UserHomeFolder" Value="\\US01VMBCMD01\HOME\michael.gowland"/>
				<Field Name="UserEmail" Value="michael.gowland@capita.com"/>
				<Field Name="UserName" Value="michael.gowland"/>
				<Field Name="FormName" Value="Accident Report"/>
				<Field Name="FullName" Value="Mike"/>
				<Field Name="Address" Value="1 bow lake"/>
				<Field Name="PostCode" Value="So50 6jl"/>
				<Field Name="Telephone" Value="07809709359"/>
				<Field Name="JobTitle" Value="Pre sales"/>
				<Field Name="EmployeeNo" Value="P10354341"/>
				<Field Name="PersonType" Value="2"/>
				<Field Name="Location" Value="Homr"/>
				<Field Name="LocationAddress" Value=""/>
				<Field Name="DetailsOfInjury" Value=""/>
				<Field Name="TreatmentGiven" Value=""/>
				<Field Name="TreatedBy" Value=""/>
				<Field Name="FollowonAction" Value=""/>
				<Field Name="HospitalName" Value=""/>
				<Field Name="AccidentDate" Value=""/>
				<Field Name="AccidentTime" Value=""/>
				<Field Name="ExactLocation" Value=""/>
				<Field Name="Activity" Value=""/>
				<Field Name="FullDescription" Value=""/>
				<Field Name="CauseOfInjury" Value=""/>
				<Field Name="InjuredSignation" Value="C:\Kofax\MobileDemo\Home\WebCapture\WORK\2b607d07-1700-4c62-80fd-0e6016ae3111\InjuryedSignature_202002232349209112.png"/>
				<Field Name="CompletedBy" Value="C:\Kofax\MobileDemo\Home\WebCapture\WORK\b362b3c6-d4d0-4535-8aa8-89a9023440f4\CompletedBy_202002232349209162.png"/>
				<Field Name="Section" Value="Health and Safety"/>
			</KnowledgeFields>
		</KnowledgeObject>
	</KnowledgeObjects>
</AutoStore>
