<?xml version="1.0" encoding="utf-8"?>
<AutoStore NSI_SIG2="4D87F133A7B2FE3DCDCC1646EA71AF3BC5088AC38FE5E4C0D488F688CC4347F7191660AF959708A99014D8BB4D4585F2">
	<Header Version="2" DateCreated="2018-10-10" TimeCreated="03:43:36" AUTHOR="" COMMENTS=""/>
	<KnowledgeObjects ObjID="2607214640-49865-19517-134-206">
		<KnowledgeObject ObjID="3843578623-16174-19774-179-132">
			<KnowledgeDocuments>
				<KnowledgeDocument Type="pdf" Name="DOJBOP Nicholas g Parillo - 00001.pdf" ObjID="1178798470-24502-17334-144-102" DocRef="1393360855-47624-19018-133-20.dat"/>
				<KnowledgeDocument Type="png" Name="Signature_201810100343264390.png" ObjID="853830530-115-17712-181-106" DocRef="3673303807-505-16961-180-54.dat"/>
			</KnowledgeDocuments>
			<KnowledgeFields>
				<Field Name="DeliveryTime" Value="03:43"/>
				<Field Name="DeliveryDate" Value="10/10/2018"/>
				<Field Name="Driver" Value="xodice"/>
				<Field Name="SignatureName" Value="Noah Shapiro"/>
				<Field Name="DeliveryID" Value="http://bit.ly/hfTbX5?r=qr"/>
				<Field Name="Surname" Value=""/>
				<Field Name="Firstname" Value=""/>
				<Field Name="Address" Value=""/>
				<Field Name="Postcode" Value=""/>
				<Field Name="Signature" Value="C:\Nuance\MobileDemo\Home\WebCapture\WORK\c28b6e30-a95f-4c03-9769-18b73a045e45\Signature_201810100343264390.png"/>
				<Field Name="GPS" Value="43.299707062127574, -72.47370934825703"/>
				<Field Name="UserName" Value="xodice"/>
				<Field Name="UserEmail" Value="Nparillo@ssdvermont.com"/>
				<Field Name="UserHomeFolder" Value="\\NUAN-MOBAD01\HOME\Xodice"/>
				<Field Name="FormName" Value="Delivery Acceptance"/>
				<Field Name="JobID" Value="3843578623-16174-19774-179-132"/>
			</KnowledgeFields>
		</KnowledgeObject>
	</KnowledgeObjects>
</AutoStore>
