<?xml version="1.0" encoding="utf-8"?>
<AutoStore NSI_SIG2="626179310342CC44BB541F9B64FF464E475CBCDA4EE053E62D1B3F442076CF6D22283CC13CFC6A53A0EC443A21042D42">
	<Header Version="2" DateCreated="2018-08-10" TimeCreated="14:56:37" AUTHOR="" COMMENTS=""/>
	<KnowledgeObjects ObjID="2418846210-3703-17323-185-19">
		<KnowledgeObject ObjID="875398094-17734-16502-132-228">
			<KnowledgeDocuments>
				<KnowledgeDocument Type="jpg" Name="1533912977612.jpg" ObjID="3545269762-47939-18177-187-233" DocRef="155123479-55073-18464-181-219.dat"/>
				<KnowledgeDocument Type="jpg" Name="1533912986652.jpg" ObjID="3816863412-38969-17097-181-19" DocRef="4255598802-47345-18604-145-168.dat"/>
				<KnowledgeDocument Type="png" Name="DriversSignature_201808101456362676.png" ObjID="868779060-29803-19857-129-50" DocRef="309013774-60934-19929-172-117.dat"/>
				<KnowledgeDocument Type="png" Name="CustomerSignature_201808101456362676.png" ObjID="3249337526-51573-17191-154-141" DocRef="1991081488-33072-19002-160-20.dat"/>
			</KnowledgeDocuments>
			<KnowledgeFields>
				<Field Name="FileCount" Value="4"/>
				<Field Name="AnimalsDied" Value=""/>
				<Field Name="AnimalsInjured" Value=""/>
				<Field Name="AnimalsAlive" Value=""/>
				<Field Name="DestinationTown" Value=""/>
				<Field Name="DestinationAddress" Value=""/>
				<Field Name="JobID" Value="875398094-17734-16502-132-228"/>
				<Field Name="FormName" Value="Delivery Confirmation"/>
				<Field Name="UserHomeFolder" Value="\\NUAN-MOBAD01\HOME\Terry"/>
				<Field Name="UserEmail" Value="terry.amyott@ricoh.ca"/>
				<Field Name="UserName" Value="terry"/>
				<Field Name="VehicleReg" Value="4567"/>
				<Field Name="DeliveryDate" Value="23-05-2018"/>
				<Field Name="DeliveryNumber" Value=""/>
				<Field Name="OwnerName" Value="John"/>
				<Field Name="OwnerAddress" Value="123 main"/>
				<Field Name="OwnerTown" Value="Fort nelson"/>
				<Field Name="AnimalQty" Value="67"/>
				<Field Name="AnimalType" Value="Sheep"/>
				<Field Name="DepartureAddress" Value="432 fory"/>
				<Field Name="DepartureTown" Value="Rew"/>
				<Field Name="DepartureDate" Value=""/>
				<Field Name="DepatureTime" Value=""/>
				<Field Name="HaulageAssuranceNo" Value="~ASX::%HaulageAssuranceNo%~"/>
				<Field Name="Driver" Value="Terry"/>
				<Field Name="MAFFAuthorisation" Value="GALLAS/000992"/>
				<Field Name="DataFile" Value="C:\Nuance\MobileDemo\Data\terry\4567\23-05-2018\4567_23-05-2018_4598.txt"/>
				<Field Name="Section" Value="Logistics\Livestock Transportation"/>
				<Field Name="RenameSchema" Value="4567-23-05-2018-C:\Nuance\MobileDemo\Data\terry\4567\23-05-2018\4567_23-05-2018_4598.txt"/>
			</KnowledgeFields>
		</KnowledgeObject>
	</KnowledgeObjects>
</AutoStore>
