<?xml version="1.0" encoding="utf-8"?>
<AutoStore NSI_SIG2="9EE54E99F9A2A9A6F505104D25496FF500772E6FF08C4F68ADE2D87E7416FEA28D6CFAC062A1368C18027DC354D7C8A3">
	<Header Version="2" DateCreated="2019-01-01" TimeCreated="21:33:28" AUTHOR="" COMMENTS=""/>
	<KnowledgeObjects ObjID="1322435075-22943-16735-165-39">
		<KnowledgeObject ObjID="2982565222-65109-19458-141-126">
			<KnowledgeDocuments>
				<KnowledgeDocument Type="html" Name="ford_429_1@msn.com_(XODICE_(this_PC))_-_Dropbox-19.html" ObjID="3798794447-44685-17460-156-210" DocRef="764158088-247-20102-149-121.dat"/>
				<KnowledgeDocument Type="png" Name="Signature_201901012133251125.png" ObjID="3334675169-24675-19201-172-137" DocRef="3679559445-11214-17055-158-26.dat"/>
			</KnowledgeDocuments>
			<KnowledgeFields>
				<Field Name="DeliveryTime" Value="21:33"/>
				<Field Name="DeliveryDate" Value="01/01/2019"/>
				<Field Name="Driver" Value="xodice"/>
				<Field Name="SignatureName" Value="Cliff keen"/>
				<Field Name="DeliveryID" Value="-111368731_11/29/2018"/>
				<Field Name="Surname" Value=""/>
				<Field Name="Firstname" Value=""/>
				<Field Name="Address" Value=""/>
				<Field Name="Postcode" Value=""/>
				<Field Name="Signature" Value="C:\Nuance\MobileDemo\Home\WebCapture\WORK\090c6c25-c606-4a6a-a865-8e1c3fca5b31\Signature_201901012133251125.png"/>
				<Field Name="GPS" Value="43.29965499182629, -72.47382769082782"/>
				<Field Name="UserName" Value="xodice"/>
				<Field Name="UserEmail" Value="Nparillo@ssdvermont.com"/>
				<Field Name="UserHomeFolder" Value="\\NUAN-MOBAD01\HOME\Xodice"/>
				<Field Name="FormName" Value="Delivery Acceptance"/>
				<Field Name="JobID" Value="2982565222-65109-19458-141-126"/>
			</KnowledgeFields>
		</KnowledgeObject>
	</KnowledgeObjects>
</AutoStore>
