<?xml version="1.0" encoding="utf-8"?>
<AutoStore NSI_SIG2="8ECD9D184DD1B14416593C5D37DDD1CB6B5CC14D633EC72DE1A6E5C62ECB62A3FF2E80B25E05D2E167D11F1690952F0F">
	<Header Version="2" DateCreated="2018-06-23" TimeCreated="18:53:51" AUTHOR="" COMMENTS=""/>
	<KnowledgeObjects ObjID="2265676745-38289-16487-161-2">
		<KnowledgeObject ObjID="4097078348-12009-17387-134-188">
			<KnowledgeDocuments>
				<KnowledgeDocument Type="pdf" Name="CustomerIDLabels.pdf" ObjID="2564592747-30795-20002-182-208" DocRef="3315306777-4835-18670-147-147.dat"/>
				<KnowledgeDocument Type="png" Name="Signature_201806231853467559.png" ObjID="3057092270-43841-18279-187-214" DocRef="3452789440-1622-16976-167-252.dat"/>
			</KnowledgeDocuments>
			<KnowledgeFields>
				<Field Name="DeliveryTime" Value="18:53"/>
				<Field Name="DeliveryDate" Value="23/06/2018"/>
				<Field Name="Driver" Value="kylemacdonald"/>
				<Field Name="SignatureName" Value="Kmac"/>
				<Field Name="DeliveryID" Value="019"/>
				<Field Name="Surname" Value=""/>
				<Field Name="Firstname" Value=""/>
				<Field Name="Address" Value=""/>
				<Field Name="Postcode" Value=""/>
				<Field Name="Signature" Value="C:\Nuance\MobileDemo\Home\WebCapture\WORK\502b13a1-9607-4855-b2d7-465570012c3c\Signature_201806231853467559.png"/>
				<Field Name="GPS" Value="43.4831014, -80.5404325"/>
				<Field Name="UserName" Value="kylemacdonald"/>
				<Field Name="UserEmail" Value="kyle.macdonald@nuance.com"/>
				<Field Name="UserHomeFolder" Value="\\NUAN-MOBAD01\HOME\kylemacdonald"/>
				<Field Name="FormName" Value="Delivery Acceptance"/>
				<Field Name="JobID" Value="4097078348-12009-17387-134-188"/>
			</KnowledgeFields>
		</KnowledgeObject>
	</KnowledgeObjects>
</AutoStore>
