<?xml version="1.0" encoding="utf-8"?>
<AutoStore NSI_SIG2="546AE44E10AEBA081B10786B23E448C5C1DEA25410DD3CDA49AD39DA906E93CCA07E911A345A050DCFAD44007FFD1D30">
	<Header Version="2" DateCreated="2018-11-07" TimeCreated="05:22:00" AUTHOR="" COMMENTS=""/>
	<KnowledgeObjects ObjID="1031917110-50816-18833-185-207">
		<KnowledgeObject ObjID="1279468088-932-17268-135-255">
			<KnowledgeDocuments>
				<KnowledgeDocument Type="jpg" Name="cdv_photo_001.jpg" ObjID="2840881969-61808-18752-162-180" DocRef="3491678004-60517-18118-180-123.dat"/>
				<KnowledgeDocument Type="png" Name="Signature_201811070521531392.png" ObjID="1670162367-32935-19746-149-208" DocRef="2622133118-22756-17930-179-162.dat"/>
			</KnowledgeDocuments>
			<KnowledgeFields>
				<Field Name="DeliveryTime" Value="05:21"/>
				<Field Name="DeliveryDate" Value="07/11/2018"/>
				<Field Name="Driver" Value="xodice"/>
				<Field Name="SignatureName" Value="Darlene Doane pizza stone Pleasant vallEy road chester,vermont 05143"/>
				<Field Name="DeliveryID" Value="ORDER-1"/>
				<Field Name="Surname" Value=""/>
				<Field Name="Firstname" Value=""/>
				<Field Name="Address" Value=""/>
				<Field Name="Postcode" Value=""/>
				<Field Name="Signature" Value="C:\Nuance\MobileDemo\Home\WebCapture\WORK\237286fc-221e-40e5-b411-a1b47cac3c35\Signature_201811070521531392.png"/>
				<Field Name="GPS" Value="43.299790382091274, -72.47369624450977"/>
				<Field Name="UserName" Value="xodice"/>
				<Field Name="UserEmail" Value="Nparillo@ssdvermont.com"/>
				<Field Name="UserHomeFolder" Value="\\NUAN-MOBAD01\HOME\Xodice"/>
				<Field Name="FormName" Value="Delivery Acceptance"/>
				<Field Name="JobID" Value="1279468088-932-17268-135-255"/>
			</KnowledgeFields>
		</KnowledgeObject>
	</KnowledgeObjects>
</AutoStore>
