<?xml version="1.0" encoding="utf-8"?>
<AutoStore NSI_SIG2="E202CB0EF5AEB03D480A2823D79693A0931CE490987F9F44609AB28850CDC401D8B042E59356AB5CC53A9F95C358CC4D">
	<Header Version="2" DateCreated="2018-03-12" TimeCreated="21:23:55" AUTHOR="" COMMENTS=""/>
	<KnowledgeObjects ObjID="1998926815-4528-17593-169-32">
		<KnowledgeObject ObjID="2792773464-15318-17382-161-24">
			<KnowledgeDocuments>
				<KnowledgeDocument Type="jpg" Name="1520889817432.jpg" ObjID="3949870964-14670-17759-158-134" DocRef="2585771836-27396-19440-173-239.dat"/>
				<KnowledgeDocument Type="TXT" Name="Patient - Test_Test.TXT" ObjID="3947397062-65069-16582-159-34" DocRef="790701580-51972-19944-136-245.dat"/>
			</KnowledgeDocuments>
			<KnowledgeFields>
				<Field Name="Section" Value="Healthcare\Patient Registration"/>
				<Field Name="JobID" Value="2792773464-15318-17382-161-24"/>
				<Field Name="FormName" Value="New Patient Admittance"/>
				<Field Name="UserHomeFolder" Value="\\NUAN-MOBAD01\HOME\Kyle.gillette"/>
				<Field Name="UserEmail" Value="Kyle.gillette@nuance.com"/>
				<Field Name="UserName" Value="kyle.gillette"/>
				<Field Name="RenameSchema" Value="Patient - Test_Test"/>
				<Field Name="Forename" Value="Test"/>
				<Field Name="Surname" Value="Test"/>
				<Field Name="SSN" Value="Test"/>
				<Field Name="Street" Value="Test"/>
				<Field Name="City" Value="Test"/>
				<Field Name="State" Value="Test"/>
				<Field Name="ZIP" Value="Test"/>
				<Field Name="Reason" Value="Test"/>
			</KnowledgeFields>
		</KnowledgeObject>
	</KnowledgeObjects>
</AutoStore>
