<?xml version="1.0" encoding="utf-8"?>
<AutoStore NSI_SIG2="EEA493903354C0D002AA7ED4CB01175DE4157D84636ACD3D8CDD15AA1C7137BEAA9D4C3C59BC5DE351D8637B24A61F55">
	<Header Version="2" DateCreated="2018-05-30" TimeCreated="20:35:15" AUTHOR="" COMMENTS=""/>
	<KnowledgeObjects ObjID="398122208-56438-19320-160-44">
		<KnowledgeObject ObjID="1236477593-49879-19135-135-63">
			<KnowledgeDocuments>
				<KnowledgeDocument Type="pdf" Name="Machine ID Labels.pdf" ObjID="3087899098-55248-16462-153-201" DocRef="2966955916-37052-19680-155-103.dat"/>
				<KnowledgeDocument Type="png" Name="Signature_201805302035117154.png" ObjID="678026008-44649-16635-151-45" DocRef="24677802-24596-20168-157-240.dat"/>
			</KnowledgeDocuments>
			<KnowledgeFields>
				<Field Name="DeliveryTime" Value="20:35"/>
				<Field Name="DeliveryDate" Value="30/05/2018"/>
				<Field Name="Driver" Value="cguere"/>
				<Field Name="SignatureName" Value="Guere"/>
				<Field Name="DeliveryID" Value="0051131803084"/>
				<Field Name="Surname" Value=""/>
				<Field Name="Firstname" Value=""/>
				<Field Name="Address" Value=""/>
				<Field Name="Postcode" Value=""/>
				<Field Name="Signature" Value="C:\Nuance\MobileDemo\Home\WebCapture\WORK\a7e07357-c774-415d-8e75-768b6d99f88f\Signature_201805302035117154.png"/>
				<Field Name="GPS" Value="42.75508428881909, -73.82129337668691"/>
				<Field Name="UserName" Value="cguere"/>
				<Field Name="UserEmail" Value="chuck.guere@tbs.toshiba.com"/>
				<Field Name="UserHomeFolder" Value="\\NUAN-MOBAD01\HOME\cguere"/>
				<Field Name="FormName" Value="Delivery Acceptance"/>
				<Field Name="JobID" Value="1236477593-49879-19135-135-63"/>
			</KnowledgeFields>
		</KnowledgeObject>
	</KnowledgeObjects>
</AutoStore>
