<?xml version="1.0" encoding="utf-8"?>
<AutoStore NSI_SIG2="31B6C2CF325A0033DCC9D252FDA8CC103D3F222AFD6912F7A94B48332928B8212FDF84BEA2B444F87819ADBF093612E2">
	<Header Version="2" DateCreated="2018-04-24" TimeCreated="02:13:26" AUTHOR="" COMMENTS=""/>
	<KnowledgeObjects ObjID="2605083794-65414-17296-165-245">
		<KnowledgeObject ObjID="1195952317-22637-18726-162-83">
			<KnowledgeDocuments>
				<KnowledgeDocument Type="jpg" Name="cdv_photo_008.jpg" ObjID="4121717363-62917-17162-135-194" DocRef="131840869-13412-19004-137-57.dat"/>
				<KnowledgeDocument Type="png" Name="Sketch_201804240213261521.png" ObjID="1012035978-40495-16613-159-250" DocRef="2924892034-60789-18065-169-96.dat"/>
			</KnowledgeDocuments>
			<KnowledgeFields>
				<Field Name="WitnessMobile2" Value=""/>
				<Field Name="WitnessPhone2" Value=""/>
				<Field Name="WitnessAddress2" Value=""/>
				<Field Name="WitnessName2" Value=""/>
				<Field Name="WitnessMobile1" Value=""/>
				<Field Name="WitnessPhone1" Value=""/>
				<Field Name="WitnessAddress1" Value=""/>
				<Field Name="WitnessName1" Value=""/>
				<Field Name="OtherInfor" Value=""/>
				<Field Name="BadgeNumber" Value=""/>
				<Field Name="Phone" Value=""/>
				<Field Name="Department" Value=""/>
				<Field Name="OfficerName" Value=""/>
				<Field Name="OtherInjuries" Value=""/>
				<Field Name="OtherPassenger" Value=""/>
				<Field Name="YourInjuries" Value=""/>
				<Field Name="YourPassengers" Value=""/>
				<Field Name="OtherDriverPhone" Value=""/>
				<Field Name="OtherDriverAddress" Value=""/>
				<Field Name="OtherDriverName" Value=""/>
				<Field Name="InsuranceCompany" Value=""/>
				<Field Name="Registration" Value=""/>
				<Field Name="VehicleColour" Value=""/>
				<Field Name="VehicleModel" Value=""/>
				<Field Name="VehicleMake" Value=""/>
				<Field Name="OwnerPhone" Value=""/>
				<Field Name="OwnerAddress" Value=""/>
				<Field Name="OwnerName" Value=""/>
				<Field Name="OtherRecovery" Value=""/>
				<Field Name="OtherVehicleDamage" Value=""/>
				<Field Name="YourRecovery" Value=""/>
				<Field Name="YourVehicleDamage" Value=""/>
				<Field Name="AccidentDetails" Value=""/>
				<Field Name="Location" Value=""/>
				<Field Name="Conditions" Value=""/>
				<Field Name="AccidentTime" Value=""/>
				<Field Name="AccidentDate" Value=""/>
				<Field Name="FileCount" Value="2"/>
				<Field Name="RenameSchema" Value="Accident Form -  "/>
				<Field Name="Section" Value="Insurance and Financial Services"/>
				<Field Name="UserHomeFolder" Value="\\NUAN-MOBAD01\HOME\DANIEL_LARABIE"/>
				<Field Name="UserEmail" Value="daniel.larabie@nuance.com"/>
				<Field Name="UserName" Value="daniel_larabie"/>
				<Field Name="FormName" Value="Accident Damage Report"/>
				<Field Name="JobID" Value="1195952317-22637-18726-162-83"/>
			</KnowledgeFields>
		</KnowledgeObject>
	</KnowledgeObjects>
</AutoStore>
