<?xml version="1.0" encoding="utf-8"?>
<AutoStore NSI_SIG2="3DACFB211A1FD407B2A8C1D44E288310C95AA01D4AAF1D9A0BD5D1DACE1ADA8E48265DF9DB39A4918EFAFD9CE83460C4">
	<Header Version="2" DateCreated="2018-01-02" TimeCreated="16:31:22" AUTHOR="" COMMENTS=""/>
	<KnowledgeObjects ObjID="2896758718-23227-16738-167-41">
		<KnowledgeObject ObjID="2987437082-45976-16431-132-94">
			<KnowledgeDocuments>
				<KnowledgeDocument Type="jpg" Name="1514910563735.jpg" ObjID="3064382840-57402-18061-151-235" DocRef="2026719474-12818-18728-128-164.dat"/>
			</KnowledgeDocuments>
			<KnowledgeFields>
				<Field Name="RenameSchema" Value="Captured File"/>
				<Field Name="JobID" Value="2987437082-45976-16431-132-94"/>
				<Field Name="FormName" Value="Send to Email"/>
				<Field Name="NextTask" Value="p_0027"/>
				<Field Name="ConvertTo" Value="DOCX"/>
				<Field Name="Convert" Value="p_0024"/>
				<Field Name="UserDispName" Value="rickshak rickshak"/>
				<Field Name="UserHomeFolder" Value="\\NUAN-MOBAD01\HOME\rickshak"/>
				<Field Name="UserEmail" Value="rkoshak@csa.canon.com"/>
				<Field Name="UserName" Value="rickshak"/>
			</KnowledgeFields>
		</KnowledgeObject>
	</KnowledgeObjects>
</AutoStore>
