<?xml version="1.0" encoding="utf-8"?>
<AutoStore NSI_SIG2="2A60A88396278AA0988AB7DFCA96C17F0BB31750A1830325CA981C5CF2F58D3C43F216698F4E9C4261AD3ABDA69BF3BA">
	<Header Version="2" DateCreated="2018-03-08" TimeCreated="15:43:16" AUTHOR="" COMMENTS=""/>
	<KnowledgeObjects ObjID="1534621354-59278-17030-143-61">
		<KnowledgeObject ObjID="2306684044-14613-20352-128-255">
			<KnowledgeDocuments>
				<KnowledgeDocument Type="png" Name="CareworkerSignature_201803081543154840.png" ObjID="2125207842-38039-19752-145-200" DocRef="4131843646-47752-17975-171-126.dat"/>
				<KnowledgeDocument Type="png" Name="PatientSignature_201803081543154840.png" ObjID="600719998-32272-16608-167-171" DocRef="4259337667-37193-19810-135-124.dat"/>
			</KnowledgeDocuments>
			<KnowledgeFields>
				<Field Name="CareWorker" Value="Rpfeil Rpfeil"/>
				<Field Name="Medication" Value="No"/>
				<Field Name="Walker" Value="No"/>
				<Field Name="Assist" Value="No"/>
				<Field Name="Device" Value="No"/>
				<Field Name="Ambulation" Value="No"/>
				<Field Name="Diapers" Value="No"/>
				<Field Name="Ostomy" Value="No"/>
				<Field Name="Cath" Value="No"/>
				<Field Name="Bedpan" Value="No"/>
				<Field Name="Bedside" Value="No"/>
				<Field Name="Toilet" Value="No"/>
				<Field Name="Shaving" Value="No"/>
				<Field Name="Skincare" Value="No"/>
				<Field Name="Shampoo" Value="No"/>
				<Field Name="Oral" Value="No"/>
				<Field Name="BedBath" Value="No"/>
				<Field Name="Bath" Value="Yes"/>
				<Field Name="OtherDressing" Value="Yes"/>
				<Field Name="Assisted" Value="Yes"/>
				<Field Name="Self" Value="Yes"/>
				<Field Name="OtherTransferring" Value="Yes"/>
				<Field Name="Bedrest" Value="Yes"/>
				<Field Name="Chair" Value="Yes"/>
				<Field Name="Wheelchair" Value="Yes"/>
				<Field Name="AssistEating" Value="Yes"/>
				<Field Name="OfferFluids" Value="No"/>
				<Field Name="ServeMeals" Value="Yes"/>
				<Field Name="PrepareMeals" Value="Yes"/>
				<Field Name="VisitEndTime" Value="5:00"/>
				<Field Name="VisitStartTime" Value="4:00"/>
				<Field Name="VisitDate" Value="3/8/2018"/>
				<Field Name="DOB" Value="--"/>
				<Field Name="Forename" Value=""/>
				<Field Name="Surname" Value=""/>
				<Field Name="PatientID" Value="4545454"/>
				<Field Name="RenameSchema" Value="Patient Visit - -"/>
				<Field Name="Section" Value="HealthCare\Point of Care"/>
				<Field Name="JobID" Value="2306684044-14613-20352-128-255"/>
				<Field Name="FormName" Value="Home Care Daily Activity Record"/>
				<Field Name="UserHomeFolder" Value="\\NUAN-MOBAD01\HOME\Rpfeil"/>
				<Field Name="UserEmail" Value="Robert.pfeil@tbs.toshiba.com"/>
				<Field Name="UserName" Value="rpfeil"/>
				<Field Name="FileCount" Value="2"/>
			</KnowledgeFields>
		</KnowledgeObject>
	</KnowledgeObjects>
</AutoStore>
