<?xml version="1.0" encoding="utf-8"?>
<AutoStore NSI_SIG2="773BCDC8DEF396CA63D71A903C0F77B7323371E1EFAAEE815667BA9A38079C8DE4ADC9F997C32FCE11473A0BBED85FA1">
	<Header Version="2" DateCreated="2018-04-27" TimeCreated="14:43:02" AUTHOR="" COMMENTS=""/>
	<KnowledgeObjects ObjID="2374277489-23237-19800-155-214">
		<KnowledgeObject ObjID="1821876920-8050-16449-185-126">
			<KnowledgeDocuments>
				<KnowledgeDocument Type="jpg" Name="cdv_photo_002.jpg" ObjID="888551341-37291-18257-167-149" DocRef="1110008860-38153-16489-154-195.dat"/>
			</KnowledgeDocuments>
			<KnowledgeFields>
				<Field Name="VisitParking" Value="No"/>
				<Field Name="VisitCarReg" Value=""/>
				<Field Name="VisitorCompany" Value="Nuance"/>
				<Field Name="SelectedVisitor" Value=""/>
				<Field Name="VisitorSurname" Value="JC"/>
				<Field Name="VisitorFirstname" Value="ALVAREZ"/>
				<Field Name="VisitorHost" Value="jcalvarez"/>
				<Field Name="VisitDate" Value="042718"/>
				<Field Name="UserName" Value="jcalvarez"/>
				<Field Name="UserEmail" Value="jean-charles.alvarez@nuance.com"/>
				<Field Name="UserHomeFolder" Value="\\NUAN-MOBAD01\HOME\JCALVAREZ"/>
				<Field Name="FormName" Value="Visitor Badge"/>
				<Field Name="JodID" Value="1821876920-8050-16449-185-126"/>
			</KnowledgeFields>
		</KnowledgeObject>
	</KnowledgeObjects>
</AutoStore>
