<?xml version="1.0" encoding="utf-8"?>
<AutoStore NSI_SIG2="6A255199DFD4E21AD7DE71C7A1A25311D83057447C506B9134571BB0E056ACCFDDF4EFAF210524D3B2320C9EC2BF3238">
	<Header Version="2" DateCreated="2017-12-12" TimeCreated="11:26:08" AUTHOR="" COMMENTS=""/>
	<KnowledgeObjects ObjID="2926265241-46099-20094-138-216">
		<KnowledgeObject ObjID="1750340203-35419-17951-165-164">
			<KnowledgeDocuments>
				<KnowledgeDocument Type="png" Name="CareworkerSignature_201712121126071881.png" ObjID="898028101-16295-16974-147-248" DocRef="3755306871-48395-18551-166-75.dat"/>
				<KnowledgeDocument Type="png" Name="PatientSignature_201712121126071881.png" ObjID="3887336699-40036-19734-189-192" DocRef="694415758-45578-20106-179-248.dat"/>
			</KnowledgeDocuments>
			<KnowledgeFields>
				<Field Name="FileCount" Value="2"/>
				<Field Name="UserName" Value="JCH"/>
				<Field Name="UserEmail" Value="jch@ndi-demo.local"/>
				<Field Name="UserHomeFolder" Value="\\AS-OF360\Users\JCH"/>
				<Field Name="FormName" Value="Home Care Daily Activity Record"/>
				<Field Name="JobID" Value="1750340203-35419-17951-165-164"/>
				<Field Name="Section" Value="HealthCare\Point of Care"/>
				<Field Name="RenameSchema" Value="Patient Visit~-Jones-Peter"/>
				<Field Name="PatientNumber" Value="P65100003"/>
				<Field Name="Surname" Value="Jones"/>
				<Field Name="Forename" Value="Peter"/>
				<Field Name="DOB" Value="02-01-1947"/>
				<Field Name="VisitDate" Value="12/12/2017"/>
				<Field Name="VisitStartTime" Value="09:00"/>
				<Field Name="VisitEndTime" Value="11:00"/>
				<Field Name="PrepareMeals" Value="X"/>
				<Field Name="ServeMeals" Value="X"/>
				<Field Name="OfferFluids" Value="-"/>
				<Field Name="AssistEating" Value="-"/>
				<Field Name="Wheelchair" Value="-"/>
				<Field Name="Chair" Value="X"/>
				<Field Name="Bedrest" Value="-"/>
				<Field Name="OtherTransferring" Value="-"/>
				<Field Name="Self" Value="-"/>
				<Field Name="Assisted" Value="X"/>
				<Field Name="OtherDressing" Value="-"/>
				<Field Name="Bath" Value="X"/>
				<Field Name="BedBath" Value="-"/>
				<Field Name="Oral" Value="-"/>
				<Field Name="Shampoo" Value="X"/>
				<Field Name="Skincare" Value="-"/>
				<Field Name="Shaving" Value="X"/>
				<Field Name="Toliet" Value="X"/>
				<Field Name="Bedside" Value="-"/>
				<Field Name="Bedpan" Value="-"/>
				<Field Name="Cath" Value="-"/>
				<Field Name="Ostomy" Value="-"/>
				<Field Name="Diapers" Value="-"/>
				<Field Name="Ambulation" Value="X"/>
				<Field Name="Device" Value="-"/>
				<Field Name="Assist" Value="-"/>
				<Field Name="Walker" Value="-"/>
				<Field Name="Medication" Value="X"/>
				<Field Name="CareWorker" Value="John Campbell-Higgens"/>
			</KnowledgeFields>
		</KnowledgeObject>
	</KnowledgeObjects>
</AutoStore>
