<?xml version="1.0" encoding="utf-8"?>
<AutoStore NSI_SIG2="1F7D160433C4C0E69FFDD8EE18CD1DB28988EDFBEB726D183AAA0763891F7059B1A824A9193B100B53D13DCB4DE345E7">
	<Header Version="2" DateCreated="2018-01-05" TimeCreated="11:12:38" AUTHOR="" COMMENTS=""/>
	<KnowledgeObjects ObjID="3821651237-12994-19048-171-139">
		<KnowledgeObject ObjID="1306074073-29131-17045-161-120">
			<KnowledgeDocuments>
				<KnowledgeDocument Type="png" Name="PatientSign_201801051112382051.png" ObjID="1430127435-30792-18806-165-47" DocRef="3295132244-33915-17552-133-83.dat"/>
			</KnowledgeDocuments>
			<KnowledgeFields>
				<Field Name="JobID" Value="1306074073-29131-17045-161-120"/>
				<Field Name="FormName" Value="New GP Patient Registration"/>
				<Field Name="UserHomeFolder" Value="\\NUAN-MOBAD01\HOME\modesto@mhermida.com"/>
				<Field Name="UserEmail" Value="modesto@mhermida.com"/>
				<Field Name="UserName" Value="modesto@mhermida.com"/>
				<Field Name="1stReg" Value=""/>
				<Field Name="3Months" Value=""/>
				<Field Name="Salutation" Value=""/>
				<Field Name="Surname" Value=""/>
				<Field Name="PrevSurname" Value=""/>
				<Field Name="Forenames" Value=""/>
				<Field Name="DateofBirth" Value=""/>
				<Field Name="Sex" Value=""/>
				<Field Name="NHSNo" Value=""/>
				<Field Name="CHI" Value=""/>
				<Field Name="Address1" Value=""/>
				<Field Name="Address2" Value=""/>
				<Field Name="Town" Value=""/>
				<Field Name="County" Value=""/>
				<Field Name="Postcode" Value=""/>
				<Field Name="Phone" Value=""/>
				<Field Name="Mobile" Value=""/>
				<Field Name="Email" Value=""/>
				<Field Name="PrevDrName" Value=""/>
				<Field Name="PrevDrPractice" Value=""/>
				<Field Name="PrevDrAddress" Value=""/>
				<Field Name="PrevDrTown" Value=""/>
				<Field Name="PrevDrPostCode" Value=""/>
				<Field Name="PrevAddress1" Value=""/>
				<Field Name="PrevAddress2" Value=""/>
				<Field Name="PrevTown" Value=""/>
				<Field Name="PrevCounty" Value=""/>
				<Field Name="PrevPostCode" Value=""/>
				<Field Name="DateCame" Value=""/>
				<Field Name="DateLeave" Value=""/>
				<Field Name="RecentResidence" Value=""/>
				<Field Name="AFServiceNo" Value=""/>
				<Field Name="AFEnlistDate" Value=""/>
				<Field Name="AFReservist" Value=""/>
				<Field Name="AFLeaveDate" Value=""/>
				<Field Name="AF1stReg" Value=""/>
				<Field Name="AFPriorAddress" Value=""/>
				<Field Name="AFPriorPostCode" Value=""/>
				<Field Name="Identification" Value="Driving License"/>
			</KnowledgeFields>
		</KnowledgeObject>
	</KnowledgeObjects>
</AutoStore>
