<?xml version="1.0" encoding="utf-8"?>
<AutoStore NSI_SIG2="AE1A59831AABD6E0FC20C37C0E092A3872FC7EBD3C63EE7213DA9C501DEC267C78957AFE357E5FE30BC67B2B972358FE">
	<Header Version="2" DateCreated="2018-05-12" TimeCreated="13:27:49" AUTHOR="" COMMENTS=""/>
	<KnowledgeObjects ObjID="3031130172-50321-18783-147-24">
		<KnowledgeObject ObjID="1751864334-38494-19645-156-152">
			<KnowledgeDocuments>
				<KnowledgeDocument Type="txt" Name="text 2.txt" ObjID="434871657-17854-19858-191-15" DocRef="2888058941-33597-19990-164-233.dat"/>
				<KnowledgeDocument Type="png" Name="Signature_201805121327447975.png" ObjID="3466832572-52003-17185-168-185" DocRef="3946253730-45341-19850-187-153.dat"/>
			</KnowledgeDocuments>
			<KnowledgeFields>
				<Field Name="DeliveryTime" Value="13:27"/>
				<Field Name="DeliveryDate" Value="12/05/2018"/>
				<Field Name="Driver" Value="xodice"/>
				<Field Name="SignatureName" Value="Greg middle name parillo"/>
				<Field Name="DeliveryID" Value="0079200472146"/>
				<Field Name="Surname" Value=""/>
				<Field Name="Firstname" Value=""/>
				<Field Name="Address" Value=""/>
				<Field Name="Postcode" Value=""/>
				<Field Name="Signature" Value="C:\Nuance\MobileDemo\Home\WebCapture\WORK\2d712e71-9124-4a65-ba4d-c8a149b191f0\Signature_201805121327447975.png"/>
				<Field Name="GPS" Value="43.29962963908923, -72.47393103667667"/>
				<Field Name="UserName" Value="xodice"/>
				<Field Name="UserEmail" Value="Nparillo@ssdvermont.com"/>
				<Field Name="UserHomeFolder" Value="\\NUAN-MOBAD01\HOME\Xodice"/>
				<Field Name="FormName" Value="Delivery Acceptance"/>
				<Field Name="JobID" Value="1751864334-38494-19645-156-152"/>
			</KnowledgeFields>
		</KnowledgeObject>
	</KnowledgeObjects>
</AutoStore>
