<?xml version="1.0" encoding="utf-8"?>
<AutoStore NSI_SIG2="A7364BF9EE824E180A714746657290C107168E877365BB542C83C75EACF7D9CD4DBDFBD980ED75CBDE4A2A0DE75A3D35">
	<Header Version="2" DateCreated="2018-01-22" TimeCreated="18:07:46" AUTHOR="" COMMENTS=""/>
	<KnowledgeObjects ObjID="1354560065-52674-16699-157-222">
		<KnowledgeObject ObjID="503361419-36719-18242-180-253">
			<KnowledgeDocuments>
				<KnowledgeDocument Type="TXT" Name="TimeSheet.TXT" ObjID="1296665516-2423-19672-145-167" DocRef="4076864357-19240-17320-187-157.dat"/>
			</KnowledgeDocuments>
			<KnowledgeFields>
				<Field Name="ContractorName" Value="~WCC::User,%displayName%~"/>
				<Field Name="Signature" Value=""/>
				<Field Name="ContractorID" Value="brianmcc"/>
				<Field Name="FriHours" Value=""/>
				<Field Name="FriEnd" Value=""/>
				<Field Name="FriStart" Value=""/>
				<Field Name="ThuHours" Value=""/>
				<Field Name="ThuEnd" Value=""/>
				<Field Name="ThuStart" Value=""/>
				<Field Name="WedHours" Value=""/>
				<Field Name="WedEnd" Value=""/>
				<Field Name="WedStart" Value=""/>
				<Field Name="TueHours" Value=""/>
				<Field Name="TueEnd" Value=""/>
				<Field Name="TueStart" Value=""/>
				<Field Name="MonHours" Value=""/>
				<Field Name="MonEnd" Value=""/>
				<Field Name="MonStart" Value=""/>
				<Field Name="WeekEnding" Value="22-01-2018"/>
				<Field Name="TimeSheetID" Value="0000068"/>
				<Field Name="TotalHours" Value=""/>
				<Field Name="Submitted" Value="22-01-2018"/>
				<Field Name="UserName" Value="brianmcc"/>
				<Field Name="UserEmail" Value="Brian.McCreary@nuance.com"/>
				<Field Name="UserHomeFolder" Value="\\NUAN-MOBAD01\HOME\brianmcc"/>
				<Field Name="FormName" Value="Submit TimeSheet"/>
				<Field Name="JobID" Value="503361419-36719-18242-180-253"/>
			</KnowledgeFields>
		</KnowledgeObject>
	</KnowledgeObjects>
</AutoStore>
