<?xml version="1.0" encoding="utf-8"?>
<AutoStore NSI_SIG2="D12A36523A121A3F8DF695E82D94DD2C079AC3A74D88017C85FA3DE56719833EACEC82A719264B3A4E4361CEE08E9BBA">
	<Header Version="2" DateCreated="2018-06-26" TimeCreated="15:13:23" AUTHOR="" COMMENTS=""/>
	<KnowledgeObjects ObjID="1079003772-64952-19497-139-196">
		<KnowledgeObject ObjID="2833049188-62801-19727-128-44">
			<KnowledgeDocuments>
				<KnowledgeDocument Type="pdf" Name="POD_111222333_1.pdf" ObjID="3135072238-46101-19981-136-31" DocRef="2036003490-41470-19550-178-191.dat"/>
				<KnowledgeDocument Type="png" Name="Signature_201806261513187179.png" ObjID="2298996608-25358-19066-155-165" DocRef="3906122372-39027-20417-162-193.dat"/>
			</KnowledgeDocuments>
			<KnowledgeFields>
				<Field Name="DeliveryTime" Value="15:13"/>
				<Field Name="DeliveryDate" Value="26/06/2018"/>
				<Field Name="Driver" Value="1rollrock1"/>
				<Field Name="SignatureName" Value="Ds"/>
				<Field Name="DeliveryID" Value="0602652181016"/>
				<Field Name="Surname" Value=""/>
				<Field Name="Firstname" Value=""/>
				<Field Name="Address" Value=""/>
				<Field Name="Postcode" Value=""/>
				<Field Name="Signature" Value="C:\Nuance\MobileDemo\Home\WebCapture\WORK\b9f56c85-8149-4c34-9cb6-af29b87a8037\Signature_201806261513187179.png"/>
				<Field Name="GPS" Value="42.80323579000007, -74.60080426999981"/>
				<Field Name="UserName" Value="1rollrock1"/>
				<Field Name="UserEmail" Value="Duane.shoen@tbs.toshiba.com"/>
				<Field Name="UserHomeFolder" Value="\\NUAN-MOBAD01\HOME\1rollrock1"/>
				<Field Name="FormName" Value="Delivery Acceptance"/>
				<Field Name="JobID" Value="2833049188-62801-19727-128-44"/>
			</KnowledgeFields>
		</KnowledgeObject>
	</KnowledgeObjects>
</AutoStore>
