<?xml version="1.0" encoding="utf-8"?>
<AutoStore NSI_SIG2="CA6508158AC38779EF7D88BFAEA23AF42C84EF219DA9F1E3378AF42D8F7B7FD5428A6C1ABBF20D7D74309C66C8712D40">
	<Header Version="2" DateCreated="2018-12-04" TimeCreated="05:29:01" AUTHOR="" COMMENTS=""/>
	<KnowledgeObjects ObjID="3753918709-59113-17634-160-123">
		<KnowledgeObject ObjID="1294360154-16021-16575-176-163">
			<KnowledgeDocuments>
				<KnowledgeDocument Type="html" Name="ford_429_1@msn.com_(XODICE_(this_PC))_-_Dropbox-11.html" ObjID="2485771482-65529-18249-153-248" DocRef="4066166131-26369-20374-165-186.dat"/>
				<KnowledgeDocument Type="png" Name="Signature_201812040528578976.png" ObjID="3228657278-18805-19985-181-89" DocRef="394280643-47319-18020-140-86.dat"/>
			</KnowledgeDocuments>
			<KnowledgeFields>
				<Field Name="DeliveryTime" Value="05:28"/>
				<Field Name="DeliveryDate" Value="04/12/2018"/>
				<Field Name="Driver" Value="xodice"/>
				<Field Name="SignatureName" Value="8028752121"/>
				<Field Name="DeliveryID" Value="http://weixin.qq.com/q/anWVDIblXDAlBtgnx1P8"/>
				<Field Name="Surname" Value=""/>
				<Field Name="Firstname" Value=""/>
				<Field Name="Address" Value=""/>
				<Field Name="Postcode" Value=""/>
				<Field Name="Signature" Value="C:\Nuance\MobileDemo\Home\WebCapture\WORK\a5b1003b-0338-4fa4-90d4-38fbb5cacb20\Signature_201812040528578976.png"/>
				<Field Name="GPS" Value="43.29979746452161, -72.47371028883529"/>
				<Field Name="UserName" Value="xodice"/>
				<Field Name="UserEmail" Value="Nparillo@ssdvermont.com"/>
				<Field Name="UserHomeFolder" Value="\\NUAN-MOBAD01\HOME\Xodice"/>
				<Field Name="FormName" Value="Delivery Acceptance"/>
				<Field Name="JobID" Value="1294360154-16021-16575-176-163"/>
			</KnowledgeFields>
		</KnowledgeObject>
	</KnowledgeObjects>
</AutoStore>
