<?xml version="1.0" encoding="utf-8"?>
<AutoStore NSI_SIG2="4A0B0784D2389C6FB22C4FA4D4B6EBB6F735AD2418A56DF2BB60570730F15FA021A076DEC352F3DDC72B56261A8DE84B">
	<Header Version="2" DateCreated="2018-01-17" TimeCreated="14:50:14" AUTHOR="" COMMENTS=""/>
	<KnowledgeObjects ObjID="1000435429-44160-16988-143-5">
		<KnowledgeObject ObjID="857274276-6083-17671-185-250">
			<KnowledgeDocuments>
				<KnowledgeDocument Type="png" Name="Signed_201801171450090298.png" ObjID="2783947734-51996-17919-132-225" DocRef="3008782341-46754-17116-166-10.dat"/>
				<KnowledgeDocument Type="TXT" Name="TimeSheet.TXT" ObjID="2979741719-19872-17863-161-224" DocRef="3058929586-37462-20273-153-43.dat"/>
			</KnowledgeDocuments>
			<KnowledgeFields>
				<Field Name="ContractorName" Value="ncelectric0118 ncelectric0118"/>
				<Field Name="Signature" Value="C:\Nuance\MobileDemo\Home\WebCapture\WORK\6a55508e-6562-42ac-9cd8-c3a199e38a6e\Signed_201801171450090298.png"/>
				<Field Name="ContractorID" Value="ncelectric0118"/>
				<Field Name="FriHours" Value=""/>
				<Field Name="FriEnd" Value=""/>
				<Field Name="FriStart" Value=""/>
				<Field Name="ThuHours" Value=""/>
				<Field Name="ThuEnd" Value=""/>
				<Field Name="ThuStart" Value=""/>
				<Field Name="WedHours" Value=""/>
				<Field Name="WedEnd" Value=""/>
				<Field Name="WedStart" Value=""/>
				<Field Name="TueHours" Value=""/>
				<Field Name="TueEnd" Value=""/>
				<Field Name="TueStart" Value=""/>
				<Field Name="MonHours" Value=""/>
				<Field Name="MonEnd" Value=""/>
				<Field Name="MonStart" Value=""/>
				<Field Name="WeekEnding" Value="17-01-2018"/>
				<Field Name="TimeSheetID" Value="0000064"/>
				<Field Name="TotalHours" Value=""/>
				<Field Name="Submitted" Value="17-01-2018"/>
				<Field Name="UserName" Value="ncelectric0118"/>
				<Field Name="UserEmail" Value="TPETRIE@NCELECTRICSERVICE.COM"/>
				<Field Name="UserHomeFolder" Value="\\NUAN-MOBAD01\HOME\ncelectric0118"/>
				<Field Name="FormName" Value="Submit TimeSheet"/>
				<Field Name="JobID" Value="857274276-6083-17671-185-250"/>
			</KnowledgeFields>
		</KnowledgeObject>
	</KnowledgeObjects>
</AutoStore>
