<?xml version="1.0" encoding="utf-8"?>
<AutoStore NSI_SIG2="AF7C69DBF7964B240CB7314575E2BDCDB5107EB86A393C467921E463F870248EA60A83298724482F8BB03A0F03A48493">
	<Header Version="2" DateCreated="2018-04-26" TimeCreated="10:53:37" AUTHOR="" COMMENTS=""/>
	<KnowledgeObjects ObjID="2727200610-49783-19232-145-167">
		<KnowledgeObject ObjID="3553756435-3827-18487-188-151">
			<KnowledgeDocuments>
				<KnowledgeDocument Type="xml" Name="tarra lee purrington.contact.xml" ObjID="714489594-45179-19511-183-125" DocRef="2524646190-7664-18893-158-29.dat"/>
				<KnowledgeDocument Type="png" Name="Signature_201804261053333918.png" ObjID="3954939165-45242-16942-191-205" DocRef="2946453521-12061-18456-170-27.dat"/>
			</KnowledgeDocuments>
			<KnowledgeFields>
				<Field Name="DeliveryTime" Value="10:53"/>
				<Field Name="DeliveryDate" Value="26/04/2018"/>
				<Field Name="Driver" Value="xodice"/>
				<Field Name="SignatureName" Value="Mr.nicholas g parillo"/>
				<Field Name="DeliveryID" Value="http://www.vermontrxcard.com/index.php"/>
				<Field Name="Surname" Value=""/>
				<Field Name="Firstname" Value=""/>
				<Field Name="Address" Value=""/>
				<Field Name="Postcode" Value=""/>
				<Field Name="Signature" Value="C:\Nuance\MobileDemo\Home\WebCapture\WORK\a2b23849-9776-4487-81e5-5dd33409fa10\Signature_201804261053333918.png"/>
				<Field Name="GPS" Value="43.299783663581714, -72.47392403641204"/>
				<Field Name="UserName" Value="xodice"/>
				<Field Name="UserEmail" Value="Nparillo@ssdvermont.com"/>
				<Field Name="UserHomeFolder" Value="\\NUAN-MOBAD01\HOME\Xodice"/>
				<Field Name="FormName" Value="Delivery Acceptance"/>
				<Field Name="JobID" Value="3553756435-3827-18487-188-151"/>
			</KnowledgeFields>
		</KnowledgeObject>
	</KnowledgeObjects>
</AutoStore>
