<?xml version="1.0" encoding="utf-8"?>
<AutoStore NSI_SIG2="D6D1A69810F4302F3E46B62E5DA771EDFC74413A6FCAC14189B08AD350E9F59404053DDFE8BAB5AAF9C59DFCD5C55710">
	<Header Version="2" DateCreated="2018-10-21" TimeCreated="03:35:13" AUTHOR="" COMMENTS=""/>
	<KnowledgeObjects ObjID="1981457148-46291-17940-132-127">
		<KnowledgeObject ObjID="3136333864-44620-19117-191-182">
			<KnowledgeDocuments>
				<KnowledgeDocument Type="pdf" Name="Prob11H - Nicholas g Parillo - 00001.pdf" ObjID="3474802990-40710-17818-166-229" DocRef="735244512-18414-18710-159-252.dat"/>
				<KnowledgeDocument Type="png" Name="Signature_201810210335067711.png" ObjID="1544738569-38979-20111-180-141" DocRef="815133793-34365-18628-182-123.dat"/>
			</KnowledgeDocuments>
			<KnowledgeFields>
				<Field Name="DeliveryTime" Value="03:35"/>
				<Field Name="DeliveryDate" Value="21/10/2018"/>
				<Field Name="Driver" Value="xodice"/>
				<Field Name="SignatureName" Value="Thomas Watkins 303 south street springfield,vermont 05156"/>
				<Field Name="DeliveryID" Value="MRS52d5572bef0d4ae9b9e36e9622d16e16"/>
				<Field Name="Surname" Value=""/>
				<Field Name="Firstname" Value=""/>
				<Field Name="Address" Value=""/>
				<Field Name="Postcode" Value=""/>
				<Field Name="Signature" Value="C:\Nuance\MobileDemo\Home\WebCapture\WORK\1d1435e0-f9b2-48da-b1ee-43057f6efd2f\Signature_201810210335067711.png"/>
				<Field Name="GPS" Value="43.2996989964657, -72.47370848390192"/>
				<Field Name="UserName" Value="xodice"/>
				<Field Name="UserEmail" Value="Nparillo@ssdvermont.com"/>
				<Field Name="UserHomeFolder" Value="\\NUAN-MOBAD01\HOME\Xodice"/>
				<Field Name="FormName" Value="Delivery Acceptance"/>
				<Field Name="JobID" Value="3136333864-44620-19117-191-182"/>
			</KnowledgeFields>
		</KnowledgeObject>
	</KnowledgeObjects>
</AutoStore>
