<?xml version="1.0" encoding="utf-8"?>
<AutoStore NSI_SIG2="80176D6F74427A903B7ACB60D1B5DCB85D8DBAA66774463DD6107B654A434992C15A525BE828C7802503DF763D7A7993">
	<Header Version="2" DateCreated="2018-02-20" TimeCreated="14:42:43" AUTHOR="" COMMENTS=""/>
	<KnowledgeObjects ObjID="439207254-36959-18815-172-166">
		<KnowledgeObject ObjID="2072220283-36146-16799-177-59">
			<KnowledgeDocuments>
				<KnowledgeDocument Type="pdf" Name="9.pdf" ObjID="2849062021-3121-18097-173-149" DocRef="1634500973-27977-17357-140-251.dat"/>
			</KnowledgeDocuments>
			<KnowledgeFields>
				<Field Name="AW" Value="No"/>
				<Field Name="QC" Value="No"/>
				<Field Name="WC" Value="Yes"/>
				<Field Name="AX" Value="No"/>
				<Field Name="AC" Value="No"/>
				<Field Name="OF" Value="No"/>
				<Field Name="BC" Value="No"/>
				<Field Name="OM" Value="No"/>
				<Field Name="SC" Value="No"/>
				<Field Name="EQ" Value="No"/>
				<Field Name="EC" Value="No"/>
				<Field Name="UserName" Value="jeffslack72"/>
				<Field Name="UserHomeFolder" Value="\\NUAN-MOBAD01\HOME\jeffslack72"/>
				<Field Name="UserEmail" Value="jeffrey.slack@ricoh-usa.com"/>
				<Field Name="FormName" Value="Information Request"/>
				<Field Name="JobID" Value="2072220283-36146-16799-177-59"/>
				<Field Name="Fullname" Value="Jeff"/>
				<Field Name="JobTitle" Value="It"/>
				<Field Name="Company" Value="Ricoh"/>
				<Field Name="EmailAddress" Value="Jeffslack72@gmail.com"/>
				<Field Name="PhoneNumber" Value="3135500640"/>
				<Field Name="MobileNumber" Value="3135500640"/>
				<Field Name="Consent" Value="1"/>
				<Field Name="Products" Value="9"/>
				<Field Name="Section" Value="Sales\Information Request"/>
			</KnowledgeFields>
		</KnowledgeObject>
	</KnowledgeObjects>
</AutoStore>
