<?xml version="1.0" encoding="utf-8"?>
<AutoStore NSI_SIG2="712F62734DEC7A52B3063B11806CA341B3A9CAAFC08DE254EE51E517CA036D7D6671F9C3679A807DF51A32C44DE3EE75">
	<Header Version="2" DateCreated="2017-05-15" TimeCreated="16:29:24" AUTHOR="" COMMENTS=""/>
	<KnowledgeObjects ObjID="4186873541-61447-18016-166-140">
		<KnowledgeObject ObjID="3481759126-6489-18112-144-103">
			<KnowledgeDocuments>
				<KnowledgeDocument Type="png" Name="Hendrik van Oosteren.png" ObjID="4045833123-31708-18489-142-34" DocRef="645477054-23196-16435-147-164.dat"/>
				<KnowledgeDocument Type="png" Name="Signature_201705151629235413.png" ObjID="2678747902-38362-17082-145-86" DocRef="2608238499-49702-17313-175-202.dat"/>
			</KnowledgeDocuments>
			<KnowledgeFields>
				<Field Name="GPS" Value="aa"/>
				<Field Name="Signature" Value="C:\Nuance\CompleteDemo\Home\WebCapture\WORK\da92b3a0-4df3-4c05-ae65-d7be9a3a7a50\Signature_201705151629235413.png"/>
				<Field Name="Postcode" Value="1043"/>
				<Field Name="Address" Value="Kingsfordweg, Amsterdam"/>
				<Field Name="Firstname" Value="Barry"/>
				<Field Name="Surname" Value="Lower"/>
				<Field Name="DeliveryID" Value="1235112477"/>
				<Field Name="SignatureName" Value="van Oosteren"/>
				<Field Name="Driver" Value="administrator"/>
				<Field Name="DeliveryDate" Value="15/05/2017"/>
				<Field Name="DeliveryTime" Value="16:29"/>
			</KnowledgeFields>
		</KnowledgeObject>
	</KnowledgeObjects>
</AutoStore>
