<?xml version="1.0" encoding="utf-8"?>
<AutoStore NSI_SIG2="E1B9EB59F56BE8C3430F9FC04EB19F01C7B0D7E922C7806ECEB618B9681C8BEE5B72569FAAE7FA97935E35084D9B3A8E">
	<Header Version="2" DateCreated="2018-06-26" TimeCreated="16:27:42" AUTHOR="" COMMENTS=""/>
	<KnowledgeObjects ObjID="3793848041-18446-16890-150-115">
		<KnowledgeObject ObjID="3658910461-15713-19162-133-131">
			<KnowledgeDocuments>
				<KnowledgeDocument Type="pdf" Name="CustomerIDLabels.pdf" ObjID="556388107-5661-19240-151-196" DocRef="2109686231-926-17247-178-224.dat"/>
				<KnowledgeDocument Type="png" Name="Signature_201806261627386845.png" ObjID="2785907016-11204-19143-163-32" DocRef="2448316047-54876-18413-130-93.dat"/>
			</KnowledgeDocuments>
			<KnowledgeFields>
				<Field Name="DeliveryTime" Value="16:27"/>
				<Field Name="DeliveryDate" Value="26/06/2018"/>
				<Field Name="Driver" Value="kylemacdonald"/>
				<Field Name="SignatureName" Value="Kyle"/>
				<Field Name="DeliveryID" Value="1234567890"/>
				<Field Name="Surname" Value="Campbell-Higgens"/>
				<Field Name="Firstname" Value="John"/>
				<Field Name="Address" Value="Ainsworth Road, Bolton"/>
				<Field Name="Postcode" Value="BL3 1RB"/>
				<Field Name="Signature" Value="C:\Nuance\MobileDemo\Home\WebCapture\WORK\707f9400-fe5d-40ce-8f8b-392a25dd4612\Signature_201806261627386845.png"/>
				<Field Name="GPS" Value="36.1107328, -115.1783836"/>
				<Field Name="UserName" Value="kylemacdonald"/>
				<Field Name="UserEmail" Value="kyle.macdonald@nuance.com"/>
				<Field Name="UserHomeFolder" Value="\\NUAN-MOBAD01\HOME\kylemacdonald"/>
				<Field Name="FormName" Value="Delivery Acceptance"/>
				<Field Name="JobID" Value="3658910461-15713-19162-133-131"/>
			</KnowledgeFields>
		</KnowledgeObject>
	</KnowledgeObjects>
</AutoStore>
