<?xml version="1.0" encoding="utf-8"?>
<AutoStore NSI_SIG2="3724699B1F99EE83FEA02066066765D0EBFEAA0019B8020A75A12D81227F78DADB76E45FFC5F97A1F91F55F5666B1339">
	<Header Version="2" DateCreated="2018-12-30" TimeCreated="16:45:27" AUTHOR="" COMMENTS=""/>
	<KnowledgeObjects ObjID="3902961299-598-19811-151-215">
		<KnowledgeObject ObjID="4115567971-21354-18507-128-100">
			<KnowledgeDocuments>
				<KnowledgeDocument Type="htm" Name="Hello,-10.htm" ObjID="4087176798-43520-17590-153-165" DocRef="647475344-7445-18711-182-122.dat"/>
				<KnowledgeDocument Type="png" Name="Signature_201812301645120164.png" ObjID="775144316-51496-18553-146-174" DocRef="1440466559-8469-18900-183-128.dat"/>
			</KnowledgeDocuments>
			<KnowledgeFields>
				<Field Name="DeliveryTime" Value="16:45"/>
				<Field Name="DeliveryDate" Value="30/12/2018"/>
				<Field Name="Driver" Value="xodice"/>
				<Field Name="SignatureName" Value="Cliff keen 1992"/>
				<Field Name="DeliveryID" Value="http://qr1.at/jK"/>
				<Field Name="Surname" Value=""/>
				<Field Name="Firstname" Value=""/>
				<Field Name="Address" Value=""/>
				<Field Name="Postcode" Value=""/>
				<Field Name="Signature" Value="C:\Nuance\MobileDemo\Home\WebCapture\WORK\0c2fd454-97a5-43e5-8a7f-e51687cf5c80\Signature_201812301645120164.png"/>
				<Field Name="GPS" Value="43.29967475846418, -72.47378389123338"/>
				<Field Name="UserName" Value="xodice"/>
				<Field Name="UserEmail" Value="Nparillo@ssdvermont.com"/>
				<Field Name="UserHomeFolder" Value="\\NUAN-MOBAD01\HOME\Xodice"/>
				<Field Name="FormName" Value="Delivery Acceptance"/>
				<Field Name="JobID" Value="4115567971-21354-18507-128-100"/>
			</KnowledgeFields>
		</KnowledgeObject>
	</KnowledgeObjects>
</AutoStore>
