<?xml version="1.0" encoding="utf-8"?>
<AutoStore NSI_SIG2="D3EEB0D5100E6A720ED68271C1777CA4AB0D3F20BB5919E136BF8C38E532FA31565114002DAA9C2360EE1482DE5E774B">
	<Header Version="2" DateCreated="2018-04-26" TimeCreated="11:17:02" AUTHOR="" COMMENTS=""/>
	<KnowledgeObjects ObjID="1108024693-61777-17823-130-184">
		<KnowledgeObject ObjID="503794374-46451-19283-133-190">
			<KnowledgeDocuments>
				<KnowledgeDocument Type="m3u" Name="direct.m3u" ObjID="3125094748-30134-19360-190-57" DocRef="3908747527-21249-18627-145-34.dat"/>
				<KnowledgeDocument Type="png" Name="Signature_201804261116582251.png" ObjID="3329227418-534-18310-172-61" DocRef="211373355-2836-18031-182-212.dat"/>
			</KnowledgeDocuments>
			<KnowledgeFields>
				<Field Name="DeliveryTime" Value="11:16"/>
				<Field Name="DeliveryDate" Value="26/04/2018"/>
				<Field Name="Driver" Value="xodice"/>
				<Field Name="SignatureName" Value="Mister Nicholas g parillo"/>
				<Field Name="DeliveryID" Value="0879982003138"/>
				<Field Name="Surname" Value=""/>
				<Field Name="Firstname" Value=""/>
				<Field Name="Address" Value=""/>
				<Field Name="Postcode" Value=""/>
				<Field Name="Signature" Value="C:\Nuance\MobileDemo\Home\WebCapture\WORK\7182788e-021b-40ea-be90-04c2d42a4471\Signature_201804261116582251.png"/>
				<Field Name="GPS" Value="43.29970694538434, -72.47400002783044"/>
				<Field Name="UserName" Value="xodice"/>
				<Field Name="UserEmail" Value="Nparillo@ssdvermont.com"/>
				<Field Name="UserHomeFolder" Value="\\NUAN-MOBAD01\HOME\Xodice"/>
				<Field Name="FormName" Value="Delivery Acceptance"/>
				<Field Name="JobID" Value="503794374-46451-19283-133-190"/>
			</KnowledgeFields>
		</KnowledgeObject>
	</KnowledgeObjects>
</AutoStore>
