<?xml version="1.0" encoding="utf-8"?>
<AutoStore NSI_SIG2="0F5007125A64F521C024227FFEC36E0C7F324C811BC7BC85C55D40C17F5F0891A656C69DE351F6BC4824AF0957EB0B0F">
	<Header Version="2" DateCreated="2018-06-04" TimeCreated="11:28:03" AUTHOR="" COMMENTS=""/>
	<KnowledgeObjects ObjID="670483551-41192-18475-141-221">
		<KnowledgeObject ObjID="3733047257-44377-18503-172-104">
			<KnowledgeDocuments>
				<KnowledgeDocument Type="png" Name="Sketch_201806041128028124.png" ObjID="4251505947-35052-16392-177-127" DocRef="2622547103-20066-19999-167-220.dat"/>
			</KnowledgeDocuments>
			<KnowledgeFields>
				<Field Name="WitnessMobile2" Value=""/>
				<Field Name="WitnessPhone2" Value=""/>
				<Field Name="WitnessAddress2" Value=""/>
				<Field Name="WitnessName2" Value=""/>
				<Field Name="WitnessMobile1" Value=""/>
				<Field Name="WitnessPhone1" Value=""/>
				<Field Name="WitnessAddress1" Value=""/>
				<Field Name="WitnessName1" Value=""/>
				<Field Name="OtherInfor" Value=""/>
				<Field Name="BadgeNumber" Value=""/>
				<Field Name="Phone" Value=""/>
				<Field Name="Department" Value=""/>
				<Field Name="OfficerName" Value=""/>
				<Field Name="OtherInjuries" Value=""/>
				<Field Name="OtherPassenger" Value=""/>
				<Field Name="YourInjuries" Value=""/>
				<Field Name="YourPassengers" Value=""/>
				<Field Name="OtherDriverPhone" Value=""/>
				<Field Name="OtherDriverAddress" Value=""/>
				<Field Name="OtherDriverName" Value=""/>
				<Field Name="InsuranceCompany" Value=""/>
				<Field Name="Registration" Value=""/>
				<Field Name="VehicleColour" Value=""/>
				<Field Name="VehicleModel" Value=""/>
				<Field Name="VehicleMake" Value=""/>
				<Field Name="OwnerPhone" Value=""/>
				<Field Name="OwnerAddress" Value=""/>
				<Field Name="OwnerName" Value=""/>
				<Field Name="OtherRecovery" Value=""/>
				<Field Name="OtherVehicleDamage" Value=""/>
				<Field Name="YourRecovery" Value=""/>
				<Field Name="YourVehicleDamage" Value=""/>
				<Field Name="AccidentDetails" Value=""/>
				<Field Name="Location" Value="5-7 Marconi Rd, Montague Gardens, Cape Town, 7441, Republika Poludniowej Afryki"/>
				<Field Name="Conditions" Value="Ydhdhd"/>
				<Field Name="AccidentTime" Value=""/>
				<Field Name="AccidentDate" Value="6/4/2018"/>
				<Field Name="FileCount" Value="1"/>
				<Field Name="RenameSchema" Value="Accident Form - 6/4/2018 "/>
				<Field Name="Section" Value="Insurance and Financial Services"/>
				<Field Name="UserHomeFolder" Value="\\NUAN-MOBAD01\HOME\marcin"/>
				<Field Name="UserEmail" Value="marcin.sanecki@nuance.com"/>
				<Field Name="UserName" Value="marcin"/>
				<Field Name="FormName" Value="Accident Damage Report"/>
				<Field Name="JobID" Value="3733047257-44377-18503-172-104"/>
			</KnowledgeFields>
		</KnowledgeObject>
	</KnowledgeObjects>
</AutoStore>
