<?xml version="1.0" encoding="utf-8"?>
<AutoStore NSI_SIG2="144593A14815842EE0411A52EF454ED3E86EB9AC23C9118A7EFF965D264B330827BE533AF7778EA2ADC29E146B2248F6">
	<Header Version="2" DateCreated="2019-06-26" TimeCreated="19:36:39" AUTHOR="" COMMENTS=""/>
	<KnowledgeObjects ObjID="394850397-21505-17873-157-85">
		<KnowledgeObject ObjID="3432233322-24357-16608-181-42">
			<KnowledgeDocuments>
				<KnowledgeDocument Type="pdf" Name="Blood Bag ID Labels.pdf" ObjID="2922918139-12971-18355-191-182" DocRef="3440721397-46308-19359-167-8.dat"/>
				<KnowledgeDocument Type="pdf" Name="CustomerIDLabels.pdf" ObjID="220519736-27659-18564-168-144" DocRef="2663129346-12653-17390-177-149.dat"/>
				<KnowledgeDocument Type="pdf" Name="Machine ID Labels.pdf" ObjID="1259557859-60892-19070-185-124" DocRef="2205936463-8527-18340-185-155.dat"/>
				<KnowledgeDocument Type="pdf" Name="Nurse ID Labels.pdf" ObjID="2320519704-20600-17911-170-179" DocRef="679186757-53177-17749-135-254.dat"/>
				<KnowledgeDocument Type="pdf" Name="Patient ID Labels.pdf" ObjID="1208757814-20310-19318-148-225" DocRef="983370596-1536-16905-150-116.dat"/>
				<KnowledgeDocument Type="pdf" Name="POD-Address Labels.pdf" ObjID="614901287-11078-17172-136-125" DocRef="3194149312-57188-18222-179-63.dat"/>
			</KnowledgeDocuments>
			<KnowledgeFields>
				<Field Name="Section" Value="Sales\Scanning Analysis"/>
				<Field Name="UserHomeFolder" Value="\\NUAN-MOBAD01\HOME\Kyle.Macdonald"/>
				<Field Name="UserEmail" Value="kyle.macdonald@kofax.com"/>
				<Field Name="UserName" Value="Kyle.Macdonald"/>
				<Field Name="JobID" Value="3432233322-24357-16608-181-42"/>
				<Field Name="FormName" Value="Scan Workflow Analysis"/>
				<Field Name="FLD1" Value="Home"/>
				<Field Name="FLD2" Value="Test"/>
				<Field Name="FLD3" Value="Test"/>
				<Field Name="FLD4" Value=""/>
				<Field Name="FLD5" Value="Month"/>
				<Field Name="FLD6" Value=""/>
				<Field Name="FLD7" Value="SmartDevice"/>
				<Field Name="FLD8" Value=""/>
				<Field Name="FLD9" Value=""/>
				<Field Name="FLD10" Value=""/>
				<Field Name="FLD11" Value=""/>
				<Field Name="FLD12" Value=""/>
				<Field Name="FLD13" Value=""/>
				<Field Name="FLD14" Value=""/>
				<Field Name="FLD15" Value=""/>
				<Field Name="FLD16" Value=""/>
				<Field Name="FLD17" Value=""/>
				<Field Name="FLD18" Value=""/>
				<Field Name="FLD19" Value=""/>
				<Field Name="FLD20" Value=""/>
				<Field Name="FLD21" Value=""/>
				<Field Name="FLD22" Value=""/>
				<Field Name="FLD23" Value=""/>
				<Field Name="FLD24" Value=""/>
				<Field Name="FLD25" Value=""/>
				<Field Name="FLD26" Value=""/>
				<Field Name="FLD27" Value=""/>
				<Field Name="FLD28" Value=""/>
				<Field Name="FLD29" Value=""/>
				<Field Name="FLD30" Value=""/>
				<Field Name="FLD31" Value=""/>
				<Field Name="FLD32" Value=""/>
				<Field Name="FLD33" Value=""/>
				<Field Name="FLD34" Value=""/>
				<Field Name="FLD35" Value=""/>
				<Field Name="FLD36" Value=""/>
				<Field Name="FLD37" Value=""/>
			</KnowledgeFields>
		</KnowledgeObject>
	</KnowledgeObjects>
</AutoStore>
