<?xml version="1.0" encoding="utf-8"?>
<AutoStore NSI_SIG2="0FD93A75CC88E0358586994729E49DCAAB2AAE3B6A0C2AD34EAC10C9ADB2F61ACB9C70293BC1BD4F1065A00E4BB6C6A2">
	<Header Version="2" DateCreated="2018-09-21" TimeCreated="20:56:37" AUTHOR="" COMMENTS=""/>
	<KnowledgeObjects ObjID="2807332604-14077-20418-159-10">
		<KnowledgeObject ObjID="3823739349-37191-16523-190-225">
			<KnowledgeDocuments>
				<KnowledgeDocument Type="pdf" Name="Machine ID Labels.pdf" ObjID="2440553114-45811-20284-150-220" DocRef="2584410176-23922-16802-135-11.dat"/>
				<KnowledgeDocument Type="png" Name="Signature_201809212056325614.png" ObjID="1672729240-5333-19905-129-42" DocRef="3072703516-32310-17217-181-172.dat"/>
			</KnowledgeDocuments>
			<KnowledgeFields>
				<Field Name="DeliveryTime" Value="20:56"/>
				<Field Name="DeliveryDate" Value="21/09/2018"/>
				<Field Name="Driver" Value="perry scarcelli"/>
				<Field Name="SignatureName" Value="Smith"/>
				<Field Name="DeliveryID" Value="3456789012"/>
				<Field Name="Surname" Value="Smith"/>
				<Field Name="Firstname" Value="Sam"/>
				<Field Name="Address" Value="3 The Cottages, Worsley, Manchester"/>
				<Field Name="Postcode" Value="M32 5TQ"/>
				<Field Name="Signature" Value="C:\Nuance\MobileDemo\Home\WebCapture\WORK\6dba37d1-434b-465a-bfd1-3c6359c1bd16\Signature_201809212056325614.png"/>
				<Field Name="GPS" Value="52.129057325594225, -106.66791683265595"/>
				<Field Name="UserName" Value="perry scarcelli"/>
				<Field Name="UserEmail" Value="Perryscarcelli@yahoo.com"/>
				<Field Name="UserHomeFolder" Value="\\NUAN-MOBAD01\HOME\Perry scarcelli"/>
				<Field Name="FormName" Value="Delivery Acceptance"/>
				<Field Name="JobID" Value="3823739349-37191-16523-190-225"/>
			</KnowledgeFields>
		</KnowledgeObject>
	</KnowledgeObjects>
</AutoStore>
