<?xml version="1.0" encoding="utf-8"?>
<AutoStore NSI_SIG2="AB45A2A1D9A240DED68C7FCE3566F001FF873AE59947536A241609C412E15D62D6F938A4037B48003D888698A1EAB3C5">
	<Header Version="2" DateCreated="2018-03-07" TimeCreated="21:44:46" AUTHOR="" COMMENTS=""/>
	<KnowledgeObjects ObjID="243082705-3147-18969-135-45">
		<KnowledgeObject ObjID="3603319973-16626-16724-176-253">
			<KnowledgeDocuments>
				<KnowledgeDocument Type="jpg" Name="1520459066027.jpg" ObjID="4038396448-33645-18053-172-250" DocRef="1405889009-46379-17318-143-170.dat"/>
			</KnowledgeDocuments>
			<KnowledgeFields>
				<Field Name="UserName" Value="loganlyles"/>
				<Field Name="UserEmail" Value="llyles@fbponline.com"/>
				<Field Name="UserHomeFolder" Value="\\NUAN-MOBAD01\HOME\loganlyles"/>
				<Field Name="UserDispName" Value="loganlyles loganlyles"/>
				<Field Name="Convert" Value="p_0024"/>
				<Field Name="ConvertTo" Value="PDF/A"/>
				<Field Name="NextTask" Value="p_0027"/>
				<Field Name="FormName" Value="Send to Email"/>
				<Field Name="JobID" Value="3603319973-16626-16724-176-253"/>
				<Field Name="RenameSchema" Value="Captured File"/>
				<Field Name="Section" Value="General Office Productivity"/>
			</KnowledgeFields>
		</KnowledgeObject>
	</KnowledgeObjects>
</AutoStore>
