<?xml version="1.0" encoding="utf-8"?>
<AutoStore NSI_SIG2="2BF9450E9945D9F261B2A5223E75787C8F2FCAFF833C353E52BF040E2CD57379CF901D613F857DCBACD9CDED8AD0BE65">
	<Header Version="2" DateCreated="2019-02-22" TimeCreated="14:43:29" AUTHOR="" COMMENTS=""/>
	<KnowledgeObjects ObjID="2733653866-723-17419-177-147">
		<KnowledgeObject ObjID="4088380863-58343-20379-150-101">
			<KnowledgeDocuments>
				<KnowledgeDocument Type="htm" Name="Hello,-14.htm" ObjID="2887416905-5301-20401-171-160" DocRef="1819597355-17407-19501-158-34.dat"/>
			</KnowledgeDocuments>
			<KnowledgeFields>
				<Field Name="VisitParking" Value="No"/>
				<Field Name="VisitCarReg" Value=""/>
				<Field Name="VisitorCompany" Value=""/>
				<Field Name="SelectedVisitor" Value="2018_04_25_Mister_Nicholas_xodice_1"/>
				<Field Name="VisitorSurname" Value=""/>
				<Field Name="VisitorFirstname" Value=""/>
				<Field Name="VisitorHost" Value="xodice"/>
				<Field Name="VisitDate" Value=""/>
				<Field Name="UserName" Value="xodice"/>
				<Field Name="UserEmail" Value="Nparillo@ssdvermont.com"/>
				<Field Name="UserHomeFolder" Value="\\NUAN-MOBAD01\HOME\Xodice"/>
				<Field Name="FormName" Value="Visitor Badge"/>
				<Field Name="JodID" Value="4088380863-58343-20379-150-101"/>
			</KnowledgeFields>
		</KnowledgeObject>
	</KnowledgeObjects>
</AutoStore>
