<?xml version="1.0" encoding="utf-8"?>
<AutoStore NSI_SIG2="B0FCD1AB849D93928C7AE459213BA4489E4B4B7D48B7BAF496F879EFFC9469A50D37280314B580F09A2E37AB37E9A00B">
	<Header Version="2" DateCreated="2018-05-29" TimeCreated="18:37:30" AUTHOR="" COMMENTS=""/>
	<KnowledgeObjects ObjID="1445867413-16070-20355-163-250">
		<KnowledgeObject ObjID="1250211271-10798-19525-186-86">
			<KnowledgeDocuments>
				<KnowledgeDocument Type="pdf" Name="Machine ID Labels.pdf" ObjID="1000006842-6621-16888-145-221" DocRef="1229231463-36811-17999-182-122.dat"/>
			</KnowledgeDocuments>
			<KnowledgeFields>
				<Field Name="VisitParking" Value="Yes"/>
				<Field Name="VisitCarReg" Value="Aaaaa"/>
				<Field Name="VisitorCompany" Value="Km"/>
				<Field Name="SelectedVisitor" Value=""/>
				<Field Name="VisitorSurname" Value="Booker"/>
				<Field Name="VisitorFirstname" Value="Jason"/>
				<Field Name="VisitorHost" Value="jasonbookee"/>
				<Field Name="VisitDate" Value="May 29"/>
				<Field Name="UserName" Value="jasonbookee"/>
				<Field Name="UserEmail" Value="stolensomeone@hotmail.com"/>
				<Field Name="UserHomeFolder" Value="\\NUAN-MOBAD01\HOME\JasonBookee"/>
				<Field Name="FormName" Value="Visitor Badge"/>
				<Field Name="JodID" Value="1250211271-10798-19525-186-86"/>
			</KnowledgeFields>
		</KnowledgeObject>
	</KnowledgeObjects>
</AutoStore>
