<?xml version="1.0" encoding="utf-8"?>
<AutoStore NSI_SIG2="1D2C97AA8004FB10F22B54EBE5EAC892AD42E9A44608FEF025E807B7F4B47D7336084655C34D80CD605C9C35A88AC5D4">
	<Header Version="2" DateCreated="2018-01-17" TimeCreated="11:35:14" AUTHOR="" COMMENTS=""/>
	<KnowledgeObjects ObjID="3515435045-13713-20062-164-255">
		<KnowledgeObject ObjID="2494707615-7755-19220-128-214">
			<KnowledgeDocuments>
				<KnowledgeDocument Type="png" Name="Signed_201801171135091736.png" ObjID="3097434143-17167-18773-185-31" DocRef="70703922-30728-17478-138-6.dat"/>
				<KnowledgeDocument Type="TXT" Name="TimeSheet.TXT" ObjID="3425047724-19622-17141-157-109" DocRef="24186999-456-18784-180-253.dat"/>
			</KnowledgeDocuments>
			<KnowledgeFields>
				<Field Name="ContractorName" Value="ian.dixon ian.dixon"/>
				<Field Name="Signature" Value="C:\Nuance\MobileDemo\Home\WebCapture\WORK\c27702c2-b459-42a8-8f47-021c0544bb1a\Signed_201801171135091736.png"/>
				<Field Name="ContractorID" Value="ian.dixon"/>
				<Field Name="FriHours" Value="09:00"/>
				<Field Name="FriEnd" Value="18:00"/>
				<Field Name="FriStart" Value="9:00"/>
				<Field Name="ThuHours" Value="09:00"/>
				<Field Name="ThuEnd" Value="18:00"/>
				<Field Name="ThuStart" Value="9:00"/>
				<Field Name="WedHours" Value="09:00"/>
				<Field Name="WedEnd" Value="18:00"/>
				<Field Name="WedStart" Value="9:00"/>
				<Field Name="TueHours" Value="09:00"/>
				<Field Name="TueEnd" Value="18:00"/>
				<Field Name="TueStart" Value="9:00"/>
				<Field Name="MonHours" Value="09:00"/>
				<Field Name="MonEnd" Value="18:00"/>
				<Field Name="MonStart" Value="9:00"/>
				<Field Name="WeekEnding" Value="14-01-2018"/>
				<Field Name="TimeSheetID" Value="0000063"/>
				<Field Name="TotalHours" Value="45:00"/>
				<Field Name="Submitted" Value="17-01-2018"/>
				<Field Name="UserName" Value="ian.dixon"/>
				<Field Name="UserEmail" Value="ian.dixon100@gmail.com"/>
				<Field Name="UserHomeFolder" Value="\\NUAN-MOBAD01\HOME\ian.dixon"/>
				<Field Name="FormName" Value="Submit TimeSheet"/>
				<Field Name="JobID" Value="2494707615-7755-19220-128-214"/>
			</KnowledgeFields>
		</KnowledgeObject>
	</KnowledgeObjects>
</AutoStore>
