<?xml version="1.0" encoding="utf-8"?>
<AutoStore NSI_SIG2="FEDA91F1B8203D22B2B939D59201FC370BB329D5954077365954F26558808654077BEAB51C6686905840B3519917C242">
	<Header Version="2" DateCreated="2018-01-19" TimeCreated="08:44:18" AUTHOR="" COMMENTS=""/>
	<KnowledgeObjects ObjID="1874574110-41108-18686-191-229">
		<KnowledgeObject ObjID="3961950461-1667-20228-181-112">
			<KnowledgeDocuments>
				<KnowledgeDocument Type="pdf" Name="11.pdf" ObjID="2242909902-26170-16878-188-79" DocRef="1013309309-52315-18599-136-41.dat"/>
			</KnowledgeDocuments>
			<KnowledgeFields>
				<Field Name="AW" Value="Yes"/>
				<Field Name="QC" Value="No"/>
				<Field Name="WC" Value="No"/>
				<Field Name="AX" Value="No"/>
				<Field Name="AC" Value="No"/>
				<Field Name="OF" Value="No"/>
				<Field Name="BC" Value="No"/>
				<Field Name="OM" Value="No"/>
				<Field Name="SC" Value="No"/>
				<Field Name="EQ" Value="No"/>
				<Field Name="EC" Value="No"/>
				<Field Name="UserName" Value="ian.dixon"/>
				<Field Name="UserHomeFolder" Value="\\NUAN-MOBAD01\HOME\ian.dixon"/>
				<Field Name="UserEmail" Value="ian.dixon100@gmail.com"/>
				<Field Name="FormName" Value="Information Request"/>
				<Field Name="JobID" Value="3961950461-1667-20228-181-112"/>
				<Field Name="Fullname" Value="Ian dixon"/>
				<Field Name="JobTitle" Value="Sales"/>
				<Field Name="Company" Value="Nuance"/>
				<Field Name="EmailAddress" Value="Ian.dixon@nuance.com"/>
				<Field Name="PhoneNumber" Value="568954322"/>
				<Field Name="MobileNumber" Value="567900865"/>
				<Field Name="Consent" Value="1"/>
				<Field Name="Products" Value="11"/>
				<Field Name="Section" Value="Sales\Information Request"/>
			</KnowledgeFields>
		</KnowledgeObject>
	</KnowledgeObjects>
</AutoStore>
