<?xml version="1.0" encoding="utf-8"?>
<AutoStore NSI_SIG2="40D6383BF6B22FE1D5690D9B3C167A4E4C9CFAD3D33F711BF1AF86A0C2601059BC44164DD12483B4310F91DFF3A2BC21">
	<Header Version="2" DateCreated="2018-03-08" TimeCreated="17:02:10" AUTHOR="" COMMENTS=""/>
	<KnowledgeObjects ObjID="1478829041-1607-17416-159-79">
		<KnowledgeObject ObjID="429493674-26992-17326-190-37">
			<KnowledgeDocuments>
				<KnowledgeDocument Type="jpg" Name="1520528514895.jpg" ObjID="1210216879-16907-18947-183-94" DocRef="705158962-16462-19445-144-212.dat"/>
				<KnowledgeDocument Type="png" Name="Signature_201803081702103898.png" ObjID="1331854294-40771-17144-139-142" DocRef="555273209-8236-16874-159-4.dat"/>
			</KnowledgeDocuments>
			<KnowledgeFields>
				<Field Name="Company" Value="Nnn"/>
				<Field Name="JobId" Value="429493674-26992-17326-190-37"/>
				<Field Name="FormName" Value="Event Badge Registration"/>
				<Field Name="UserName" Value="andykatz14"/>
				<Field Name="UserEmail" Value="akatzenberger@fbponline.com"/>
				<Field Name="UserHomeFolder" Value="\\NUAN-MOBAD01\HOME\Andykatz14"/>
				<Field Name="Section" Value="Customer Events"/>
				<Field Name="RenameSchema" Value="Registration for Andrew"/>
				<Field Name="FullName" Value="Andrew"/>
				<Field Name="JobTitle" Value="Nnn"/>
				<Field Name="EmailAddress" Value="Nnn@ons.com"/>
				<Field Name="PhoneNumber" Value="2088203389"/>
				<Field Name="MobileNumber" Value="2085449728"/>
			</KnowledgeFields>
		</KnowledgeObject>
	</KnowledgeObjects>
</AutoStore>
