<?xml version="1.0" encoding="utf-8"?>
<AutoStore NSI_SIG2="2877242E6D67F7E0F8CE3936D73450FC1D3A8AF46FC513A5078A604F86F4ECBC37727D0336B78347782BEF1505268140">
	<Header Version="2" DateCreated="2018-11-30" TimeCreated="18:10:41" AUTHOR="" COMMENTS=""/>
	<KnowledgeObjects ObjID="2513348044-11931-17299-172-23">
		<KnowledgeObject ObjID="1238527968-63445-19599-131-126">
			<KnowledgeDocuments>
				<KnowledgeDocument Type="html" Name="ford_429_1@msn.com_(XODICE_(this_PC))_-_Dropbox-2.html" ObjID="1346496865-27160-17100-172-209" DocRef="217924848-59375-19084-167-246.dat"/>
				<KnowledgeDocument Type="png" Name="Signature_201811301810362444.png" ObjID="2245878741-7525-17602-173-123" DocRef="3530019931-7468-16789-178-190.dat"/>
			</KnowledgeDocuments>
			<KnowledgeFields>
				<Field Name="DeliveryTime" Value="18:10"/>
				<Field Name="DeliveryDate" Value="30/11/2018"/>
				<Field Name="Driver" Value="xodice"/>
				<Field Name="SignatureName" Value="Download"/>
				<Field Name="DeliveryID" Value="885909919790006337665046401171"/>
				<Field Name="Surname" Value=""/>
				<Field Name="Firstname" Value=""/>
				<Field Name="Address" Value=""/>
				<Field Name="Postcode" Value=""/>
				<Field Name="Signature" Value="C:\Nuance\MobileDemo\Home\WebCapture\WORK\c81cc72f-37bc-4a8b-aa66-2b862db74ea2\Signature_201811301810362444.png"/>
				<Field Name="GPS" Value="43.29968087641632, -72.4739575912016"/>
				<Field Name="UserName" Value="xodice"/>
				<Field Name="UserEmail" Value="Nparillo@ssdvermont.com"/>
				<Field Name="UserHomeFolder" Value="\\NUAN-MOBAD01\HOME\Xodice"/>
				<Field Name="FormName" Value="Delivery Acceptance"/>
				<Field Name="JobID" Value="1238527968-63445-19599-131-126"/>
			</KnowledgeFields>
		</KnowledgeObject>
	</KnowledgeObjects>
</AutoStore>
