<?xml version="1.0" encoding="utf-8"?>
<AutoStore NSI_SIG2="4FDFE67F2FD4ACF6AAD6ADB02ACA1D0548548C0CC879CFEA0220F7C7A5A245679D248F004E4972D8E794B29DD7DDE687">
	<Header Version="2" DateCreated="2018-12-05" TimeCreated="00:37:52" AUTHOR="" COMMENTS=""/>
	<KnowledgeObjects ObjID="1892304883-57602-18254-172-221">
		<KnowledgeObject ObjID="186416417-29843-19761-131-79">
			<KnowledgeDocuments>
				<KnowledgeDocument Type="pdf" Name="POD-Address Labels.pdf" ObjID="506935085-33023-17388-176-164" DocRef="1365907193-40374-17270-173-159.dat"/>
				<KnowledgeDocument Type="png" Name="Signature_201812050037470467.png" ObjID="4229759915-64131-19986-146-246" DocRef="3869668128-18531-20008-138-156.dat"/>
			</KnowledgeDocuments>
			<KnowledgeFields>
				<Field Name="DeliveryTime" Value="00:37"/>
				<Field Name="DeliveryDate" Value="05/12/2018"/>
				<Field Name="Driver" Value="dandev"/>
				<Field Name="SignatureName" Value="Devine"/>
				<Field Name="DeliveryID" Value="N02534"/>
				<Field Name="Surname" Value=""/>
				<Field Name="Firstname" Value=""/>
				<Field Name="Address" Value=""/>
				<Field Name="Postcode" Value=""/>
				<Field Name="Signature" Value="C:\Nuance\MobileDemo\Home\WebCapture\WORK\3b7e23f9-1b2d-490b-b353-2c4d55c5dd3b\Signature_201812050037470467.png"/>
				<Field Name="GPS" Value="-35.306472771210835, 149.13400179984362"/>
				<Field Name="UserName" Value="dandev"/>
				<Field Name="UserEmail" Value="dan@mars.net.au"/>
				<Field Name="UserHomeFolder" Value="\\NUAN-MOBAD01\HOME\dandev"/>
				<Field Name="FormName" Value="Delivery Acceptance"/>
				<Field Name="JobID" Value="186416417-29843-19761-131-79"/>
			</KnowledgeFields>
		</KnowledgeObject>
	</KnowledgeObjects>
</AutoStore>
