<?xml version="1.0" encoding="utf-8"?>
<AutoStore NSI_SIG2="26431D0E64E6E3D7CDE54FCE1C5D7A5B079337143CF42F605164FC54DF8C8417C40CE59BFB1741580082DCEE3C6AFD27">
	<Header Version="2" DateCreated="2018-04-25" TimeCreated="13:51:04" AUTHOR="" COMMENTS=""/>
	<KnowledgeObjects ObjID="771856450-3431-16509-166-149">
		<KnowledgeObject ObjID="1796501078-64093-17410-151-129">
			<KnowledgeDocuments>
				<KnowledgeDocument Type="jpg" Name="Screenshot_20180424-235602_Gallery.jpg" ObjID="122696061-46424-18555-187-191" DocRef="3713744984-14783-19422-169-14.dat"/>
			</KnowledgeDocuments>
			<KnowledgeFields>
				<Field Name="VisitParking" Value="No"/>
				<Field Name="VisitCarReg" Value=""/>
				<Field Name="VisitorCompany" Value="Nuance"/>
				<Field Name="SelectedVisitor" Value=""/>
				<Field Name="VisitorSurname" Value="Dilberth"/>
				<Field Name="VisitorFirstname" Value="Jimenez"/>
				<Field Name="VisitorHost" Value="dilberthj"/>
				<Field Name="VisitDate" Value="12/2/18"/>
				<Field Name="UserName" Value="dilberthj"/>
				<Field Name="UserEmail" Value="dilberth.jimenez@nuance.com"/>
				<Field Name="UserHomeFolder" Value="\\NUAN-MOBAD01\HOME\Dilberthj"/>
				<Field Name="FormName" Value="Visitor Badge"/>
				<Field Name="JodID" Value="1796501078-64093-17410-151-129"/>
			</KnowledgeFields>
		</KnowledgeObject>
	</KnowledgeObjects>
</AutoStore>
