<?xml version="1.0" encoding="utf-8"?>
<AutoStore NSI_SIG2="D74A6FDE16016D1F8A99E22706001E76B94A21DC20E3C0AF3CC9E968EFF0F7EAC0592F76E06D2A280BFD6BFCDAAF4F68">
	<Header Version="2" DateCreated="2018-12-10" TimeCreated="03:00:24" AUTHOR="" COMMENTS=""/>
	<KnowledgeObjects ObjID="1042667437-33658-17951-159-220">
		<KnowledgeObject ObjID="1546851597-25470-18285-162-143">
			<KnowledgeDocuments>
				<KnowledgeDocument Type="html" Name="ford_429_1@msn.com_(XODICE_(this_PC))_-_Dropbox-17.html" ObjID="122128877-56150-18952-187-128" DocRef="4033925335-29021-16803-140-105.dat"/>
				<KnowledgeDocument Type="png" Name="Signature_201812100300176156.png" ObjID="3295623654-44617-18005-149-4" DocRef="2261628837-24251-19867-130-242.dat"/>
			</KnowledgeDocuments>
			<KnowledgeFields>
				<Field Name="DeliveryTime" Value="03:00"/>
				<Field Name="DeliveryDate" Value="10/12/2018"/>
				<Field Name="Driver" Value="xodice"/>
				<Field Name="SignatureName" Value="Cliff keen 1992"/>
				<Field Name="DeliveryID" Value="103131642851031120161"/>
				<Field Name="Surname" Value=""/>
				<Field Name="Firstname" Value=""/>
				<Field Name="Address" Value=""/>
				<Field Name="Postcode" Value=""/>
				<Field Name="Signature" Value="C:\Nuance\MobileDemo\Home\WebCapture\WORK\3b9d4ca1-f7f6-4640-add2-0fd5ffb24a9e\Signature_201812100300176156.png"/>
				<Field Name="GPS" Value="43.29966148482699, -72.47371255110967"/>
				<Field Name="UserName" Value="xodice"/>
				<Field Name="UserEmail" Value="Nparillo@ssdvermont.com"/>
				<Field Name="UserHomeFolder" Value="\\NUAN-MOBAD01\HOME\Xodice"/>
				<Field Name="FormName" Value="Delivery Acceptance"/>
				<Field Name="JobID" Value="1546851597-25470-18285-162-143"/>
			</KnowledgeFields>
		</KnowledgeObject>
	</KnowledgeObjects>
</AutoStore>
