<?xml version="1.0" encoding="utf-8"?>
<AutoStore NSI_SIG2="50F4E6FC2C3F29AF36301177C9C01936995496ED616CABFC747E5ABF0A366BB29D4C044027CBFDC294D59535F9361447">
	<Header Version="2" DateCreated="2018-02-20" TimeCreated="18:49:46" AUTHOR="" COMMENTS=""/>
	<KnowledgeObjects ObjID="3355734783-19216-19331-148-200">
		<KnowledgeObject ObjID="1837076424-43710-18413-178-147">
			<KnowledgeDocuments>
				<KnowledgeDocument Type="jpg" Name="1519152545528.jpg" ObjID="875075281-18562-16482-172-234" DocRef="2808581367-41810-19428-176-219.dat"/>
				<KnowledgeDocument Type="pdf" Name="CustomerIDLabels.pdf" ObjID="4147067606-3668-16466-186-169" DocRef="3236344718-61409-17046-184-47.dat"/>
			</KnowledgeDocuments>
			<KnowledgeFields>
				<Field Name="UserName" Value="vanessasimpson"/>
				<Field Name="UserEmail" Value="vanessa.simpson@ricoh-usa.com"/>
				<Field Name="UserHomeFolder" Value="\\NUAN-MOBAD01\HOME\VanessaSimpson"/>
				<Field Name="UserDispName" Value="VanessaSimpson VanessaSimpson"/>
				<Field Name="Convert" Value="p_0024"/>
				<Field Name="ConvertTo" Value="PDF/A"/>
				<Field Name="NextTask" Value="p_0027"/>
				<Field Name="FormName" Value="Send to Email"/>
				<Field Name="JobID" Value="1837076424-43710-18413-178-147"/>
				<Field Name="RenameSchema" Value="Captured File"/>
				<Field Name="Section" Value="General Office Productivity"/>
			</KnowledgeFields>
		</KnowledgeObject>
	</KnowledgeObjects>
</AutoStore>
