<?xml version="1.0" encoding="utf-8"?>
<AutoStore NSI_SIG2="3B1CB262BEFDFE7423AA1D53359F10801D670D6575DE4FDF0A21342148E90013065D2E21D8961C995A81F4FF64F3504F">
	<Header Version="2" DateCreated="2018-02-23" TimeCreated="17:25:29" AUTHOR="" COMMENTS=""/>
	<KnowledgeObjects ObjID="3203965235-49908-17778-135-140">
		<KnowledgeObject ObjID="3018046759-4231-17019-160-168">
			<KnowledgeDocuments>
				<KnowledgeDocument Type="png" Name="Signed_201802231725266714.png" ObjID="1038716417-7867-20121-164-229" DocRef="3915749898-32691-19399-182-63.dat"/>
				<KnowledgeDocument Type="TXT" Name="TimeSheet.TXT" ObjID="1111961624-26287-17813-145-246" DocRef="14239462-60450-17740-185-126.dat"/>
			</KnowledgeDocuments>
			<KnowledgeFields>
				<Field Name="ContractorName" Value="jerrymarley jerrymarley"/>
				<Field Name="Signature" Value="C:\Nuance\MobileDemo\Home\WebCapture\WORK\0335abd3-b5f8-4aad-a787-ec2d78b6ec72\Signed_201802231725266714.png"/>
				<Field Name="ContractorID" Value="jerrymarley"/>
				<Field Name="FriHours" Value="08:00"/>
				<Field Name="FriEnd" Value="17:00"/>
				<Field Name="FriStart" Value="9:00"/>
				<Field Name="ThuHours" Value="08:00"/>
				<Field Name="ThuEnd" Value="17:00"/>
				<Field Name="ThuStart" Value="9:00"/>
				<Field Name="WedHours" Value="08:00"/>
				<Field Name="WedEnd" Value="17:00"/>
				<Field Name="WedStart" Value="9:00"/>
				<Field Name="TueHours" Value="08:00"/>
				<Field Name="TueEnd" Value="17:00"/>
				<Field Name="TueStart" Value="9:00"/>
				<Field Name="MonHours" Value="08:00"/>
				<Field Name="MonEnd" Value="17:00"/>
				<Field Name="MonStart" Value="9:00"/>
				<Field Name="WeekEnding" Value="23-02-2018"/>
				<Field Name="TimeSheetID" Value="0000087"/>
				<Field Name="TotalHours" Value="40:00"/>
				<Field Name="Submitted" Value="23-02-2018"/>
				<Field Name="UserName" Value="jerrymarley"/>
				<Field Name="UserEmail" Value="jerry@nuance.com"/>
				<Field Name="UserHomeFolder" Value="\\NUAN-MOBAD01\HOME\jerrymarley"/>
				<Field Name="FormName" Value="Submit TimeSheet"/>
				<Field Name="JobID" Value="3018046759-4231-17019-160-168"/>
			</KnowledgeFields>
		</KnowledgeObject>
	</KnowledgeObjects>
</AutoStore>
