<?xml version="1.0" encoding="utf-8"?>
<AutoStore NSI_SIG2="9AFAA2AC84C53FBCDAD0429944AD01B0FD58AEB8012C5AA61A63207A528D70260A511AC2DDDEB5FE854DAAE5F00CC0D3">
	<Header Version="2" DateCreated="2018-04-24" TimeCreated="19:40:48" AUTHOR="" COMMENTS=""/>
	<KnowledgeObjects ObjID="1487688274-41815-20021-139-212">
		<KnowledgeObject ObjID="833390088-60986-17382-134-134">
			<KnowledgeDocuments>
				<KnowledgeDocument Type="pdf" Name="Prob11H - Nicholas g Parillo - 00001.pdf" ObjID="953967524-18124-17059-144-210" DocRef="3129066144-2138-19716-189-40.dat"/>
				<KnowledgeDocument Type="png" Name="Signature_201804241940453206.png" ObjID="194204491-3164-17435-155-83" DocRef="312266264-5708-16761-187-24.dat"/>
			</KnowledgeDocuments>
			<KnowledgeFields>
				<Field Name="DeliveryTime" Value="19:40"/>
				<Field Name="DeliveryDate" Value="24/04/2018"/>
				<Field Name="Driver" Value="xodice"/>
				<Field Name="SignatureName" Value="Mister"/>
				<Field Name="DeliveryID" Value="ES10"/>
				<Field Name="Surname" Value=""/>
				<Field Name="Firstname" Value=""/>
				<Field Name="Address" Value=""/>
				<Field Name="Postcode" Value=""/>
				<Field Name="Signature" Value="C:\Nuance\MobileDemo\Home\WebCapture\WORK\ddbd89eb-eded-4e04-a436-dcaa16f24a61\Signature_201804241940453206.png"/>
				<Field Name="GPS" Value="43.299682383872224, -72.47390005935574"/>
				<Field Name="UserName" Value="xodice"/>
				<Field Name="UserEmail" Value="Nparillo@ssdvermont.com"/>
				<Field Name="UserHomeFolder" Value="\\NUAN-MOBAD01\HOME\Xodice"/>
				<Field Name="FormName" Value="Delivery Acceptance"/>
				<Field Name="JobID" Value="833390088-60986-17382-134-134"/>
			</KnowledgeFields>
		</KnowledgeObject>
	</KnowledgeObjects>
</AutoStore>
