<?xml version="1.0" encoding="utf-8"?>
<AutoStore NSI_SIG2="DA216FFCAA8FF22D6282E2AAE17798F62829301E185B264923FC415D70B7603F71E0C776C511B40DE505DED7ACD79492">
	<Header Version="2" DateCreated="2018-01-31" TimeCreated="22:51:25" AUTHOR="" COMMENTS=""/>
	<KnowledgeObjects ObjID="1310497154-27420-18838-133-188">
		<KnowledgeObject ObjID="1683956909-34798-17172-141-8">
			<KnowledgeDocuments>
				<KnowledgeDocument Type="pdf" Name="8.pdf" ObjID="460884736-26113-19757-163-208" DocRef="4237837410-47649-18551-155-46.dat"/>
			</KnowledgeDocuments>
			<KnowledgeFields>
				<Field Name="AW" Value="No"/>
				<Field Name="QC" Value="No"/>
				<Field Name="WC" Value="No"/>
				<Field Name="AX" Value="Yes"/>
				<Field Name="AC" Value="No"/>
				<Field Name="OF" Value="No"/>
				<Field Name="BC" Value="No"/>
				<Field Name="OM" Value="No"/>
				<Field Name="SC" Value="No"/>
				<Field Name="EQ" Value="No"/>
				<Field Name="EC" Value="No"/>
				<Field Name="UserName" Value="ian.dixon"/>
				<Field Name="UserHomeFolder" Value="\\NUAN-MOBAD01\HOME\ian.dixon"/>
				<Field Name="UserEmail" Value="ian.dixon100@gmail.com"/>
				<Field Name="FormName" Value="Information Request"/>
				<Field Name="JobID" Value="1683956909-34798-17172-141-8"/>
				<Field Name="Fullname" Value="Ian"/>
				<Field Name="JobTitle" Value="Sales"/>
				<Field Name="Company" Value="EQ"/>
				<Field Name="EmailAddress" Value="ian.dixon100@sky.com"/>
				<Field Name="PhoneNumber" Value="678878"/>
				<Field Name="MobileNumber" Value="637373838:8/"/>
				<Field Name="Consent" Value="1"/>
				<Field Name="Products" Value="8"/>
				<Field Name="Section" Value="Sales\Information Request"/>
			</KnowledgeFields>
		</KnowledgeObject>
	</KnowledgeObjects>
</AutoStore>
