<?xml version="1.0" encoding="utf-8"?>
<AutoStore NSI_SIG2="706942712F68602D845C01B4DA2872B4ACE1AC74BBA6BFBC77218102CF64322B21ACF0C9D13B17DCF4563C315020A198">
	<Header Version="2" DateCreated="2018-10-13" TimeCreated="16:05:45" AUTHOR="" COMMENTS=""/>
	<KnowledgeObjects ObjID="1857055599-53015-20419-166-31">
		<KnowledgeObject ObjID="40713630-22841-16391-140-13">
			<KnowledgeDocuments>
				<KnowledgeDocument Type="htm" Name="Captured File - 00001.htm" ObjID="2327482332-51658-19313-184-4" DocRef="3805011328-17335-16465-180-161.dat"/>
				<KnowledgeDocument Type="png" Name="Signature_201810131605398154.png" ObjID="2359773263-37261-16423-173-186" DocRef="976571608-58894-16521-131-42.dat"/>
			</KnowledgeDocuments>
			<KnowledgeFields>
				<Field Name="DeliveryTime" Value="16:05"/>
				<Field Name="DeliveryDate" Value="13/10/2018"/>
				<Field Name="Driver" Value="xodice"/>
				<Field Name="SignatureName" Value="Boca builders"/>
				<Field Name="DeliveryID" Value="20FREETOKENS"/>
				<Field Name="Surname" Value=""/>
				<Field Name="Firstname" Value=""/>
				<Field Name="Address" Value=""/>
				<Field Name="Postcode" Value=""/>
				<Field Name="Signature" Value="C:\Nuance\MobileDemo\Home\WebCapture\WORK\65805bdc-6a6e-4342-a6bb-4ccd875492e8\Signature_201810131605398154.png"/>
				<Field Name="GPS" Value="43.29970109124929, -72.47370615410192"/>
				<Field Name="UserName" Value="xodice"/>
				<Field Name="UserEmail" Value="Nparillo@ssdvermont.com"/>
				<Field Name="UserHomeFolder" Value="\\NUAN-MOBAD01\HOME\Xodice"/>
				<Field Name="FormName" Value="Delivery Acceptance"/>
				<Field Name="JobID" Value="40713630-22841-16391-140-13"/>
			</KnowledgeFields>
		</KnowledgeObject>
	</KnowledgeObjects>
</AutoStore>
