<?xml version="1.0" encoding="utf-8"?>
<AutoStore NSI_SIG2="B3F92DC645B30DA7E4B78C90B8C4A3B56AB3B41FACDF74E1ABDE9A6483021BCF6DEA32C1EA705C48CC3A0447BF5002F2">
	<Header Version="2" DateCreated="2018-06-26" TimeCreated="16:46:58" AUTHOR="" COMMENTS=""/>
	<KnowledgeObjects ObjID="1673468183-63520-16998-165-90">
		<KnowledgeObject ObjID="2291060494-36379-17293-181-74">
			<KnowledgeDocuments>
				<KnowledgeDocument Type="pdf" Name="POD_111222333_1.pdf" ObjID="4272334467-39243-18918-188-66" DocRef="262186685-23926-20324-173-147.dat"/>
				<KnowledgeDocument Type="png" Name="Signature_201806261646536618.png" ObjID="1095939675-42127-17133-128-11" DocRef="4008331897-39766-18389-189-240.dat"/>
			</KnowledgeDocuments>
			<KnowledgeFields>
				<Field Name="DeliveryTime" Value="16:46"/>
				<Field Name="DeliveryDate" Value="26/06/2018"/>
				<Field Name="Driver" Value="1rollrock1"/>
				<Field Name="SignatureName" Value="Ds"/>
				<Field Name="DeliveryID" Value="0840408117548"/>
				<Field Name="Surname" Value=""/>
				<Field Name="Firstname" Value=""/>
				<Field Name="Address" Value=""/>
				<Field Name="Postcode" Value=""/>
				<Field Name="Signature" Value="C:\Nuance\MobileDemo\Home\WebCapture\WORK\3f29a49c-eb8c-467a-925b-f9b07337b4dc\Signature_201806261646536618.png"/>
				<Field Name="GPS" Value="42.79135491978494, -74.62251385141583"/>
				<Field Name="UserName" Value="1rollrock1"/>
				<Field Name="UserEmail" Value="Duane.shoen@tbs.toshiba.com"/>
				<Field Name="UserHomeFolder" Value="\\NUAN-MOBAD01\HOME\1rollrock1"/>
				<Field Name="FormName" Value="Delivery Acceptance"/>
				<Field Name="JobID" Value="2291060494-36379-17293-181-74"/>
			</KnowledgeFields>
		</KnowledgeObject>
	</KnowledgeObjects>
</AutoStore>
