<?xml version="1.0" encoding="utf-8"?>
<AutoStore NSI_SIG2="C84A07A3FBE65249F8F61278D1B7C421D4B38781C5EA7BDA0427C31E1636C087AE9EFC419755AF8C87204B98B8006272">
	<Header Version="2" DateCreated="2019-06-03" TimeCreated="13:56:28" AUTHOR="" COMMENTS=""/>
	<KnowledgeObjects ObjID="2454228326-8845-18458-175-209">
		<KnowledgeObject ObjID="1436916924-61237-16818-132-188">
			<KnowledgeDocuments>
				<KnowledgeDocument Type="jpg" Name="1559569981726.jpg" ObjID="2426350120-55800-19130-129-27" DocRef="4233721560-17028-20078-156-207.dat"/>
			</KnowledgeDocuments>
			<KnowledgeFields>
				<Field Name="WitnessMobile2" Value=""/>
				<Field Name="WitnessPhone2" Value=""/>
				<Field Name="WitnessAddress2" Value=""/>
				<Field Name="WitnessName2" Value=""/>
				<Field Name="WitnessMobile1" Value=""/>
				<Field Name="WitnessPhone1" Value=""/>
				<Field Name="WitnessAddress1" Value=""/>
				<Field Name="WitnessName1" Value=""/>
				<Field Name="OtherInfor" Value=""/>
				<Field Name="BadgeNumber" Value=""/>
				<Field Name="Phone" Value=""/>
				<Field Name="Department" Value=""/>
				<Field Name="OfficerName" Value=""/>
				<Field Name="OtherInjuries" Value=""/>
				<Field Name="OtherPassenger" Value=""/>
				<Field Name="YourInjuries" Value=""/>
				<Field Name="YourPassengers" Value=""/>
				<Field Name="OtherDriverPhone" Value=""/>
				<Field Name="OtherDriverAddress" Value=""/>
				<Field Name="OtherDriverName" Value=""/>
				<Field Name="InsuranceCompany" Value=""/>
				<Field Name="Registration" Value=""/>
				<Field Name="VehicleColour" Value=""/>
				<Field Name="VehicleModel" Value=""/>
				<Field Name="VehicleMake" Value=""/>
				<Field Name="OwnerPhone" Value=""/>
				<Field Name="OwnerAddress" Value=""/>
				<Field Name="OwnerName" Value=""/>
				<Field Name="OtherRecovery" Value="Allsrate"/>
				<Field Name="OtherVehicleDamage" Value="Lexus"/>
				<Field Name="YourRecovery" Value="Hrico"/>
				<Field Name="YourVehicleDamage" Value="Buick"/>
				<Field Name="AccidentDetails" Value="Cross section"/>
				<Field Name="Location" Value="14025 NW 60th Ave, Hialeah, FL 33014, USA"/>
				<Field Name="Conditions" Value="Slippery"/>
				<Field Name="AccidentTime" Value="7"/>
				<Field Name="AccidentDate" Value="6/20/2019"/>
				<Field Name="FileCount" Value="1"/>
				<Field Name="RenameSchema" Value="Accident Form - 6/20/2019 7"/>
				<Field Name="Section" Value="Insurance and Financial Services"/>
				<Field Name="UserHomeFolder" Value="\\NUAN-MOBAD01\HOME\joshuaeuceda"/>
				<Field Name="UserEmail" Value="jeuceda@saxon.net"/>
				<Field Name="UserName" Value="joshuaeuceda"/>
				<Field Name="FormName" Value="Accident Damage Report"/>
				<Field Name="JobID" Value="1436916924-61237-16818-132-188"/>
			</KnowledgeFields>
		</KnowledgeObject>
	</KnowledgeObjects>
</AutoStore>
