<?xml version="1.0" encoding="utf-8"?>
<AutoStore NSI_SIG2="0C2EDC03CA1890C57314938485DEF0A19BA1D6D43CA39B1440192A3E1765775CE94500CAE3387BEA120AF5D891693396">
	<Header Version="2" DateCreated="2018-01-25" TimeCreated="21:36:53" AUTHOR="" COMMENTS=""/>
	<KnowledgeObjects ObjID="1606905851-43504-19209-171-210">
		<KnowledgeObject ObjID="3538230369-50138-17493-131-77">
			<KnowledgeDocuments>
				<KnowledgeDocument Type="pdf" Name="1.pdf" ObjID="2904060509-38318-16736-147-94" DocRef="2766819893-40211-19334-131-214.dat"/>
				<KnowledgeDocument Type="pdf" Name="2.pdf" ObjID="4136801021-100-17503-190-198" DocRef="2226460830-45805-18431-178-32.dat"/>
				<KnowledgeDocument Type="pdf" Name="4.pdf" ObjID="495080535-17122-17826-170-145" DocRef="2183490044-31263-18935-143-123.dat"/>
				<KnowledgeDocument Type="pdf" Name="5.pdf" ObjID="4231517811-58806-18371-175-220" DocRef="700476807-44235-18678-165-51.dat"/>
				<KnowledgeDocument Type="pdf" Name="6.pdf" ObjID="1325127642-47837-20037-149-197" DocRef="1746460653-35665-17189-173-81.dat"/>
				<KnowledgeDocument Type="pdf" Name="7.pdf" ObjID="3757408803-4886-16852-184-2" DocRef="2203572748-49312-19754-145-78.dat"/>
				<KnowledgeDocument Type="pdf" Name="8.pdf" ObjID="3532059165-47616-16395-176-78" DocRef="3411527945-48783-19808-180-87.dat"/>
				<KnowledgeDocument Type="pdf" Name="9.pdf" ObjID="3699597283-50965-16503-132-76" DocRef="2451085482-37364-18568-154-176.dat"/>
				<KnowledgeDocument Type="pdf" Name="10.pdf" ObjID="2746490478-57612-20334-186-13" DocRef="4130726410-49582-19587-158-56.dat"/>
				<KnowledgeDocument Type="pdf" Name="11.pdf" ObjID="2956040386-53731-16656-137-177" DocRef="3431206253-62559-20412-167-123.dat"/>
			</KnowledgeDocuments>
			<KnowledgeFields>
				<Field Name="AW" Value="Yes"/>
				<Field Name="QC" Value="Yes"/>
				<Field Name="WC" Value="Yes"/>
				<Field Name="AX" Value="Yes"/>
				<Field Name="AC" Value="Yes"/>
				<Field Name="OF" Value="Yes"/>
				<Field Name="BC" Value="Yes"/>
				<Field Name="OM" Value="Yes"/>
				<Field Name="SC" Value="No"/>
				<Field Name="EQ" Value="Yes"/>
				<Field Name="EC" Value="Yes"/>
				<Field Name="UserName" Value="james.saavedra"/>
				<Field Name="UserHomeFolder" Value="\\NUAN-MOBAD01\HOME\James.saavedra"/>
				<Field Name="UserEmail" Value="James.saavedra@nuance.com"/>
				<Field Name="FormName" Value="Information Request"/>
				<Field Name="JobID" Value="3538230369-50138-17493-131-77"/>
				<Field Name="Fullname" Value="Jim saavedra"/>
				<Field Name="JobTitle" Value="Rsm"/>
				<Field Name="Company" Value="Nuance"/>
				<Field Name="EmailAddress" Value="James.saavedra@nuance.com"/>
				<Field Name="PhoneNumber" Value="9496366635"/>
				<Field Name="MobileNumber" Value="9496366635"/>
				<Field Name="Consent" Value="1"/>
				<Field Name="Products" Value="1;2;4;5;6;7;8;9;10;11"/>
				<Field Name="Section" Value="Sales\Information Request"/>
			</KnowledgeFields>
		</KnowledgeObject>
	</KnowledgeObjects>
</AutoStore>
