<?xml version="1.0" encoding="utf-8"?>
<AutoStore NSI_SIG2="727B4887B2C14807D64B77AA1BBEDC2D5D4204698254F3D32B5008BD49D64513F3024FCEC55A16036899B30874FF864E">
	<Header Version="2" DateCreated="2018-02-07" TimeCreated="12:34:20" AUTHOR="" COMMENTS=""/>
	<KnowledgeObjects ObjID="1242292792-19420-19073-134-208">
		<KnowledgeObject ObjID="1837260353-14509-19148-170-47">
			<KnowledgeDocuments>
				<KnowledgeDocument Type="pdf" Name="Machine ID Labels.pdf" ObjID="3123050919-44422-16837-133-171" DocRef="1135852814-62827-17051-157-38.dat"/>
				<KnowledgeDocument Type="pdf" Name="Blood Bag ID Labels.pdf" ObjID="2586360350-6702-16725-139-242" DocRef="874924485-39799-16711-129-202.dat"/>
				<KnowledgeDocument Type="png" Name="Sketch_201802071234195470.png" ObjID="872142755-28655-19926-163-127" DocRef="3582864155-52934-16975-186-113.dat"/>
			</KnowledgeDocuments>
			<KnowledgeFields>
				<Field Name="WitnessMobile2" Value=""/>
				<Field Name="WitnessPhone2" Value=""/>
				<Field Name="WitnessAddress2" Value=""/>
				<Field Name="WitnessName2" Value=""/>
				<Field Name="WitnessMobile1" Value=""/>
				<Field Name="WitnessPhone1" Value=""/>
				<Field Name="WitnessAddress1" Value=""/>
				<Field Name="WitnessName1" Value=""/>
				<Field Name="OtherInfor" Value=""/>
				<Field Name="BadgeNumber" Value=""/>
				<Field Name="Phone" Value=""/>
				<Field Name="Department" Value=""/>
				<Field Name="OfficerName" Value=""/>
				<Field Name="OtherInjuries" Value=""/>
				<Field Name="OtherPassenger" Value=""/>
				<Field Name="YourInjuries" Value=""/>
				<Field Name="YourPassengers" Value="3"/>
				<Field Name="OtherDriverPhone" Value=""/>
				<Field Name="OtherDriverAddress" Value=""/>
				<Field Name="OtherDriverName" Value=""/>
				<Field Name="InsuranceCompany" Value=""/>
				<Field Name="Registration" Value=""/>
				<Field Name="VehicleColour" Value=""/>
				<Field Name="VehicleModel" Value=""/>
				<Field Name="VehicleMake" Value=""/>
				<Field Name="OwnerPhone" Value=""/>
				<Field Name="OwnerAddress" Value=""/>
				<Field Name="OwnerName" Value=""/>
				<Field Name="OtherRecovery" Value=""/>
				<Field Name="OtherVehicleDamage" Value=""/>
				<Field Name="YourRecovery" Value=""/>
				<Field Name="YourVehicleDamage" Value=""/>
				<Field Name="AccidentDetails" Value=""/>
				<Field Name="Location" Value="10040 Sellona St, Raleigh, NC 27617, USA"/>
				<Field Name="Conditions" Value=""/>
				<Field Name="AccidentTime" Value=""/>
				<Field Name="AccidentDate" Value="2/7/2018"/>
				<Field Name="FileCount" Value="3"/>
				<Field Name="RenameSchema" Value="Accident Form - 2/7/2018 "/>
				<Field Name="Section" Value="Insurance and Financial Services"/>
				<Field Name="UserHomeFolder" Value="\\NUAN-MOBAD01\HOME\bill.holley"/>
				<Field Name="UserEmail" Value="bill.holley@nuance.com"/>
				<Field Name="UserName" Value="bill.holley"/>
				<Field Name="FormName" Value="Accident Damage Report"/>
				<Field Name="JobID" Value="1837260353-14509-19148-170-47"/>
			</KnowledgeFields>
		</KnowledgeObject>
	</KnowledgeObjects>
</AutoStore>
