<?xml version="1.0" encoding="utf-8"?>
<AutoStore NSI_SIG2="40980DFDDC347E0ABF4DA5AFD6AE3605806313CCDDB45AA22486DF618A73EA14D1EDEEF69592CABBFBCA350309FEC115">
	<Header Version="2" DateCreated="2018-03-13" TimeCreated="16:11:54" AUTHOR="" COMMENTS=""/>
	<KnowledgeObjects ObjID="575260529-5019-18300-169-245">
		<KnowledgeObject ObjID="2324426339-2936-19700-157-113">
			<KnowledgeDocuments>
				<KnowledgeDocument Type="png" Name="Signed_201803131611488198.png" ObjID="1177556703-59680-19666-161-111" DocRef="1268134638-56371-19940-170-91.dat"/>
				<KnowledgeDocument Type="TXT" Name="TimeSheet.TXT" ObjID="2450546505-36308-18369-176-88" DocRef="3899609293-36565-18108-161-217.dat"/>
			</KnowledgeDocuments>
			<KnowledgeFields>
				<Field Name="ContractorName" Value="Rpfeil Rpfeil"/>
				<Field Name="Signature" Value="C:\Nuance\MobileDemo\Home\WebCapture\WORK\53883985-17c6-4b0e-acb9-4f6f7f8452c3\Signed_201803131611488198.png"/>
				<Field Name="ContractorID" Value="rpfeil"/>
				<Field Name="FriHours" Value=""/>
				<Field Name="FriEnd" Value=""/>
				<Field Name="FriStart" Value=""/>
				<Field Name="ThuHours" Value=""/>
				<Field Name="ThuEnd" Value=""/>
				<Field Name="ThuStart" Value=""/>
				<Field Name="WedHours" Value=""/>
				<Field Name="WedEnd" Value=""/>
				<Field Name="WedStart" Value=""/>
				<Field Name="TueHours" Value=""/>
				<Field Name="TueEnd" Value=""/>
				<Field Name="TueStart" Value=""/>
				<Field Name="MonHours" Value=""/>
				<Field Name="MonEnd" Value=""/>
				<Field Name="MonStart" Value=""/>
				<Field Name="WeekEnding" Value="13-03-2018"/>
				<Field Name="TimeSheetID" Value="0000094"/>
				<Field Name="TotalHours" Value=""/>
				<Field Name="Submitted" Value="13-03-2018"/>
				<Field Name="UserName" Value="rpfeil"/>
				<Field Name="UserEmail" Value="Robert.pfeil@tbs.toshiba.com"/>
				<Field Name="UserHomeFolder" Value="\\NUAN-MOBAD01\HOME\Rpfeil"/>
				<Field Name="FormName" Value="Submit TimeSheet"/>
				<Field Name="JobID" Value="2324426339-2936-19700-157-113"/>
			</KnowledgeFields>
		</KnowledgeObject>
	</KnowledgeObjects>
</AutoStore>
