<?xml version="1.0" encoding="utf-8"?>
<AutoStore NSI_SIG2="AB2E8B9A59609FE9E9B7816CC4344B12FE1A7B915C0C7DB4323EC28E6891DD22A2B3D08B55D35F4CEE5CAD023498B670">
	<Header Version="2" DateCreated="2017-10-18" TimeCreated="14:11:15" AUTHOR="" COMMENTS=""/>
	<KnowledgeObjects ObjID="1261799559-52452-16477-159-90">
		<KnowledgeObject ObjID="2386874938-53924-19519-140-14">
			<KnowledgeDocuments>
				<KnowledgeDocument Type="png" Name="Signed_201710181410384658.png" ObjID="3495565775-50275-19749-129-168" DocRef="517949912-60716-17914-135-74.dat"/>
				<KnowledgeDocument Type="TXT" Name="TimeSheet.TXT" ObjID="3178361235-41766-17307-175-210" DocRef="1929608875-31606-17836-159-39.dat"/>
				<KnowledgeDocument Type="PDF" Name="TimeSheet.PDF" ObjID="1398693735-7766-19461-173-249" DocRef="704050280-46862-17499-156-236.dat"/>
			</KnowledgeDocuments>
			<KnowledgeFields>
				<Field Name="ContractorName" Value="John Campbell-Higgens"/>
				<Field Name="Signature" Value="C:\Nuance\MobileDemo\Home\WebCapture\WORK\f3c26961-fd36-45f5-bcd6-6e516558f674\Signed_201710181410384658.png"/>
				<Field Name="ContractorID" Value="JCH"/>
				<Field Name="FriHours" Value="08:30"/>
				<Field Name="FriEnd" Value="17:30"/>
				<Field Name="FriStart" Value="09:00"/>
				<Field Name="ThuHours" Value="08:30"/>
				<Field Name="ThuEnd" Value="17:30"/>
				<Field Name="ThuStart" Value="09:00"/>
				<Field Name="WedHours" Value="08:30"/>
				<Field Name="WedEnd" Value="17:30"/>
				<Field Name="WedStart" Value="09:00"/>
				<Field Name="TueHours" Value="08:30"/>
				<Field Name="TueEnd" Value="17:30"/>
				<Field Name="TueStart" Value="09:00"/>
				<Field Name="MonHours" Value="08:30"/>
				<Field Name="MonEnd" Value="17:30"/>
				<Field Name="MonStart" Value="09:00"/>
				<Field Name="WeekEnding" Value="20-10-2017"/>
				<Field Name="TimeSheetID" Value="0000048"/>
				<Field Name="TotalHours" Value="41:90"/>
				<Field Name="Submitted" Value="18-10-2017"/>
				<Field Name="UserName" Value="JCH"/>
				<Field Name="UserEmail" Value="jch@ndi-demo.eu"/>
				<Field Name="UserHomeFolder" Value="\\AS-OF360\Users\JCH"/>
				<Field Name="FormName" Value="Submit TimeSheet"/>
				<Field Name="JobID" Value=""/>
			</KnowledgeFields>
		</KnowledgeObject>
	</KnowledgeObjects>
</AutoStore>
