<?xml version="1.0" encoding="utf-8"?>
<AutoStore NSI_SIG2="E6786E630C000AB6DDA464D018F050974D50F595EFF25F27543EA9411F7DDE48F77C249708788AD787F589D7232CF4D6">
	<Header Version="2" DateCreated="2017-11-21" TimeCreated="21:45:54" AUTHOR="" COMMENTS=""/>
	<KnowledgeObjects ObjID="1021621991-38775-18966-188-154">
		<KnowledgeObject ObjID="1863041144-61838-20142-171-209">
			<KnowledgeDocuments>
				<KnowledgeDocument Type="png" Name="Signed_201711212145521717.png" ObjID="659667537-41671-18894-183-103" DocRef="1658384725-36278-18716-165-130.dat"/>
			</KnowledgeDocuments>
			<KnowledgeFields>
				<Field Name="JobID" Value="1863041144-61838-20142-171-209"/>
				<Field Name="FormName" Value="Submit TimeSheet"/>
				<Field Name="UserHomeFolder" Value="\\as-of360\users\Matt"/>
				<Field Name="UserEmail" Value="matt.mahoney@nuance.com"/>
				<Field Name="UserName" Value="matt"/>
				<Field Name="Submitted" Value="21-11-2017"/>
				<Field Name="TotalHours" Value="41:00"/>
				<Field Name="TimeSheetID" Value="0000049"/>
				<Field Name="WeekEnding" Value="21-11-2017"/>
				<Field Name="MonStart" Value="9am"/>
				<Field Name="MonEnd" Value="5pm"/>
				<Field Name="MonHours" Value="08:00"/>
				<Field Name="TueStart" Value="9am"/>
				<Field Name="TueEnd" Value="5pm"/>
				<Field Name="TueHours" Value="08:00"/>
				<Field Name="WedStart" Value="9am"/>
				<Field Name="WedEnd" Value="6pm"/>
				<Field Name="WedHours" Value="09:00"/>
				<Field Name="ThuStart" Value="9am"/>
				<Field Name="ThuEnd" Value="5pm"/>
				<Field Name="ThuHours" Value="08:00"/>
				<Field Name="FriStart" Value="9am"/>
				<Field Name="FriEnd" Value="5pm"/>
				<Field Name="FriHours" Value="08:00"/>
				<Field Name="ContractorID" Value="matt"/>
				<Field Name="Signature" Value="C:\Nuance\MobileDemo\Home\WebCapture\WORK\8e66ccd9-3f66-444c-8325-77b9b3c83be9\Signed_201711212145521717.png"/>
				<Field Name="ContractorName" Value="Matt Mahoney"/>
			</KnowledgeFields>
		</KnowledgeObject>
	</KnowledgeObjects>
</AutoStore>
