<?xml version="1.0" encoding="utf-8"?>
<AutoStore NSI_SIG2="4E867F4502AEA22B8999316E64701D8588D701E98D46FAB787734766E6A87C75367CBAE6755DC6C117FBD62590B62C30">
	<Header Version="2" DateCreated="2018-02-06" TimeCreated="13:49:40" AUTHOR="" COMMENTS=""/>
	<KnowledgeObjects ObjID="1562635252-59102-17104-162-26">
		<KnowledgeObject ObjID="1173575264-38433-17981-130-157">
			<KnowledgeDocuments>
				<KnowledgeDocument Type="jpg" Name="cdv_photo_001.jpg" ObjID="1679433681-932-16421-181-153" DocRef="1791021012-12494-19101-172-225.dat"/>
			</KnowledgeDocuments>
			<KnowledgeFields>
				<Field Name="UserName" Value="mvdassem"/>
				<Field Name="UserEmail" Value="mvda@xtandit.nl"/>
				<Field Name="UserHomeFolder" Value="\\NUAN-MOBAD01\HOME\MvdAssem"/>
				<Field Name="FormName" Value="Delivery Label Creation"/>
				<Field Name="DeliveryID" Value="Cjgc"/>
				<Field Name="Surname" Value="Sander"/>
				<Field Name="Forename" Value=""/>
				<Field Name="Address" Value=""/>
				<Field Name="PostCode" Value=""/>
				<Field Name="JobID" Value="1173575264-38433-17981-130-157"/>
			</KnowledgeFields>
		</KnowledgeObject>
	</KnowledgeObjects>
</AutoStore>
