<?xml version="1.0" encoding="utf-8"?>
<AutoStore NSI_SIG2="43B6F7B2692F72F5CE5DC93128F74EE66CB2989F74C297781F3D5ECD64EDDF4DB34205C631FCD81F754D124097286D95">
	<Header Version="2" DateCreated="2018-01-10" TimeCreated="10:31:29" AUTHOR="" COMMENTS=""/>
	<KnowledgeObjects ObjID="4194294398-33121-19703-186-220">
		<KnowledgeObject ObjID="4276395054-26987-17198-154-217">
			<KnowledgeDocuments>
				<KnowledgeDocument Type="TXT" Name="Patient - Jdud_Ufjfjd.TXT" ObjID="555403483-31269-16538-183-225" DocRef="3083285930-55881-16775-183-114.dat"/>
			</KnowledgeDocuments>
			<KnowledgeFields>
				<Field Name="Section" Value="Healthcare\Patient Registration"/>
				<Field Name="JobID" Value="4276395054-26987-17198-154-217"/>
				<Field Name="FormName" Value="New Patient Admittance"/>
				<Field Name="UserHomeFolder" Value="\\NUAN-MOBAD01\HOME\modesto@mhermida.com"/>
				<Field Name="UserEmail" Value="modesto@mhermida.com"/>
				<Field Name="UserName" Value="modesto@mhermida.com"/>
				<Field Name="RenameSchema" Value="Patient - Jdud_Ufjfjd"/>
				<Field Name="Forename" Value="Ufjfjd"/>
				<Field Name="Surname" Value="Jdud"/>
				<Field Name="SSN" Value="124455"/>
				<Field Name="Street" Value="Jfud"/>
				<Field Name="City" Value="Jdjdjd"/>
				<Field Name="State" Value="Yyyd"/>
				<Field Name="ZIP" Value="Hdjd"/>
				<Field Name="Reason" Value="Gdhdhd"/>
			</KnowledgeFields>
		</KnowledgeObject>
	</KnowledgeObjects>
</AutoStore>
