<?xml version="1.0" encoding="utf-8"?>
<AutoStore NSI_SIG2="12E702FD3852F7A8D25440632A71571E4E38DDF539DC4B80BF663D52504B99E98E17706D99FB469391D5D5DAEC009A96">
	<Header Version="2" DateCreated="2018-01-02" TimeCreated="11:59:37" AUTHOR="" COMMENTS=""/>
	<KnowledgeObjects ObjID="1271038628-45552-19269-149-229">
		<KnowledgeObject ObjID="2512446122-18257-17606-186-69">
			<KnowledgeDocuments>
				<KnowledgeDocument Type="TXT" Name="TimeSheet.TXT" ObjID="3613301276-43588-18057-189-195" DocRef="1384825801-24197-19747-172-163.dat"/>
			</KnowledgeDocuments>
			<KnowledgeFields>
				<Field Name="ContractorName" Value="JCHNuance JCHNuance"/>
				<Field Name="Signature" Value=""/>
				<Field Name="ContractorID" Value="jchnuance"/>
				<Field Name="FriHours" Value="08:00"/>
				<Field Name="FriEnd" Value="17:00"/>
				<Field Name="FriStart" Value="09:00"/>
				<Field Name="ThuHours" Value="08:00"/>
				<Field Name="ThuEnd" Value="17:00"/>
				<Field Name="ThuStart" Value="09:00"/>
				<Field Name="WedHours" Value="08:00"/>
				<Field Name="WedEnd" Value="17:00"/>
				<Field Name="WedStart" Value="09:00"/>
				<Field Name="TueHours" Value="08:00"/>
				<Field Name="TueEnd" Value="17:00"/>
				<Field Name="TueStart" Value="09:00"/>
				<Field Name="MonHours" Value="08:00"/>
				<Field Name="MonEnd" Value="17:00"/>
				<Field Name="MonStart" Value="09:00"/>
				<Field Name="WeekEnding" Value="22-12-2018"/>
				<Field Name="TimeSheetID" Value="0000059"/>
				<Field Name="TotalHours" Value="40:00"/>
				<Field Name="Submitted" Value="02-01-2018"/>
				<Field Name="UserName" Value="jchnuance"/>
				<Field Name="UserEmail" Value="jch@nuance.com"/>
				<Field Name="UserHomeFolder" Value="\\NUAN-MOBAD01\HOME\JCHNuance"/>
				<Field Name="FormName" Value="Submit TimeSheet"/>
				<Field Name="JobID" Value="2512446122-18257-17606-186-69"/>
			</KnowledgeFields>
		</KnowledgeObject>
	</KnowledgeObjects>
</AutoStore>
