<?xml version="1.0" encoding="utf-8"?>
<AutoStore NSI_SIG2="BC50EF06CC1EB8CBBA0D8867BE10D2992DD8D011CB0055B1AC78DCADE54EC4114D6F02B1AA20980C0792D4E6A49B8812">
	<Header Version="2" DateCreated="2020-02-20" TimeCreated="03:34:20" AUTHOR="" COMMENTS=""/>
	<KnowledgeObjects ObjID="2470900934-28309-17999-149-159">
		<KnowledgeObject ObjID="604477584-55202-19956-186-33">
			<KnowledgeDocuments>
				<KnowledgeDocument Type="JPG" Name="00FFE8EC-CA51-41CC-87F9-29FABC5D720E.JPG" ObjID="926342615-14127-18991-165-183" DocRef="44933924-24139-19475-191-121.dat"/>
			</KnowledgeDocuments>
			<KnowledgeFields>
				<Field Name="FileCount" Value="1"/>
				<Field Name="RenameSchema" Value="KYC - Fiona"/>
				<Field Name="Section" Value="Insurance and Financial Services"/>
				<Field Name="UserHomeFolder" Value="\\US01VMBCMD01\HOME\fiona.lane"/>
				<Field Name="UserEmail" Value="fiona.lane@ricoh-its.co.uk"/>
				<Field Name="UserName" Value="fiona.lane"/>
				<Field Name="FormName" Value="KYC - Proof of Identity"/>
				<Field Name="JobID" Value="604477584-55202-19956-186-33"/>
				<Field Name="FullName" Value="Fiona"/>
				<Field Name="SpouseName" Value="Fjy"/>
				<Field Name="Gender" Value="Female"/>
				<Field Name="MaritalStatus" Value="Married"/>
				<Field Name="DateOfBirth" Value="1/20/2018"/>
				<Field Name="Nationality" Value="Free"/>
				<Field Name="Status" Value="Foreign National"/>
				<Field Name="PAN" Value=""/>
				<Field Name="PANProof" Value="Passport"/>
				<Field Name="Address" Value=""/>
				<Field Name="City" Value=""/>
				<Field Name="State" Value=""/>
				<Field Name="Country" Value=""/>
				<Field Name="PinCode" Value=""/>
				<Field Name="PhoneWork" Value=""/>
				<Field Name="PhoneHome" Value=""/>
				<Field Name="Mobile" Value=""/>
				<Field Name="Fax" Value=""/>
				<Field Name="EmailAddress" Value=""/>
				<Field Name="ProofOfAddress" Value=""/>
				<Field Name="PermAddress" Value=""/>
				<Field Name="PermCity" Value=""/>
				<Field Name="PermState" Value=""/>
				<Field Name="PermCountry" Value=""/>
				<Field Name="PermPinCode" Value=""/>
				<Field Name="PermProof" Value=""/>
			</KnowledgeFields>
		</KnowledgeObject>
	</KnowledgeObjects>
</AutoStore>
