<?xml version="1.0" encoding="utf-8"?>
<AutoStore NSI_SIG2="A1E5025789A3FB590C0B22AFE76D65813EA1281864DEA5C4ABD5E06459A80588EBDCCEDD125FABFFC8500C538412A057">
	<Header Version="2" DateCreated="2018-12-04" TimeCreated="05:03:17" AUTHOR="" COMMENTS=""/>
	<KnowledgeObjects ObjID="702785190-28528-16751-144-135">
		<KnowledgeObject ObjID="1013936953-17611-18902-167-9">
			<KnowledgeDocuments>
				<KnowledgeDocument Type="html" Name="ford_429_1@msn.com_(XODICE_(this_PC))_-_Dropbox-8.html" ObjID="3927626911-5755-19248-143-112" DocRef="3076915088-63788-18512-173-200.dat"/>
				<KnowledgeDocument Type="png" Name="Signature_201812040503128984.png" ObjID="2575258683-30769-17175-189-149" DocRef="3835947825-57838-17875-141-104.dat"/>
			</KnowledgeDocuments>
			<KnowledgeFields>
				<Field Name="DeliveryTime" Value="05:03"/>
				<Field Name="DeliveryDate" Value="04/12/2018"/>
				<Field Name="Driver" Value="xodice"/>
				<Field Name="SignatureName" Value="Boca builders"/>
				<Field Name="DeliveryID" Value="http://weixin.qq.com/r/snUtNWvEfjYBrS9W9yCg"/>
				<Field Name="Surname" Value=""/>
				<Field Name="Firstname" Value=""/>
				<Field Name="Address" Value=""/>
				<Field Name="Postcode" Value=""/>
				<Field Name="Signature" Value="C:\Nuance\MobileDemo\Home\WebCapture\WORK\d3c0e48c-4b03-4a95-83fb-b285d3f9c7c3\Signature_201812040503128984.png"/>
				<Field Name="GPS" Value="43.29996028142654, -72.47370464738361"/>
				<Field Name="UserName" Value="xodice"/>
				<Field Name="UserEmail" Value="Nparillo@ssdvermont.com"/>
				<Field Name="UserHomeFolder" Value="\\NUAN-MOBAD01\HOME\Xodice"/>
				<Field Name="FormName" Value="Delivery Acceptance"/>
				<Field Name="JobID" Value="1013936953-17611-18902-167-9"/>
			</KnowledgeFields>
		</KnowledgeObject>
	</KnowledgeObjects>
</AutoStore>
