<?xml version="1.0" encoding="utf-8"?>
<AutoStore NSI_SIG2="BD4B321A28A7B4BA80BF4732DF34A9D7CEA28CFD2F7F5FAAC360EA3BBD6498A2BA6F74C35DAB315DB853FB8F494ED3DC">
	<Header Version="2" DateCreated="2018-06-07" TimeCreated="13:43:33" AUTHOR="" COMMENTS=""/>
	<KnowledgeObjects ObjID="584426297-24620-16944-129-40">
		<KnowledgeObject ObjID="228704343-42950-18961-176-148">
			<KnowledgeDocuments>
				<KnowledgeDocument Type="png" Name="Sketch_201806071343325525.png" ObjID="2324422848-9263-17301-188-153" DocRef="644285235-57636-19756-135-84.dat"/>
			</KnowledgeDocuments>
			<KnowledgeFields>
				<Field Name="WitnessMobile2" Value=""/>
				<Field Name="WitnessPhone2" Value=""/>
				<Field Name="WitnessAddress2" Value=""/>
				<Field Name="WitnessName2" Value=""/>
				<Field Name="WitnessMobile1" Value=""/>
				<Field Name="WitnessPhone1" Value=""/>
				<Field Name="WitnessAddress1" Value=""/>
				<Field Name="WitnessName1" Value=""/>
				<Field Name="OtherInfor" Value=""/>
				<Field Name="BadgeNumber" Value=""/>
				<Field Name="Phone" Value=""/>
				<Field Name="Department" Value=""/>
				<Field Name="OfficerName" Value=""/>
				<Field Name="OtherInjuries" Value=""/>
				<Field Name="OtherPassenger" Value=""/>
				<Field Name="YourInjuries" Value=""/>
				<Field Name="YourPassengers" Value=""/>
				<Field Name="OtherDriverPhone" Value=""/>
				<Field Name="OtherDriverAddress" Value=""/>
				<Field Name="OtherDriverName" Value=""/>
				<Field Name="InsuranceCompany" Value=""/>
				<Field Name="Registration" Value=""/>
				<Field Name="VehicleColour" Value=""/>
				<Field Name="VehicleModel" Value=""/>
				<Field Name="VehicleMake" Value=""/>
				<Field Name="OwnerPhone" Value=""/>
				<Field Name="OwnerAddress" Value=""/>
				<Field Name="OwnerName" Value=""/>
				<Field Name="OtherRecovery" Value=""/>
				<Field Name="OtherVehicleDamage" Value=""/>
				<Field Name="YourRecovery" Value=""/>
				<Field Name="YourVehicleDamage" Value=""/>
				<Field Name="AccidentDetails" Value=""/>
				<Field Name="Location" Value="Ben Schoeman Fwy &amp; N3 Eastern Bypass &amp; N1 &amp; N3, Woodmead, Sandton, 2191, Republika Poludniowej Afryki"/>
				<Field Name="Conditions" Value=""/>
				<Field Name="AccidentTime" Value=""/>
				<Field Name="AccidentDate" Value="6/7/2018"/>
				<Field Name="FileCount" Value="1"/>
				<Field Name="RenameSchema" Value="Accident Form - 6/7/2018 "/>
				<Field Name="Section" Value="Insurance and Financial Services"/>
				<Field Name="UserHomeFolder" Value="\\NUAN-MOBAD01\HOME\marcin"/>
				<Field Name="UserEmail" Value="marcin.sanecki@nuance.com"/>
				<Field Name="UserName" Value="marcin"/>
				<Field Name="FormName" Value="Accident Damage Report"/>
				<Field Name="JobID" Value="228704343-42950-18961-176-148"/>
			</KnowledgeFields>
		</KnowledgeObject>
	</KnowledgeObjects>
</AutoStore>
