<?xml version="1.0" encoding="utf-8"?>
<AutoStore NSI_SIG2="BF01D429966D93EBD82DFDBA286A2464BD5878C92D17F63E7D259CD9907A5359EBCC91036965E0EADE210736139064DD">
	<Header Version="2" DateCreated="2019-05-22" TimeCreated="14:28:32" AUTHOR="" COMMENTS=""/>
	<KnowledgeObjects ObjID="2898522056-21553-16775-186-195">
		<KnowledgeObject ObjID="2167335117-38775-18557-154-64">
			<KnowledgeDocuments>
				<KnowledgeDocument Type="jpg" Name="1558535186560.jpg" ObjID="1888078962-55209-18491-168-222" DocRef="79123340-11275-17327-155-27.dat"/>
				<KnowledgeDocument Type="png" Name="Sketch_201905221428317189.png" ObjID="3754990177-12785-19571-133-87" DocRef="823081144-16883-18389-191-157.dat"/>
			</KnowledgeDocuments>
			<KnowledgeFields>
				<Field Name="WitnessMobile2" Value=""/>
				<Field Name="WitnessPhone2" Value=""/>
				<Field Name="WitnessAddress2" Value=""/>
				<Field Name="WitnessName2" Value=""/>
				<Field Name="WitnessMobile1" Value=""/>
				<Field Name="WitnessPhone1" Value=""/>
				<Field Name="WitnessAddress1" Value=""/>
				<Field Name="WitnessName1" Value=""/>
				<Field Name="OtherInfor" Value=""/>
				<Field Name="BadgeNumber" Value="911"/>
				<Field Name="Phone" Value="1800kars4kids"/>
				<Field Name="Department" Value="Homicide"/>
				<Field Name="OfficerName" Value="Joe good guy"/>
				<Field Name="OtherInjuries" Value="Mental"/>
				<Field Name="OtherPassenger" Value="1"/>
				<Field Name="YourInjuries" Value="Neck and back"/>
				<Field Name="YourPassengers" Value="2"/>
				<Field Name="OtherDriverPhone" Value=""/>
				<Field Name="OtherDriverAddress" Value=""/>
				<Field Name="OtherDriverName" Value=""/>
				<Field Name="InsuranceCompany" Value="General"/>
				<Field Name="Registration" Value="Kd9d8373"/>
				<Field Name="VehicleColour" Value="Brown"/>
				<Field Name="VehicleModel" Value="Crappy"/>
				<Field Name="VehicleMake" Value="Dodge"/>
				<Field Name="OwnerPhone" Value="66228822"/>
				<Field Name="OwnerAddress" Value="123 maple"/>
				<Field Name="OwnerName" Value="Joe"/>
				<Field Name="OtherRecovery" Value="General"/>
				<Field Name="OtherVehicleDamage" Value="Crappy dodge"/>
				<Field Name="YourRecovery" Value="State farm"/>
				<Field Name="YourVehicleDamage" Value="Mazda"/>
				<Field Name="AccidentDetails" Value="Head on"/>
				<Field Name="Location" Value="Ogden"/>
				<Field Name="Conditions" Value="Wet"/>
				<Field Name="AccidentTime" Value=""/>
				<Field Name="AccidentDate" Value="5/22/2019"/>
				<Field Name="FileCount" Value="2"/>
				<Field Name="RenameSchema" Value="Accident Form - 5/22/2019 "/>
				<Field Name="Section" Value="Insurance and Financial Services"/>
				<Field Name="UserHomeFolder" Value="\\NUAN-MOBAD01\HOME\Jerry"/>
				<Field Name="UserEmail" Value="jdavidek@gflesch.com"/>
				<Field Name="UserName" Value="Jerry"/>
				<Field Name="FormName" Value="Accident Damage Report"/>
				<Field Name="JobID" Value="2167335117-38775-18557-154-64"/>
			</KnowledgeFields>
		</KnowledgeObject>
	</KnowledgeObjects>
</AutoStore>
