<?xml version="1.0" encoding="utf-8"?>
<AutoStore NSI_SIG2="57AE548EDE4CD6848AE8581EAC3947748DFB024672C4415D92FA02A8D6A472367AB40208CF3AA22794CB93D21ED9BEB7">
	<Header Version="2" DateCreated="2018-05-02" TimeCreated="13:46:04" AUTHOR="" COMMENTS=""/>
	<KnowledgeObjects ObjID="79470252-18294-18306-174-202">
		<KnowledgeObject ObjID="600759380-52253-16961-152-100">
			<KnowledgeDocuments>
				<KnowledgeDocument Type="mp4" Name="IMG_0048.mp4" ObjID="1402808856-25563-17029-191-74" DocRef="3877434614-44600-19113-147-10.dat"/>
				<KnowledgeDocument Type="png" Name="Signature_201805021345565419.png" ObjID="3791917591-54407-19765-191-170" DocRef="1496722133-45120-18859-184-3.dat"/>
			</KnowledgeDocuments>
			<KnowledgeFields>
				<Field Name="DeliveryTime" Value="13:45"/>
				<Field Name="DeliveryDate" Value="02/05/2018"/>
				<Field Name="Driver" Value="xodice"/>
				<Field Name="SignatureName" Value="Mister"/>
				<Field Name="DeliveryID" Value="http://goo.gl/2gmgg"/>
				<Field Name="Surname" Value=""/>
				<Field Name="Firstname" Value=""/>
				<Field Name="Address" Value=""/>
				<Field Name="Postcode" Value=""/>
				<Field Name="Signature" Value="C:\Nuance\MobileDemo\Home\WebCapture\WORK\43b1d110-0612-4298-8fa3-b19f17e3de87\Signature_201805021345565419.png"/>
				<Field Name="GPS" Value="43.29972382925029, -72.47397443652568"/>
				<Field Name="UserName" Value="xodice"/>
				<Field Name="UserEmail" Value="Nparillo@ssdvermont.com"/>
				<Field Name="UserHomeFolder" Value="\\NUAN-MOBAD01\HOME\Xodice"/>
				<Field Name="FormName" Value="Delivery Acceptance"/>
				<Field Name="JobID" Value="600759380-52253-16961-152-100"/>
			</KnowledgeFields>
		</KnowledgeObject>
	</KnowledgeObjects>
</AutoStore>
