<?xml version="1.0" encoding="utf-8"?>
<AutoStore NSI_SIG2="06F13A1F5D898DA0760E8B920EA6E6B09539E3A0174B60EEFA6C4E8880FB6AADF0D09C216645F1BBC0D07FD3222637DD">
	<Header Version="2" DateCreated="2018-03-20" TimeCreated="12:02:12" AUTHOR="" COMMENTS=""/>
	<KnowledgeObjects ObjID="3501048773-41831-16976-130-201">
		<KnowledgeObject ObjID="2100168682-18053-19380-181-234">
			<KnowledgeDocuments>
				<KnowledgeDocument Type="png" Name="Signed_201803201202099190.png" ObjID="2620303765-26399-19020-191-206" DocRef="1594484809-21181-19941-138-233.dat"/>
				<KnowledgeDocument Type="TXT" Name="TimeSheet.TXT" ObjID="4259813803-10534-20352-182-89" DocRef="859636672-28991-20075-132-155.dat"/>
			</KnowledgeDocuments>
			<KnowledgeFields>
				<Field Name="ContractorName" Value="slindley slindley"/>
				<Field Name="Signature" Value="C:\Nuance\MobileDemo\Home\WebCapture\WORK\57e72869-af2b-4ff3-8617-955ab4ce17d2\Signed_201803201202099190.png"/>
				<Field Name="ContractorID" Value="slindley"/>
				<Field Name="FriHours" Value=""/>
				<Field Name="FriEnd" Value=""/>
				<Field Name="FriStart" Value=""/>
				<Field Name="ThuHours" Value=""/>
				<Field Name="ThuEnd" Value=""/>
				<Field Name="ThuStart" Value=""/>
				<Field Name="WedHours" Value=""/>
				<Field Name="WedEnd" Value=""/>
				<Field Name="WedStart" Value=""/>
				<Field Name="TueHours" Value=""/>
				<Field Name="TueEnd" Value=""/>
				<Field Name="TueStart" Value=""/>
				<Field Name="MonHours" Value=""/>
				<Field Name="MonEnd" Value=""/>
				<Field Name="MonStart" Value=""/>
				<Field Name="WeekEnding" Value="16-03-2018"/>
				<Field Name="TimeSheetID" Value="0000095"/>
				<Field Name="TotalHours" Value=""/>
				<Field Name="Submitted" Value="20-03-2018"/>
				<Field Name="UserName" Value="slindley"/>
				<Field Name="UserEmail" Value="sam.lindley@altmanim.com"/>
				<Field Name="UserHomeFolder" Value="\\NUAN-MOBAD01\HOME\slindley"/>
				<Field Name="FormName" Value="Submit TimeSheet"/>
				<Field Name="JobID" Value="2100168682-18053-19380-181-234"/>
			</KnowledgeFields>
		</KnowledgeObject>
	</KnowledgeObjects>
</AutoStore>
