<?xml version="1.0" encoding="utf-8"?>
<AutoStore NSI_SIG2="54F9A540D70FCB5D4A60AE8B800A2FDC9576BC149ECED2CA7EF1743FFDECCC161E4A91337A738D3F266BAC11BB6892C0">
	<Header Version="2" DateCreated="2018-05-19" TimeCreated="22:22:20" AUTHOR="" COMMENTS=""/>
	<KnowledgeObjects ObjID="1021844913-24134-19069-166-134">
		<KnowledgeObject ObjID="3074161286-42669-18492-168-93">
			<KnowledgeDocuments>
				<KnowledgeDocument Type="txt" Name="text 62.txt" ObjID="4103015984-16330-19866-169-16" DocRef="2825343983-7651-18171-149-120.dat"/>
				<KnowledgeDocument Type="png" Name="Signature_201805192222166668.png" ObjID="1804541531-59370-16671-136-194" DocRef="3777437053-15241-19322-154-228.dat"/>
			</KnowledgeDocuments>
			<KnowledgeFields>
				<Field Name="DeliveryTime" Value="22:22"/>
				<Field Name="DeliveryDate" Value="19/05/2018"/>
				<Field Name="Driver" Value="xodice"/>
				<Field Name="SignatureName" Value="Mister"/>
				<Field Name="DeliveryID" Value="0645416583626"/>
				<Field Name="Surname" Value=""/>
				<Field Name="Firstname" Value=""/>
				<Field Name="Address" Value=""/>
				<Field Name="Postcode" Value=""/>
				<Field Name="Signature" Value="C:\Nuance\MobileDemo\Home\WebCapture\WORK\1f80b4b9-ef01-48bc-8289-f91bb98860c0\Signature_201805192222166668.png"/>
				<Field Name="GPS" Value="43.29961709468104, -72.47373659469429"/>
				<Field Name="UserName" Value="xodice"/>
				<Field Name="UserEmail" Value="Nparillo@ssdvermont.com"/>
				<Field Name="UserHomeFolder" Value="\\NUAN-MOBAD01\HOME\Xodice"/>
				<Field Name="FormName" Value="Delivery Acceptance"/>
				<Field Name="JobID" Value="3074161286-42669-18492-168-93"/>
			</KnowledgeFields>
		</KnowledgeObject>
	</KnowledgeObjects>
</AutoStore>
