<?xml version="1.0" encoding="utf-8"?>
<AutoStore NSI_SIG2="BC49CADD674126FFF794702ED1A4EAAC506D9C97B36B8BABA32A75D8030363DEEBF1EAF40660F056F6512A6344D81DF0">
	<Header Version="2" DateCreated="2017-12-15" TimeCreated="12:20:34" AUTHOR="" COMMENTS=""/>
	<KnowledgeObjects ObjID="341968187-60763-17127-156-86">
		<KnowledgeObject ObjID="936179196-55709-19529-178-163">
			<KnowledgeDocuments>
				<KnowledgeDocument Type="png" Name="AssessorSignature_201712151220327272.png" ObjID="3900021531-13986-19479-159-197" DocRef="2950343271-56218-19830-185-92.dat"/>
			</KnowledgeDocuments>
			<KnowledgeFields>
				<Field Name="AssessorSignature" Value="C:\Nuance\MobileDemo\Home\WebCapture\WORK\d2dc330f-27c4-4636-b60b-f92ec335f0fb\AssessorSignature_201712151220327272.png"/>
				<Field Name="AssessorName" Value="John Campbell-Higgens"/>
				<Field Name="Chargeable" Value="No"/>
				<Field Name="Type" Value="Missing"/>
				<Field Name="Category" Value="Doors"/>
				<Field Name="Urgency" Value="Critical"/>
				<Field Name="VisitDate" Value="12/15/2017"/>
				<Field Name="PostCode" Value="BL3 1RB"/>
				<Field Name="HouseNumber" Value="59"/>
				<Field Name="RenameSchema" Value="BL3 1RB-59-Critical-Doors"/>
				<Field Name="Section" Value="Housing and Tenancies\Housing Associations"/>
				<Field Name="FormName" Value="Issue Assessment Form"/>
				<Field Name="JobID" Value="936179196-55709-19529-178-163"/>
				<Field Name="UserHomeFolder" Value="\\NUAN-MOBAD01\HOME\JCHNuance"/>
				<Field Name="UserEmail" Value="jch@nuance.com"/>
				<Field Name="UserName" Value="jchnuance"/>
				<Field Name="FileCount" Value="1"/>
			</KnowledgeFields>
		</KnowledgeObject>
	</KnowledgeObjects>
</AutoStore>
