<?xml version="1.0" encoding="utf-8"?>
<AutoStore NSI_SIG2="0E2BA50ECE74C075061B34D4283C03EB58EC723785C09DCAFAE5D221C298A4395503D6E467A4A8A94875792C1B9FB1A2">
	<Header Version="2" DateCreated="2018-04-26" TimeCreated="13:10:34" AUTHOR="" COMMENTS=""/>
	<KnowledgeObjects ObjID="1161795099-61694-18178-167-134">
		<KnowledgeObject ObjID="579264576-44236-19901-151-179">
			<KnowledgeDocuments>
				<KnowledgeDocument Type="wav" Name="audio_002.wav" ObjID="1086405290-57313-19647-150-145" DocRef="2703529958-25799-17668-129-30.dat"/>
				<KnowledgeDocument Type="png" Name="Signature_201804261310281272.png" ObjID="3768237326-44704-17526-174-24" DocRef="1262967028-55171-18128-152-75.dat"/>
			</KnowledgeDocuments>
			<KnowledgeFields>
				<Field Name="DeliveryTime" Value="13:10"/>
				<Field Name="DeliveryDate" Value="26/04/2018"/>
				<Field Name="Driver" Value="daniel_larabie"/>
				<Field Name="SignatureName" Value="Pat Hollings"/>
				<Field Name="DeliveryID" Value="4567890123"/>
				<Field Name="Surname" Value="Hollings"/>
				<Field Name="Firstname" Value="Pat"/>
				<Field Name="Address" Value="52 High End Lane, Eccles, Manchester"/>
				<Field Name="Postcode" Value="M45 1XX"/>
				<Field Name="Signature" Value="C:\Nuance\MobileDemo\Home\WebCapture\WORK\5171ff82-0f73-4f80-ab82-05a568e604dd\Signature_201804261310281272.png"/>
				<Field Name="GPS" Value="45.38338513298489, -73.59015233758949"/>
				<Field Name="UserName" Value="daniel_larabie"/>
				<Field Name="UserEmail" Value="daniel.larabie@nuance.com"/>
				<Field Name="UserHomeFolder" Value="\\NUAN-MOBAD01\HOME\DANIEL_LARABIE"/>
				<Field Name="FormName" Value="Delivery Acceptance"/>
				<Field Name="JobID" Value="579264576-44236-19901-151-179"/>
			</KnowledgeFields>
		</KnowledgeObject>
	</KnowledgeObjects>
</AutoStore>
