<?xml version="1.0" encoding="utf-8"?>
<AutoStore NSI_SIG2="9ED8F4FFC0A6FA000DA3B871F281BF905BB59506910114BAA1E18A59FAFD20A19BCB9364EE90CC784EB03E81B1B6F688">
	<Header Version="2" DateCreated="2018-02-07" TimeCreated="13:02:18" AUTHOR="" COMMENTS=""/>
	<KnowledgeObjects ObjID="2017388838-29271-16867-151-151">
		<KnowledgeObject ObjID="2492205925-64888-18115-175-0">
			<KnowledgeDocuments>
				<KnowledgeDocument Type="pdf" Name="POD-Address Labels.pdf" ObjID="1320356778-10590-19863-183-160" DocRef="2249344481-50601-18006-139-176.dat"/>
			</KnowledgeDocuments>
			<KnowledgeFields>
				<Field Name="DocClass" Value="Not Found"/>
				<Field Name="UserName" Value="bklueber"/>
				<Field Name="UserEmail" Value="bernd.klueber@nuance.com"/>
				<Field Name="UserHomeFolder" Value="\\NUAN-MOBAD01\HOME\bklueber"/>
				<Field Name="FormName" Value="Classification Example"/>
				<Field Name="JobID" Value="2492205925-64888-18115-175-0"/>
				<Field Name="Section" Value="Security and GDPR"/>
				<Field Name="RequestType" Value="Email"/>
			</KnowledgeFields>
		</KnowledgeObject>
	</KnowledgeObjects>
</AutoStore>
