<?xml version="1.0" encoding="utf-8"?>
<AutoStore NSI_SIG2="77BC3B5D9F0F73C0CF9B84E3C61619DA2D430689E4940A32D251CEB072D52CE200B433B71ABBEBC8155BB622ECF4AB8B">
	<Header Version="2" DateCreated="2018-11-30" TimeCreated="16:55:59" AUTHOR="" COMMENTS=""/>
	<KnowledgeObjects ObjID="2917557878-7239-16943-170-154">
		<KnowledgeObject ObjID="1577705081-62853-18340-171-215">
			<KnowledgeDocuments>
				<KnowledgeDocument Type="html" Name="ford_429_1@msn.com_(XODICE_(this_PC))_-_Dropbox.html" ObjID="3526029059-40194-18884-172-239" DocRef="3828665143-22870-18392-179-164.dat"/>
				<KnowledgeDocument Type="png" Name="Signature_201811301655512877.png" ObjID="1687684135-57526-18898-131-176" DocRef="2137905744-11570-18274-147-136.dat"/>
			</KnowledgeDocuments>
			<KnowledgeFields>
				<Field Name="DeliveryTime" Value="16:55"/>
				<Field Name="DeliveryDate" Value="30/11/2018"/>
				<Field Name="Driver" Value="xodice"/>
				<Field Name="SignatureName" Value="Nick parillo"/>
				<Field Name="DeliveryID" Value="http://www.vermontrxcard.com/index.php"/>
				<Field Name="Surname" Value=""/>
				<Field Name="Firstname" Value=""/>
				<Field Name="Address" Value=""/>
				<Field Name="Postcode" Value=""/>
				<Field Name="Signature" Value="C:\Nuance\MobileDemo\Home\WebCapture\WORK\b4239c98-6efc-43e4-b25f-98c987607405\Signature_201811301655512877.png"/>
				<Field Name="GPS" Value="43.29966726573432, -72.47391261996448"/>
				<Field Name="UserName" Value="xodice"/>
				<Field Name="UserEmail" Value="Nparillo@ssdvermont.com"/>
				<Field Name="UserHomeFolder" Value="\\NUAN-MOBAD01\HOME\Xodice"/>
				<Field Name="FormName" Value="Delivery Acceptance"/>
				<Field Name="JobID" Value="1577705081-62853-18340-171-215"/>
			</KnowledgeFields>
		</KnowledgeObject>
	</KnowledgeObjects>
</AutoStore>
