<?xml version="1.0" encoding="utf-8"?>
<AutoStore NSI_SIG2="812F5343D64E9BE5F8080E13B604474883E137327BBC37B7A1B4A873E57DF762FC101BB7C03AEB2BAAA8457B16898F55">
	<Header Version="2" DateCreated="2018-05-19" TimeCreated="22:17:49" AUTHOR="" COMMENTS=""/>
	<KnowledgeObjects ObjID="4029468143-24345-19367-140-199">
		<KnowledgeObject ObjID="4150758024-60319-17196-152-38">
			<KnowledgeDocuments>
				<KnowledgeDocument Type="txt" Name="text 62.txt" ObjID="629415448-6737-17464-189-153" DocRef="3196870400-26376-16451-156-176.dat"/>
				<KnowledgeDocument Type="png" Name="Signature_201805192217416392.png" ObjID="2317300289-42834-16402-186-36" DocRef="595367991-13669-19038-191-33.dat"/>
			</KnowledgeDocuments>
			<KnowledgeFields>
				<Field Name="DeliveryTime" Value="22:17"/>
				<Field Name="DeliveryDate" Value="19/05/2018"/>
				<Field Name="Driver" Value="xodice"/>
				<Field Name="SignatureName" Value="Mister"/>
				<Field Name="DeliveryID" Value="0075279311|NICHOLAS G PARILLO|VT|MAPD|DP2977|"/>
				<Field Name="Surname" Value=""/>
				<Field Name="Firstname" Value=""/>
				<Field Name="Address" Value=""/>
				<Field Name="Postcode" Value=""/>
				<Field Name="Signature" Value="C:\Nuance\MobileDemo\Home\WebCapture\WORK\a2f9776d-4160-4518-bab4-e60267b78071\Signature_201805192217416392.png"/>
				<Field Name="GPS" Value="43.29962724874098, -72.47376954737408"/>
				<Field Name="UserName" Value="xodice"/>
				<Field Name="UserEmail" Value="Nparillo@ssdvermont.com"/>
				<Field Name="UserHomeFolder" Value="\\NUAN-MOBAD01\HOME\Xodice"/>
				<Field Name="FormName" Value="Delivery Acceptance"/>
				<Field Name="JobID" Value="4150758024-60319-17196-152-38"/>
			</KnowledgeFields>
		</KnowledgeObject>
	</KnowledgeObjects>
</AutoStore>
