<?xml version="1.0" encoding="utf-8"?>
<AutoStore NSI_SIG2="1686BE29500C1D53D3CF1D81A62AF95589FE4E58C7C00973C280BE813124ABC22F20548444B0C63442CCE227CE4AF3FA">
	<Header Version="2" DateCreated="2018-01-02" TimeCreated="16:09:54" AUTHOR="" COMMENTS=""/>
	<KnowledgeObjects ObjID="700316873-40696-16568-133-76">
		<KnowledgeObject ObjID="750765390-53543-19473-143-246">
			<KnowledgeDocuments>
				<KnowledgeDocument Type="pdf" Name="3.pdf" ObjID="1728151095-8623-19007-146-174" DocRef="1585355081-23065-20161-150-213.dat"/>
			</KnowledgeDocuments>
			<KnowledgeFields>
				<Field Name="AW" Value="No"/>
				<Field Name="QC" Value="No"/>
				<Field Name="WC" Value="No"/>
				<Field Name="AX" Value="No"/>
				<Field Name="AC" Value="No"/>
				<Field Name="OF" Value="No"/>
				<Field Name="BC" Value="No"/>
				<Field Name="OM" Value="No"/>
				<Field Name="SC" Value="Yes"/>
				<Field Name="EQ" Value="No"/>
				<Field Name="EC" Value="No"/>
				<Field Name="Section" Value="Sales\Information Request"/>
				<Field Name="Products" Value="3"/>
				<Field Name="Consent" Value="1"/>
				<Field Name="MobileNumber" Value="684939192999"/>
				<Field Name="PhoneNumber" Value="07757281919"/>
				<Field Name="EmailAddress" Value="ian.dixon100@gmail.com"/>
				<Field Name="Company" Value="Equitrac"/>
				<Field Name="JobTitle" Value="Sales"/>
				<Field Name="Fullname" Value="Ian Dixon"/>
				<Field Name="JobID" Value="750765390-53543-19473-143-246"/>
				<Field Name="FormName" Value="Information Request"/>
				<Field Name="UserEmail" Value="ian.dixon100@gmail.com"/>
				<Field Name="UserHomeFolder" Value="\\NUAN-MOBAD01\HOME\ian.dixon"/>
				<Field Name="UserName" Value="ian.dixon"/>
			</KnowledgeFields>
		</KnowledgeObject>
	</KnowledgeObjects>
</AutoStore>
