<?xml version="1.0" encoding="utf-8"?>
<AutoStore NSI_SIG2="B5AAE6A7356F8D8161F379FBEAAC24383DBA75522DC36CE1118F29826FC755D25379611643A199E8B36843CAB170D8E3">
	<Header Version="2" DateCreated="2018-04-25" TimeCreated="20:07:24" AUTHOR="" COMMENTS=""/>
	<KnowledgeObjects ObjID="1757622868-55549-19606-174-85">
		<KnowledgeObject ObjID="296160195-21578-18762-146-110">
			<KnowledgeDocuments>
				<KnowledgeDocument Type="pdf" Name="Machine ID Labels.pdf" ObjID="3099544662-58822-17631-158-148" DocRef="431243586-33012-20028-169-181.dat"/>
				<KnowledgeDocument Type="png" Name="Signature_201804252007189887.png" ObjID="1131799439-11713-19963-148-247" DocRef="2349569619-50667-18821-165-221.dat"/>
			</KnowledgeDocuments>
			<KnowledgeFields>
				<Field Name="DeliveryTime" Value="20:07"/>
				<Field Name="DeliveryDate" Value="25/04/2018"/>
				<Field Name="Driver" Value="jim"/>
				<Field Name="SignatureName" Value="Sthhj"/>
				<Field Name="DeliveryID" Value="Sthfuj"/>
				<Field Name="Surname" Value=""/>
				<Field Name="Firstname" Value=""/>
				<Field Name="Address" Value=""/>
				<Field Name="Postcode" Value=""/>
				<Field Name="Signature" Value="C:\Nuance\MobileDemo\Home\WebCapture\WORK\8c4e5080-e06f-4647-bd91-c795921595ff\Signature_201804252007189887.png"/>
				<Field Name="GPS" Value="33.70326171098063, -117.31942496159532"/>
				<Field Name="UserName" Value="jim"/>
				<Field Name="UserEmail" Value="James.saavedra@nuance.com"/>
				<Field Name="UserHomeFolder" Value="\\NUAN-MOBAD01\HOME\Jim"/>
				<Field Name="FormName" Value="Delivery Acceptance"/>
				<Field Name="JobID" Value="296160195-21578-18762-146-110"/>
			</KnowledgeFields>
		</KnowledgeObject>
	</KnowledgeObjects>
</AutoStore>
