<?xml version="1.0" encoding="utf-8"?>
<AutoStore NSI_SIG2="769FBDDE3670471F68251D4A3963B82A202FBAAE235F400171DBD405383FAD7F9059F2632BEFDBCD05647C74C035D58C">
	<Header Version="2" DateCreated="2019-05-21" TimeCreated="22:12:57" AUTHOR="" COMMENTS=""/>
	<KnowledgeObjects ObjID="538380125-10131-19637-142-244">
		<KnowledgeObject ObjID="4212779119-21774-16643-187-171">
			<KnowledgeDocuments>
				<KnowledgeDocument Type="jpg" Name="1558476767086.jpg" ObjID="4210550058-26845-17474-166-79" DocRef="1004184456-28624-20443-137-218.dat"/>
			</KnowledgeDocuments>
			<KnowledgeFields>
				<Field Name="RenameSchema" Value="Site HSE Report - Gtyu - 5/21/2019"/>
				<Field Name="Section" Value="Field Service"/>
				<Field Name="UserHomeFolder" Value="\\NUAN-MOBAD01\HOME\TerryA"/>
				<Field Name="UserEmail" Value="terry.amyott@ricoh.ca"/>
				<Field Name="UserName" Value="TerryA"/>
				<Field Name="FormName" Value="Site Health &amp; Safety Report"/>
				<Field Name="JobID" Value="4212779119-21774-16643-187-171"/>
				<Field Name="Job" Value="Gtyu"/>
				<Field Name="GPS" Value="49.2652959, -123.0137381"/>
				<Field Name="ReportDate" Value="5/21/2019"/>
				<Field Name="Access" Value=""/>
				<Field Name="General" Value=""/>
				<Field Name="Tidiness" Value=""/>
				<Field Name="Lighting" Value=""/>
				<Field Name="Access1" Value=""/>
				<Field Name="Access2" Value=""/>
				<Field Name="FirstAid" Value=""/>
				<Field Name="Welfare" Value=""/>
				<Field Name="FIre" Value=""/>
				<Field Name="Compliance" Value=""/>
				<Field Name="Inductions" Value=""/>
				<Field Name="Incidents" Value=""/>
				<Field Name="Work" Value=""/>
				<Field Name="Plant" Value=""/>
				<Field Name="PPE" Value=""/>
				<Field Name="Comments" Value=""/>
				<Field Name="CompletedBy" Value=""/>
				<Field Name="Position" Value=""/>
				<Field Name="Signature" Value=""/>
			</KnowledgeFields>
		</KnowledgeObject>
	</KnowledgeObjects>
</AutoStore>
