<?xml version="1.0" encoding="utf-8"?>
<AutoStore NSI_SIG2="324B06FC772CCAE06E94349D47293750737BB7E8D98ABFE68DE9E12041521FFC272744BC229EA939B94E34A3F735F395">
	<Header Version="2" DateCreated="2018-06-23" TimeCreated="18:52:15" AUTHOR="" COMMENTS=""/>
	<KnowledgeObjects ObjID="3139478773-52373-17704-141-179">
		<KnowledgeObject ObjID="4011529089-1765-19367-165-225">
			<KnowledgeDocuments>
				<KnowledgeDocument Type="pdf" Name="Machine ID Labels.pdf" ObjID="3892512269-45433-16438-147-44" DocRef="2771520921-8716-20382-128-229.dat"/>
				<KnowledgeDocument Type="png" Name="Signature_201806231852067992.png" ObjID="2025398067-38168-18220-173-60" DocRef="2727225655-32444-18304-149-144.dat"/>
			</KnowledgeDocuments>
			<KnowledgeFields>
				<Field Name="DeliveryTime" Value="18:52"/>
				<Field Name="DeliveryDate" Value="23/06/2018"/>
				<Field Name="Driver" Value="kylemacdonald"/>
				<Field Name="SignatureName" Value="Kyle macdonald"/>
				<Field Name="DeliveryID" Value="1244"/>
				<Field Name="Surname" Value=""/>
				<Field Name="Firstname" Value=""/>
				<Field Name="Address" Value=""/>
				<Field Name="Postcode" Value=""/>
				<Field Name="Signature" Value="C:\Nuance\MobileDemo\Home\WebCapture\WORK\db0397f5-32a5-404a-8e0b-4245d410c4a7\Signature_201806231852067992.png"/>
				<Field Name="GPS" Value="43.4831279, -80.540507"/>
				<Field Name="UserName" Value="kylemacdonald"/>
				<Field Name="UserEmail" Value="kyle.macdonald@nuance.com"/>
				<Field Name="UserHomeFolder" Value="\\NUAN-MOBAD01\HOME\kylemacdonald"/>
				<Field Name="FormName" Value="Delivery Acceptance"/>
				<Field Name="JobID" Value="4011529089-1765-19367-165-225"/>
			</KnowledgeFields>
		</KnowledgeObject>
	</KnowledgeObjects>
</AutoStore>
