<?xml version="1.0" encoding="utf-8"?>
<AutoStore NSI_SIG2="5DE8AD096D62375DE0909390BAC9EC3D03ACAE735DCA79E8E7186A204EA6302B58807F1BC7CB2C67C51522A7CF8ED07F">
	<Header Version="2" DateCreated="2018-03-12" TimeCreated="21:05:25" AUTHOR="" COMMENTS=""/>
	<KnowledgeObjects ObjID="3618666014-3467-19316-145-236">
		<KnowledgeObject ObjID="2449210429-18056-16947-128-176">
			<KnowledgeDocuments>
				<KnowledgeDocument Type="TXT" Name="Patient - Gillette_Kyle.TXT" ObjID="1895156949-10912-19775-163-30" DocRef="2794831414-41299-17709-146-27.dat"/>
			</KnowledgeDocuments>
			<KnowledgeFields>
				<Field Name="Section" Value="Healthcare\Patient Registration"/>
				<Field Name="JobID" Value="2449210429-18056-16947-128-176"/>
				<Field Name="FormName" Value="New Patient Admittance"/>
				<Field Name="UserHomeFolder" Value="\\NUAN-MOBAD01\HOME\Kyle.gillette"/>
				<Field Name="UserEmail" Value="Kyle.gillette@nuance.com"/>
				<Field Name="UserName" Value="kyle.gillette"/>
				<Field Name="RenameSchema" Value="Patient - Gillette_Kyle"/>
				<Field Name="Forename" Value="Kyle"/>
				<Field Name="Surname" Value="Gillette"/>
				<Field Name="SSN" Value="123456789"/>
				<Field Name="Street" Value="123 home st"/>
				<Field Name="City" Value="Super city"/>
				<Field Name="State" Value="CA"/>
				<Field Name="ZIP" Value="933333"/>
				<Field Name="Reason" Value="Sick"/>
			</KnowledgeFields>
		</KnowledgeObject>
	</KnowledgeObjects>
</AutoStore>
