<?xml version="1.0" encoding="utf-8"?>
<AutoStore NSI_SIG2="9D2449D877B6B0573B853DCD034828554CFF3D09FF6517F4371C1925798FF470D4E679B121DC1600B10901DB1507BBC0">
	<Header Version="2" DateCreated="2018-02-13" TimeCreated="16:05:03" AUTHOR="" COMMENTS=""/>
	<KnowledgeObjects ObjID="323165287-58647-17113-188-19">
		<KnowledgeObject ObjID="925143483-38734-17771-171-178">
			<KnowledgeDocuments>
				<KnowledgeDocument Type="png" Name="Signed_201802131604570384.png" ObjID="2643270735-47663-19877-156-88" DocRef="2162666849-47287-17348-153-73.dat"/>
				<KnowledgeDocument Type="TXT" Name="TimeSheet.TXT" ObjID="723951125-25642-17349-159-218" DocRef="1269086958-9489-17056-190-118.dat"/>
			</KnowledgeDocuments>
			<KnowledgeFields>
				<Field Name="ContractorName" Value="shasselmann shasselmann"/>
				<Field Name="Signature" Value="C:\Nuance\MobileDemo\Home\WebCapture\WORK\a3608ed1-b23a-460e-900c-df6c6070a819\Signed_201802131604570384.png"/>
				<Field Name="ContractorID" Value="shasselmann"/>
				<Field Name="FriHours" Value=""/>
				<Field Name="FriEnd" Value=""/>
				<Field Name="FriStart" Value=""/>
				<Field Name="ThuHours" Value=""/>
				<Field Name="ThuEnd" Value=""/>
				<Field Name="ThuStart" Value=""/>
				<Field Name="WedHours" Value=""/>
				<Field Name="WedEnd" Value=""/>
				<Field Name="WedStart" Value=""/>
				<Field Name="TueHours" Value=""/>
				<Field Name="TueEnd" Value=""/>
				<Field Name="TueStart" Value=""/>
				<Field Name="MonHours" Value=""/>
				<Field Name="MonEnd" Value=""/>
				<Field Name="MonStart" Value=""/>
				<Field Name="WeekEnding" Value="13-02-2018"/>
				<Field Name="TimeSheetID" Value="0000081"/>
				<Field Name="TotalHours" Value=""/>
				<Field Name="Submitted" Value="13-02-2018"/>
				<Field Name="UserName" Value="shasselmann"/>
				<Field Name="UserEmail" Value="sandra.hasselmann@ricoh.ca"/>
				<Field Name="UserHomeFolder" Value="\\NUAN-MOBAD01\HOME\shasselmann"/>
				<Field Name="FormName" Value="Submit TimeSheet"/>
				<Field Name="JobID" Value="925143483-38734-17771-171-178"/>
			</KnowledgeFields>
		</KnowledgeObject>
	</KnowledgeObjects>
</AutoStore>
