<?xml version="1.0" encoding="utf-8"?>
<AutoStore NSI_SIG2="AF71C0DB3C973C4639E4616F27742DD996CCE7AEE057D65F0254D39FF83CFA90DBA6BCED06BA8B85120E1109BD76AA63">
	<Header Version="2" DateCreated="2018-04-18" TimeCreated="18:00:50" AUTHOR="" COMMENTS=""/>
	<KnowledgeObjects ObjID="2003759761-13937-19389-166-139">
		<KnowledgeObject ObjID="390154721-51240-18901-170-222">
			<KnowledgeDocuments>
				<KnowledgeDocument Type="pdf" Name="POD-Address Labels.pdf" ObjID="4220958427-6232-19410-150-202" DocRef="4040711629-30158-18814-138-86.dat"/>
				<KnowledgeDocument Type="png" Name="Signature_201804181800468304.png" ObjID="2171029174-2047-20030-143-219" DocRef="1436404940-32472-16989-178-10.dat"/>
			</KnowledgeDocuments>
			<KnowledgeFields>
				<Field Name="DeliveryTime" Value="18:00"/>
				<Field Name="DeliveryDate" Value="18/04/2018"/>
				<Field Name="Driver" Value="perry s1"/>
				<Field Name="SignatureName" Value="Test"/>
				<Field Name="DeliveryID" Value="1234567890"/>
				<Field Name="Surname" Value="Campbell-Higgens"/>
				<Field Name="Firstname" Value="John"/>
				<Field Name="Address" Value="Ainsworth Road, Bolton"/>
				<Field Name="Postcode" Value="BL3 1RB"/>
				<Field Name="Signature" Value="C:\Nuance\MobileDemo\Home\WebCapture\WORK\c240f48c-38a6-4f9f-8a28-2ae8f05e1588\Signature_201804181800468304.png"/>
				<Field Name="GPS" Value="51.00031604952098, -114.03636935522108"/>
				<Field Name="UserName" Value="perry s1"/>
				<Field Name="UserEmail" Value="perry.scarcelli@nuance.com"/>
				<Field Name="UserHomeFolder" Value="\\NUAN-MOBAD01\HOME\Perry S1"/>
				<Field Name="FormName" Value="Delivery Acceptance"/>
				<Field Name="JobID" Value="390154721-51240-18901-170-222"/>
			</KnowledgeFields>
		</KnowledgeObject>
	</KnowledgeObjects>
</AutoStore>
