<?xml version="1.0" encoding="utf-8"?>
<AutoStore NSI_SIG2="690582D775F97EE115C00F99BB28653DEC9C9F654D5EAEA70FA4DFB95AA1E6A8866C883964D205367E53CD86D4A79834">
	<Header Version="2" DateCreated="2017-10-18" TimeCreated="13:40:36" AUTHOR="" COMMENTS=""/>
	<KnowledgeObjects ObjID="863452220-43418-19990-190-111">
		<KnowledgeObject ObjID="1481617309-27506-19452-183-45">
			<KnowledgeDocuments>
				<KnowledgeDocument Type="png" Name="PatientSign_201710181340348609.png" ObjID="3992030585-49423-17244-166-117" DocRef="1927526644-7817-20463-135-88.dat"/>
			</KnowledgeDocuments>
			<KnowledgeFields>
				<Field Name="1stReg" Value="Yes"/>
				<Field Name="3Months" Value="Yes"/>
				<Field Name="Salutation" Value="Mr"/>
				<Field Name="Surname" Value="Campbell-Higgens"/>
				<Field Name="PrevSurname" Value="O'Gara"/>
				<Field Name="Forenames" Value="John"/>
				<Field Name="DateofBirth" Value="14/12/1966"/>
				<Field Name="Sex" Value="Male"/>
				<Field Name="NHSNo" Value="12432424"/>
				<Field Name="CHI" Value="45345355"/>
				<Field Name="Address1" Value="59 Ainsworth Road"/>
				<Field Name="Address2" Value="Little Lever"/>
				<Field Name="Town" Value="Bolton"/>
				<Field Name="County" Value="Lancs"/>
				<Field Name="Postcode" Value="BL3 1RB"/>
				<Field Name="Phone" Value="01204 888 888"/>
				<Field Name="Mobile" Value="07469 154920"/>
				<Field Name="Email" Value="jch@nuance.com"/>
				<Field Name="PrevDrName" Value="Dr Smith"/>
				<Field Name="PrevDrPractice" Value="Smith &amp; Jones"/>
				<Field Name="PrevDrAddress" Value="High Street"/>
				<Field Name="PrevDrTown" Value="Bolton"/>
				<Field Name="PrevDrPostCode" Value="BL1 1RS"/>
				<Field Name="PrevAddress1" Value="43 Wigan Lane"/>
				<Field Name="PrevAddress2" Value="Abram Hall"/>
				<Field Name="PrevTown" Value="Wigan"/>
				<Field Name="PrevCounty" Value="Lancs"/>
				<Field Name="PrevPostCode" Value="WN2 1SE"/>
				<Field Name="DateCame" Value=""/>
				<Field Name="DateLeave" Value=""/>
				<Field Name="RecentResidence" Value=""/>
				<Field Name="AFServiceNo" Value=""/>
				<Field Name="AFEnlistDate" Value=""/>
				<Field Name="AFReservist" Value=""/>
				<Field Name="AFLeaveDate" Value=""/>
				<Field Name="AF1stReg" Value=""/>
				<Field Name="AFPriorAddress" Value=""/>
				<Field Name="AFPriorPostCode" Value=""/>
				<Field Name="Identification" Value="BrithCert;Passport"/>
			</KnowledgeFields>
		</KnowledgeObject>
	</KnowledgeObjects>
</AutoStore>
