<?xml version="1.0" encoding="utf-8"?>
<AutoStore NSI_SIG2="3DDBDED351FA13EFE6633657A06B80E4496E043E7D1C706D9F719B1B005DC7988B93D2CE51F3BB3C9B63ED746C4D50EE">
	<Header Version="2" DateCreated="2018-04-05" TimeCreated="20:12:36" AUTHOR="" COMMENTS=""/>
	<KnowledgeObjects ObjID="2149711278-64271-17944-179-95">
		<KnowledgeObject ObjID="2441104569-45757-19487-167-146">
			<KnowledgeDocuments>
				<KnowledgeDocument Type="png" Name="Sketch_201804052012362568.png" ObjID="268808220-49612-19649-170-36" DocRef="13949671-18473-17491-151-128.dat"/>
			</KnowledgeDocuments>
			<KnowledgeFields>
				<Field Name="WitnessMobile2" Value=""/>
				<Field Name="WitnessPhone2" Value=""/>
				<Field Name="WitnessAddress2" Value=""/>
				<Field Name="WitnessName2" Value=""/>
				<Field Name="WitnessMobile1" Value=""/>
				<Field Name="WitnessPhone1" Value=""/>
				<Field Name="WitnessAddress1" Value=""/>
				<Field Name="WitnessName1" Value=""/>
				<Field Name="OtherInfor" Value=""/>
				<Field Name="BadgeNumber" Value=""/>
				<Field Name="Phone" Value=""/>
				<Field Name="Department" Value=""/>
				<Field Name="OfficerName" Value=""/>
				<Field Name="OtherInjuries" Value=""/>
				<Field Name="OtherPassenger" Value=""/>
				<Field Name="YourInjuries" Value=""/>
				<Field Name="YourPassengers" Value="2"/>
				<Field Name="OtherDriverPhone" Value=""/>
				<Field Name="OtherDriverAddress" Value=""/>
				<Field Name="OtherDriverName" Value=""/>
				<Field Name="InsuranceCompany" Value=""/>
				<Field Name="Registration" Value=""/>
				<Field Name="VehicleColour" Value=""/>
				<Field Name="VehicleModel" Value=""/>
				<Field Name="VehicleMake" Value=""/>
				<Field Name="OwnerPhone" Value=""/>
				<Field Name="OwnerAddress" Value=""/>
				<Field Name="OwnerName" Value=""/>
				<Field Name="OtherRecovery" Value="All star"/>
				<Field Name="OtherVehicleDamage" Value="Car"/>
				<Field Name="YourRecovery" Value="State Farm"/>
				<Field Name="YourVehicleDamage" Value="Truck"/>
				<Field Name="AccidentDetails" Value="Gdhehehehe"/>
				<Field Name="Location" Value="4369 Sierra Creek Dr NE, Auburn, GA 30011, USA"/>
				<Field Name="Conditions" Value="Dry"/>
				<Field Name="AccidentTime" Value="4:32pm"/>
				<Field Name="AccidentDate" Value="4/5/2018"/>
				<Field Name="FileCount" Value="1"/>
				<Field Name="RenameSchema" Value="Accident Form - 4/5/2018 4:32pm"/>
				<Field Name="Section" Value="Insurance and Financial Services"/>
				<Field Name="UserHomeFolder" Value="\\NUAN-MOBAD01\HOME\bill.holley"/>
				<Field Name="UserEmail" Value="bill.holley@nuance.com"/>
				<Field Name="UserName" Value="bill.holley"/>
				<Field Name="FormName" Value="Accident Damage Report"/>
				<Field Name="JobID" Value="2441104569-45757-19487-167-146"/>
			</KnowledgeFields>
		</KnowledgeObject>
	</KnowledgeObjects>
</AutoStore>
