<?xml version="1.0" encoding="utf-8"?>
<AutoStore NSI_SIG2="314D04F1FEFCFB1960D3D44A518D43ECE7C23DEAD13F6925A30F8212632922CA713D4C01E3F69DFC6D4B5F32BEE681C4">
	<Header Version="2" DateCreated="2018-03-13" TimeCreated="16:38:04" AUTHOR="" COMMENTS=""/>
	<KnowledgeObjects ObjID="1306197613-26503-17060-173-87">
		<KnowledgeObject ObjID="998022521-25435-16906-149-17">
			<KnowledgeDocuments>
				<KnowledgeDocument Type="TXT" Name="Patient - Gillette_Kyle.TXT" ObjID="2070671548-3783-18766-143-84" DocRef="380210987-46969-19566-144-190.dat"/>
			</KnowledgeDocuments>
			<KnowledgeFields>
				<Field Name="Section" Value="Healthcare\Patient Registration"/>
				<Field Name="JobID" Value="998022521-25435-16906-149-17"/>
				<Field Name="FormName" Value="New Patient Admittance"/>
				<Field Name="UserHomeFolder" Value="\\NUAN-MOBAD01\HOME\Kyle.gillette"/>
				<Field Name="UserEmail" Value="Kyle.gillette@nuance.com"/>
				<Field Name="UserName" Value="kyle.gillette"/>
				<Field Name="RenameSchema" Value="Patient - Gillette_Kyle"/>
				<Field Name="Forename" Value="Kyle"/>
				<Field Name="Surname" Value="Gillette"/>
				<Field Name="SSN" Value="123456789"/>
				<Field Name="Street" Value="2222 street"/>
				<Field Name="City" Value="Redlands"/>
				<Field Name="State" Value="CA"/>
				<Field Name="ZIP" Value="92399"/>
				<Field Name="Reason" Value="Sick"/>
			</KnowledgeFields>
		</KnowledgeObject>
	</KnowledgeObjects>
</AutoStore>
