<?xml version="1.0" encoding="utf-8"?>
<AutoStore NSI_SIG2="ABF21AB3EC59628E23B0E3D71D791EF6C093BF095A4B5502F5C97BE9E63620EE547703CAA3A672F272D226B64DF0080C">
	<Header Version="2" DateCreated="2018-02-06" TimeCreated="13:45:41" AUTHOR="" COMMENTS=""/>
	<KnowledgeObjects ObjID="4075980520-13387-17383-148-233">
		<KnowledgeObject ObjID="3750634770-62023-20274-148-157">
			<KnowledgeDocuments>
				<KnowledgeDocument Type="pdf" Name="5.pdf" ObjID="2909402239-58427-17196-128-234" DocRef="3520471936-7706-18625-131-162.dat"/>
			</KnowledgeDocuments>
			<KnowledgeFields>
				<Field Name="AW" Value="No"/>
				<Field Name="QC" Value="No"/>
				<Field Name="WC" Value="No"/>
				<Field Name="AX" Value="No"/>
				<Field Name="AC" Value="No"/>
				<Field Name="OF" Value="No"/>
				<Field Name="BC" Value="Yes"/>
				<Field Name="OM" Value="No"/>
				<Field Name="SC" Value="No"/>
				<Field Name="EQ" Value="No"/>
				<Field Name="EC" Value="No"/>
				<Field Name="UserName" Value="tmcg"/>
				<Field Name="UserHomeFolder" Value="\\NUAN-MOBAD01\HOME\tmcg"/>
				<Field Name="UserEmail" Value="tmcgovern@csa.canon.com"/>
				<Field Name="FormName" Value="Information Request"/>
				<Field Name="JobID" Value="3750634770-62023-20274-148-157"/>
				<Field Name="Fullname" Value="McGovern"/>
				<Field Name="JobTitle" Value="MAE"/>
				<Field Name="Company" Value="CSA"/>
				<Field Name="EmailAddress" Value="Tmcgovern@csa.canon.com"/>
				<Field Name="PhoneNumber" Value="5717669428"/>
				<Field Name="MobileNumber" Value="5717669428"/>
				<Field Name="Consent" Value="1"/>
				<Field Name="Products" Value="5"/>
				<Field Name="Section" Value="Sales\Information Request"/>
			</KnowledgeFields>
		</KnowledgeObject>
	</KnowledgeObjects>
</AutoStore>
