<?xml version="1.0" encoding="utf-8"?>
<AutoStore NSI_SIG2="89DBFBCD0A3D9EDA7EC46017A6C30F3853FD4CFD2B0371CD18F5FDCFAC5A294D607AB38480332A873BC9CCD25060B63B">
	<Header Version="2" DateCreated="2018-02-23" TimeCreated="15:16:59" AUTHOR="" COMMENTS=""/>
	<KnowledgeObjects ObjID="3183508033-51432-18896-191-132">
		<KnowledgeObject ObjID="1208737139-13565-18915-156-153">
			<KnowledgeDocuments>
				<KnowledgeDocument Type="png" Name="Signed_201802231516569644.png" ObjID="1341028355-12225-17656-177-173" DocRef="2043981788-28507-16448-161-246.dat"/>
				<KnowledgeDocument Type="TXT" Name="TimeSheet.TXT" ObjID="147806751-10519-18325-136-156" DocRef="1953152990-15732-20475-182-17.dat"/>
			</KnowledgeDocuments>
			<KnowledgeFields>
				<Field Name="ContractorName" Value="jerrymarley jerrymarley"/>
				<Field Name="Signature" Value="C:\Nuance\MobileDemo\Home\WebCapture\WORK\71c02e5a-ba2b-4f80-b7a4-a076a24f34ac\Signed_201802231516569644.png"/>
				<Field Name="ContractorID" Value="jerrymarley"/>
				<Field Name="FriHours" Value=""/>
				<Field Name="FriEnd" Value=""/>
				<Field Name="FriStart" Value=""/>
				<Field Name="ThuHours" Value=""/>
				<Field Name="ThuEnd" Value=""/>
				<Field Name="ThuStart" Value=""/>
				<Field Name="WedHours" Value=""/>
				<Field Name="WedEnd" Value=""/>
				<Field Name="WedStart" Value=""/>
				<Field Name="TueHours" Value=""/>
				<Field Name="TueEnd" Value=""/>
				<Field Name="TueStart" Value=""/>
				<Field Name="MonHours" Value=""/>
				<Field Name="MonEnd" Value=""/>
				<Field Name="MonStart" Value=""/>
				<Field Name="WeekEnding" Value="23-02-2018"/>
				<Field Name="TimeSheetID" Value="0000084"/>
				<Field Name="TotalHours" Value=""/>
				<Field Name="Submitted" Value="23-02-2018"/>
				<Field Name="UserName" Value="jerrymarley"/>
				<Field Name="UserEmail" Value="jerry@nuance.com"/>
				<Field Name="UserHomeFolder" Value="\\NUAN-MOBAD01\HOME\jerrymarley"/>
				<Field Name="FormName" Value="Submit TimeSheet"/>
				<Field Name="JobID" Value="1208737139-13565-18915-156-153"/>
			</KnowledgeFields>
		</KnowledgeObject>
	</KnowledgeObjects>
</AutoStore>
