<?xml version="1.0" encoding="utf-8"?>
<AutoStore NSI_SIG2="716C364F87E9352E787F9A3C2662D871D68BC5AB33A86A4DE81CD91653394E8D7742E6CC631540F477FD60D63CE59981">
	<Header Version="2" DateCreated="2018-02-01" TimeCreated="02:23:29" AUTHOR="" COMMENTS=""/>
	<KnowledgeObjects ObjID="3348875692-24490-18014-162-150">
		<KnowledgeObject ObjID="2745016534-48279-18777-149-4">
			<KnowledgeDocuments>
				<KnowledgeDocument Type="jpg" Name="cdv_photo_001-1.jpg" ObjID="1745390100-35525-19580-182-54" DocRef="565819748-52686-20249-188-94.dat"/>
			</KnowledgeDocuments>
			<KnowledgeFields>
				<Field Name="UserName" Value="jerrymarley"/>
				<Field Name="UserEmail" Value="jerry@nuance.com"/>
				<Field Name="UserHomeFolder" Value="\\NUAN-MOBAD01\HOME\jerrymarley"/>
				<Field Name="UserDispName" Value="jerrymarley jerrymarley"/>
				<Field Name="Convert" Value="p_0024"/>
				<Field Name="ConvertTo" Value="PDF/A"/>
				<Field Name="NextTask" Value="p_0027"/>
				<Field Name="FormName" Value="Send to Email"/>
				<Field Name="JobID" Value="2745016534-48279-18777-149-4"/>
				<Field Name="RenameSchema" Value="Captured File"/>
				<Field Name="Section" Value="General Office Productivity"/>
			</KnowledgeFields>
		</KnowledgeObject>
	</KnowledgeObjects>
</AutoStore>
