<?xml version="1.0" encoding="utf-8"?>
<AutoStore NSI_SIG2="E4B5854B838C564ADEC97796A32D0BA89BBFF8C0A11B731C180523F3433A3C1FCC4D9C2BB8332C98149441BA142A7C4A">
	<Header Version="2" DateCreated="2018-01-26" TimeCreated="07:09:31" AUTHOR="" COMMENTS=""/>
	<KnowledgeObjects ObjID="3548041782-36918-20110-143-130">
		<KnowledgeObject ObjID="563930964-47940-18127-185-12">
			<KnowledgeDocuments>
				<KnowledgeDocument Type="png" Name="Signed_201801260709248195.png" ObjID="3221974238-31043-18411-129-36" DocRef="2041399619-65097-18626-154-85.dat"/>
				<KnowledgeDocument Type="TXT" Name="TimeSheet.TXT" ObjID="2191752350-41421-17426-153-10" DocRef="3638933255-23911-18298-185-208.dat"/>
			</KnowledgeDocuments>
			<KnowledgeFields>
				<Field Name="ContractorName" Value="Jeffpelliconi Jeffpelliconi"/>
				<Field Name="Signature" Value="C:\Nuance\MobileDemo\Home\WebCapture\WORK\9748ee17-41c8-40b8-af82-452b19a05f02\Signed_201801260709248195.png"/>
				<Field Name="ContractorID" Value="jeffpelliconi"/>
				<Field Name="FriHours" Value="09:00"/>
				<Field Name="FriEnd" Value="5pm"/>
				<Field Name="FriStart" Value="8am"/>
				<Field Name="ThuHours" Value="09:00"/>
				<Field Name="ThuEnd" Value="5pm"/>
				<Field Name="ThuStart" Value="8am"/>
				<Field Name="WedHours" Value="09:00"/>
				<Field Name="WedEnd" Value="5pm"/>
				<Field Name="WedStart" Value="8am"/>
				<Field Name="TueHours" Value="09:00"/>
				<Field Name="TueEnd" Value="5pm"/>
				<Field Name="TueStart" Value="8am"/>
				<Field Name="MonHours" Value="09:00"/>
				<Field Name="MonEnd" Value="5pm"/>
				<Field Name="MonStart" Value="8am"/>
				<Field Name="WeekEnding" Value="27-01-2018"/>
				<Field Name="TimeSheetID" Value="0000072"/>
				<Field Name="TotalHours" Value="45:00"/>
				<Field Name="Submitted" Value="26-01-2018"/>
				<Field Name="UserName" Value="jeffpelliconi"/>
				<Field Name="UserEmail" Value="Jeffrey.pelliconi@nuance.com"/>
				<Field Name="UserHomeFolder" Value="\\NUAN-MOBAD01\HOME\Jeffpelliconi"/>
				<Field Name="FormName" Value="Submit TimeSheet"/>
				<Field Name="JobID" Value="563930964-47940-18127-185-12"/>
			</KnowledgeFields>
		</KnowledgeObject>
	</KnowledgeObjects>
</AutoStore>
