<?xml version="1.0" encoding="utf-8"?>
<AutoStore NSI_SIG2="90775FB24B5CFD80E2DE2DAD0E18F418263173669C5B320C41E337657B9BB6887761F1DADD5090C76236E7E37A3F79C6">
	<Header Version="2" DateCreated="2018-12-05" TimeCreated="04:53:51" AUTHOR="" COMMENTS=""/>
	<KnowledgeObjects ObjID="546990496-21341-16563-142-191">
		<KnowledgeObject ObjID="640382739-56773-17260-147-101">
			<KnowledgeDocuments>
				<KnowledgeDocument Type="htm" Name="Hello,-4.htm" ObjID="2987835337-7576-18190-144-118" DocRef="4271537952-19673-17003-137-79.dat"/>
				<KnowledgeDocument Type="png" Name="Signature_201812050453469213.png" ObjID="1475760683-45423-20455-128-192" DocRef="4244083367-63643-20247-158-236.dat"/>
			</KnowledgeDocuments>
			<KnowledgeFields>
				<Field Name="DeliveryTime" Value="04:53"/>
				<Field Name="DeliveryDate" Value="05/12/2018"/>
				<Field Name="Driver" Value="xodice"/>
				<Field Name="SignatureName" Value="Cliff keen 1992"/>
				<Field Name="DeliveryID" Value="5208004147447"/>
				<Field Name="Surname" Value=""/>
				<Field Name="Firstname" Value=""/>
				<Field Name="Address" Value=""/>
				<Field Name="Postcode" Value=""/>
				<Field Name="Signature" Value="C:\Nuance\MobileDemo\Home\WebCapture\WORK\b9739015-9588-4237-818c-923b62371e5a\Signature_201812050453469213.png"/>
				<Field Name="GPS" Value="43.29963288739999, -72.47370649735035"/>
				<Field Name="UserName" Value="xodice"/>
				<Field Name="UserEmail" Value="Nparillo@ssdvermont.com"/>
				<Field Name="UserHomeFolder" Value="\\NUAN-MOBAD01\HOME\Xodice"/>
				<Field Name="FormName" Value="Delivery Acceptance"/>
				<Field Name="JobID" Value="640382739-56773-17260-147-101"/>
			</KnowledgeFields>
		</KnowledgeObject>
	</KnowledgeObjects>
</AutoStore>
