<?xml version="1.0" encoding="utf-8"?>
<AutoStore NSI_SIG2="B0FF05CA4C4E39FA48E2EB8017BAECEFDBA0CD3078AF506014C85C73555498F4634ADBFE84856D9FCAB3F13680B3B66B">
	<Header Version="2" DateCreated="2017-05-15" TimeCreated="16:06:34" AUTHOR="" COMMENTS=""/>
	<KnowledgeObjects ObjID="434811700-18492-17293-133-97">
		<KnowledgeObject ObjID="1690432143-33322-17256-188-65">
			<KnowledgeDocuments>
				<KnowledgeDocument Type="jpg" Name="cdv_photo_008.jpg" ObjID="3936881560-47699-17520-131-50" DocRef="264475003-52811-17267-181-124.dat"/>
				<KnowledgeDocument Type="png" Name="Signature_201705151606342843.png" ObjID="2827468946-46617-19850-169-241" DocRef="2364800832-3042-19284-177-128.dat"/>
			</KnowledgeDocuments>
			<KnowledgeFields>
				<Field Name="GPS" Value="53.56523623201275, -2.369706155879822"/>
				<Field Name="Signature" Value="C:\Nuance\CompleteDemo\Home\WebCapture\WORK\81fadd22-1618-4f20-aaaa-0a4efa9a68e9\Signature_201705151606342843.png"/>
				<Field Name="Postcode" Value="BL3 1RB"/>
				<Field Name="Address" Value="Ainsworth Road, Bolton"/>
				<Field Name="Firstname" Value="John"/>
				<Field Name="Surname" Value="Campbell-Higgens"/>
				<Field Name="DeliveryID" Value="1235112445"/>
				<Field Name="SignatureName" Value="Campbell Higgens"/>
				<Field Name="Driver" Value="administrator"/>
				<Field Name="DeliveryDate" Value="15/05/2017"/>
				<Field Name="DeliveryTime" Value="16:06"/>
			</KnowledgeFields>
		</KnowledgeObject>
	</KnowledgeObjects>
</AutoStore>
