<?xml version="1.0" encoding="utf-8"?>
<AutoStore NSI_SIG2="7F061EFD9B68B0F86CFA203F5F279E3C694162D0D3D72F100C9A9BCA63930C3A17FEC73287A853F578CB0ECB2BFB5055">
	<Header Version="2" DateCreated="2018-03-26" TimeCreated="10:53:22" AUTHOR="" COMMENTS=""/>
	<KnowledgeObjects ObjID="1547374475-46248-17229-139-48">
		<KnowledgeObject ObjID="123304625-15177-19607-169-136">
			<KnowledgeDocuments>
				<KnowledgeDocument Type="jpg" Name="cdv_photo_001.jpg" ObjID="980473279-27776-16385-159-118" DocRef="865455580-51594-17795-166-166.dat"/>
				<KnowledgeDocument Type="png" Name="AssessorSignature_201803261053225159.png" ObjID="426349393-26725-16518-144-93" DocRef="42907564-23174-16511-176-88.dat"/>
			</KnowledgeDocuments>
			<KnowledgeFields>
				<Field Name="FileCount" Value="2"/>
				<Field Name="UserName" Value="mattymah"/>
				<Field Name="UserEmail" Value="matt.mahoney@nuance.com"/>
				<Field Name="UserHomeFolder" Value="\\NUAN-MOBAD01\HOME\MattyMah"/>
				<Field Name="JobID" Value="123304625-15177-19607-169-136"/>
				<Field Name="FormName" Value="Issue Assessment Form"/>
				<Field Name="Section" Value="Housing and Tenancies\Housing Associations"/>
				<Field Name="RenameSchema" Value="WA1 3GP-32-Medium-Shower"/>
				<Field Name="HouseNumber" Value="32"/>
				<Field Name="PostCode" Value="WA1 3GP"/>
				<Field Name="VisitDate" Value="3/26/2018"/>
				<Field Name="Urgency" Value="Medium"/>
				<Field Name="Category" Value="Shower"/>
				<Field Name="Type" Value="Damaged"/>
				<Field Name="Chargeable" Value="Yes"/>
				<Field Name="AssessorName" Value="John Campbell-Higgens"/>
				<Field Name="AssessorSignature" Value="C:\Nuance\MobileDemo\Home\WebCapture\WORK\12b63cfe-4fb6-421e-81bd-61f55f2995b9\AssessorSignature_201803261053225159.png"/>
			</KnowledgeFields>
		</KnowledgeObject>
	</KnowledgeObjects>
</AutoStore>
