<?xml version="1.0" encoding="utf-8"?>
<AutoStore NSI_SIG2="3B5216D35609F91D49A4D5DF301A6BFF459AD32EAA735BAE176C3DF1D274210B73F48EBE2D5471707DDB40250D31FEF8">
	<Header Version="2" DateCreated="2019-01-16" TimeCreated="15:19:12" AUTHOR="" COMMENTS=""/>
	<KnowledgeObjects ObjID="1640756720-15033-17752-170-86">
		<KnowledgeObject ObjID="3942883863-63615-19591-191-73">
			<KnowledgeDocuments>
				<KnowledgeDocument Type="png" Name="Signature_201901161519124604.png" ObjID="463981341-16394-18673-187-19" DocRef="59029965-53917-16941-162-147.dat"/>
			</KnowledgeDocuments>
			<KnowledgeFields>
				<Field Name="RenameSchema" Value="Site HSE Report - Jrjrjrjj - 1/15/2019"/>
				<Field Name="Section" Value="Field Service"/>
				<Field Name="UserHomeFolder" Value="\\NUAN-MOBAD01\HOME\modesto@mhermida.com"/>
				<Field Name="UserEmail" Value="modesto@mhermida.com"/>
				<Field Name="UserName" Value="modesto@mhermida.com"/>
				<Field Name="FormName" Value="Site Health &amp; Safety Report"/>
				<Field Name="JobID" Value="3942883863-63615-19591-191-73"/>
				<Field Name="Job" Value="Jrjrjrjj"/>
				<Field Name="GPS" Value=""/>
				<Field Name="ReportDate" Value="1/15/2019"/>
				<Field Name="Access" Value="Good"/>
				<Field Name="General" Value="Poor"/>
				<Field Name="Tidiness" Value="Average"/>
				<Field Name="Lighting" Value="Average"/>
				<Field Name="Access1" Value="Unacceptable"/>
				<Field Name="Access2" Value=""/>
				<Field Name="FirstAid" Value=""/>
				<Field Name="Welfare" Value=""/>
				<Field Name="FIre" Value=""/>
				<Field Name="Compliance" Value=""/>
				<Field Name="Inductions" Value=""/>
				<Field Name="Incidents" Value="Yes"/>
				<Field Name="Work" Value="Yes"/>
				<Field Name="Plant" Value="No"/>
				<Field Name="PPE" Value="No"/>
				<Field Name="Comments" Value="Yyfyt7tigigigu"/>
				<Field Name="CompletedBy" Value="Ufgugig"/>
				<Field Name="Position" Value="Uccucu"/>
				<Field Name="Signature" Value="C:\Nuance\MobileDemo\Home\WebCapture\WORK\6919596b-4776-4192-8950-e9b556dae97d\Signature_201901161519124604.png"/>
			</KnowledgeFields>
		</KnowledgeObject>
	</KnowledgeObjects>
</AutoStore>
