<?xml version="1.0" encoding="utf-8"?>
<AutoStore NSI_SIG2="31C3C3F390EDCAE98D8A2D237F19EE5772499184A2DCDA6380A43986B6F117E7373B4DCFEC4281E2D19776A7AD4CE4E4">
	<Header Version="2" DateCreated="2018-12-14" TimeCreated="04:57:41" AUTHOR="" COMMENTS=""/>
	<KnowledgeObjects ObjID="4003458551-15142-20406-161-106">
		<KnowledgeObject ObjID="1614278903-30715-18170-151-22">
			<KnowledgeDocuments>
				<KnowledgeDocument Type="htm" Name="Captured File - 00001.htm" ObjID="2431002371-49908-20066-145-161" DocRef="3386597833-2874-17877-172-172.dat"/>
				<KnowledgeDocument Type="png" Name="Signature_201812140457377884.png" ObjID="1433886819-4413-16748-186-170" DocRef="1992342262-48841-17140-166-1.dat"/>
			</KnowledgeDocuments>
			<KnowledgeFields>
				<Field Name="DeliveryTime" Value="04:57"/>
				<Field Name="DeliveryDate" Value="14/12/2018"/>
				<Field Name="Driver" Value="xodice"/>
				<Field Name="SignatureName" Value="United arab of emirates"/>
				<Field Name="DeliveryID" Value="X335044101956"/>
				<Field Name="Surname" Value=""/>
				<Field Name="Firstname" Value=""/>
				<Field Name="Address" Value=""/>
				<Field Name="Postcode" Value=""/>
				<Field Name="Signature" Value="C:\Nuance\MobileDemo\Home\WebCapture\WORK\adf6badc-1706-46a8-9698-50fda4b834fd\Signature_201812140457377884.png"/>
				<Field Name="GPS" Value="43.29970280349786, -72.47388760218575"/>
				<Field Name="UserName" Value="xodice"/>
				<Field Name="UserEmail" Value="Nparillo@ssdvermont.com"/>
				<Field Name="UserHomeFolder" Value="\\NUAN-MOBAD01\HOME\Xodice"/>
				<Field Name="FormName" Value="Delivery Acceptance"/>
				<Field Name="JobID" Value="1614278903-30715-18170-151-22"/>
			</KnowledgeFields>
		</KnowledgeObject>
	</KnowledgeObjects>
</AutoStore>
