<?xml version="1.0" encoding="utf-8"?>
<AutoStore NSI_SIG2="3E7C8B57B75E799AE207AE0D7A7C22A00D2CEAD1DD0667F615F25A07CBF77B37D60FD7019E4D166D420BFC523A90D396">
	<Header Version="2" DateCreated="2018-02-13" TimeCreated="01:10:33" AUTHOR="" COMMENTS=""/>
	<KnowledgeObjects ObjID="921757814-41154-16950-153-158">
		<KnowledgeObject ObjID="1985534712-44426-16493-165-53">
			<KnowledgeDocuments>
				<KnowledgeDocument Type="png" Name="Signed_201802130110279431.png" ObjID="180498134-51859-16439-167-0" DocRef="2501025954-59779-16419-131-35.dat"/>
				<KnowledgeDocument Type="TXT" Name="TimeSheet.TXT" ObjID="4196997985-35653-17551-146-179" DocRef="698709908-3419-18472-177-65.dat"/>
			</KnowledgeDocuments>
			<KnowledgeFields>
				<Field Name="ContractorName" Value="shasselmann shasselmann"/>
				<Field Name="Signature" Value="C:\Nuance\MobileDemo\Home\WebCapture\WORK\36d34b7c-589a-4f6b-b62a-abf01c4301eb\Signed_201802130110279431.png"/>
				<Field Name="ContractorID" Value="shasselmann"/>
				<Field Name="FriHours" Value=""/>
				<Field Name="FriEnd" Value=""/>
				<Field Name="FriStart" Value=""/>
				<Field Name="ThuHours" Value=""/>
				<Field Name="ThuEnd" Value=""/>
				<Field Name="ThuStart" Value=""/>
				<Field Name="WedHours" Value=""/>
				<Field Name="WedEnd" Value=""/>
				<Field Name="WedStart" Value=""/>
				<Field Name="TueHours" Value=""/>
				<Field Name="TueEnd" Value=""/>
				<Field Name="TueStart" Value=""/>
				<Field Name="MonHours" Value=""/>
				<Field Name="MonEnd" Value=""/>
				<Field Name="MonStart" Value=""/>
				<Field Name="WeekEnding" Value="13-02-2018"/>
				<Field Name="TimeSheetID" Value="0000078"/>
				<Field Name="TotalHours" Value=""/>
				<Field Name="Submitted" Value="13-02-2018"/>
				<Field Name="UserName" Value="shasselmann"/>
				<Field Name="UserEmail" Value="sandra.hasselmann@ricoh.ca"/>
				<Field Name="UserHomeFolder" Value="\\NUAN-MOBAD01\HOME\shasselmann"/>
				<Field Name="FormName" Value="Submit TimeSheet"/>
				<Field Name="JobID" Value="1985534712-44426-16493-165-53"/>
			</KnowledgeFields>
		</KnowledgeObject>
	</KnowledgeObjects>
</AutoStore>
