<?xml version="1.0" encoding="utf-8"?>
<AutoStore NSI_SIG2="3CB0AD61D99C0ED832D38D8275885C3209F21A8A32DEF2B2A41DF656DA9BCB327AC51EA3CC4E8025DF3C8C1FC89C9B7F">
	<Header Version="2" DateCreated="2018-04-26" TimeCreated="11:18:42" AUTHOR="" COMMENTS=""/>
	<KnowledgeObjects ObjID="3710512259-21638-19887-178-133">
		<KnowledgeObject ObjID="632218389-54397-16924-130-20">
			<KnowledgeDocuments>
				<KnowledgeDocument Type="m3u" Name="direct-1.m3u" ObjID="1135960350-46781-19014-139-113" DocRef="3264719580-50034-17931-188-77.dat"/>
				<KnowledgeDocument Type="png" Name="Signature_201804261118382380.png" ObjID="3234304704-1677-16864-136-244" DocRef="2573688342-27822-18702-129-103.dat"/>
			</KnowledgeDocuments>
			<KnowledgeFields>
				<Field Name="DeliveryTime" Value="11:18"/>
				<Field Name="DeliveryDate" Value="26/04/2018"/>
				<Field Name="Driver" Value="xodice"/>
				<Field Name="SignatureName" Value="Mister Nicholas g parillo"/>
				<Field Name="DeliveryID" Value="http://www.vermontrxcard.com/index.php"/>
				<Field Name="Surname" Value=""/>
				<Field Name="Firstname" Value=""/>
				<Field Name="Address" Value=""/>
				<Field Name="Postcode" Value=""/>
				<Field Name="Signature" Value="C:\Nuance\MobileDemo\Home\WebCapture\WORK\fe782d47-aff2-4863-bf57-2cb5ff636efa\Signature_201804261118382380.png"/>
				<Field Name="GPS" Value="43.299724405500186, -72.47379436714897"/>
				<Field Name="UserName" Value="xodice"/>
				<Field Name="UserEmail" Value="Nparillo@ssdvermont.com"/>
				<Field Name="UserHomeFolder" Value="\\NUAN-MOBAD01\HOME\Xodice"/>
				<Field Name="FormName" Value="Delivery Acceptance"/>
				<Field Name="JobID" Value="632218389-54397-16924-130-20"/>
			</KnowledgeFields>
		</KnowledgeObject>
	</KnowledgeObjects>
</AutoStore>
