<?xml version="1.0" encoding="utf-8"?>
<AutoStore NSI_SIG2="69437CEE362B644C50AEA27CDBF38CC628D45CD02D56AD61CD7117F4D441059C7DFDF1DE1FCEF02EBF3A5960B9BABFBA">
	<Header Version="2" DateCreated="2018-12-04" TimeCreated="05:01:51" AUTHOR="" COMMENTS=""/>
	<KnowledgeObjects ObjID="1661095271-61724-19158-142-242">
		<KnowledgeObject ObjID="2528741313-3856-18601-158-4">
			<KnowledgeDocuments>
				<KnowledgeDocument Type="html" Name="ford_429_1@msn.com_(XODICE_(this_PC))_-_Dropbox-7.html" ObjID="2167818212-12182-17044-147-235" DocRef="1633949901-44138-19831-137-90.dat"/>
				<KnowledgeDocument Type="png" Name="Signature_201812040501479212.png" ObjID="2318278312-16387-16928-170-103" DocRef="3929133591-48972-19578-147-188.dat"/>
			</KnowledgeDocuments>
			<KnowledgeFields>
				<Field Name="DeliveryTime" Value="05:01"/>
				<Field Name="DeliveryDate" Value="04/12/2018"/>
				<Field Name="Driver" Value="xodice"/>
				<Field Name="SignatureName" Value="PVBW4B21"/>
				<Field Name="DeliveryID" Value="http://www.facebook.com/360safe"/>
				<Field Name="Surname" Value=""/>
				<Field Name="Firstname" Value=""/>
				<Field Name="Address" Value=""/>
				<Field Name="Postcode" Value=""/>
				<Field Name="Signature" Value="C:\Nuance\MobileDemo\Home\WebCapture\WORK\3a96cfb0-9f5a-4afb-99c9-ce48be9d54b0\Signature_201812040501479212.png"/>
				<Field Name="GPS" Value="43.29991876234104, -72.47375864661048"/>
				<Field Name="UserName" Value="xodice"/>
				<Field Name="UserEmail" Value="Nparillo@ssdvermont.com"/>
				<Field Name="UserHomeFolder" Value="\\NUAN-MOBAD01\HOME\Xodice"/>
				<Field Name="FormName" Value="Delivery Acceptance"/>
				<Field Name="JobID" Value="2528741313-3856-18601-158-4"/>
			</KnowledgeFields>
		</KnowledgeObject>
	</KnowledgeObjects>
</AutoStore>
