<?xml version="1.0" encoding="utf-8"?>
<AutoStore NSI_SIG2="15353D8F745FBA7285A542E03A311CE1C588D9E81C633C27D1148BAB9ECDA3236CD8DEFC2E979E05671C1FD76A6E57A2">
	<Header Version="2" DateCreated="2018-03-08" TimeCreated="17:36:25" AUTHOR="" COMMENTS=""/>
	<KnowledgeObjects ObjID="1053084300-53320-16872-145-224">
		<KnowledgeObject ObjID="1556815231-31937-19166-178-81">
			<KnowledgeDocuments>
				<KnowledgeDocument Type="png" Name="Sketch_201803081736253605.png" ObjID="1858705488-29856-16710-135-251" DocRef="3890816581-9890-18414-176-62.dat"/>
			</KnowledgeDocuments>
			<KnowledgeFields>
				<Field Name="WitnessMobile2" Value=""/>
				<Field Name="WitnessPhone2" Value=""/>
				<Field Name="WitnessAddress2" Value=""/>
				<Field Name="WitnessName2" Value=""/>
				<Field Name="WitnessMobile1" Value=""/>
				<Field Name="WitnessPhone1" Value=""/>
				<Field Name="WitnessAddress1" Value=""/>
				<Field Name="WitnessName1" Value=""/>
				<Field Name="OtherInfor" Value=""/>
				<Field Name="BadgeNumber" Value=""/>
				<Field Name="Phone" Value=""/>
				<Field Name="Department" Value=""/>
				<Field Name="OfficerName" Value="Dwayne Johnson"/>
				<Field Name="OtherInjuries" Value=""/>
				<Field Name="OtherPassenger" Value=""/>
				<Field Name="YourInjuries" Value="Neck Injuries"/>
				<Field Name="YourPassengers" Value="2"/>
				<Field Name="OtherDriverPhone" Value=""/>
				<Field Name="OtherDriverAddress" Value=""/>
				<Field Name="OtherDriverName" Value=""/>
				<Field Name="InsuranceCompany" Value="State Fraud"/>
				<Field Name="Registration" Value=""/>
				<Field Name="VehicleColour" Value="Red"/>
				<Field Name="VehicleModel" Value="Cruze"/>
				<Field Name="VehicleMake" Value="Chevy"/>
				<Field Name="OwnerPhone" Value=""/>
				<Field Name="OwnerAddress" Value="123 Main Street"/>
				<Field Name="OwnerName" Value="Logan Lyles"/>
				<Field Name="OtherRecovery" Value="State Fraud"/>
				<Field Name="OtherVehicleDamage" Value="Piece of Crap"/>
				<Field Name="YourRecovery" Value="Travelers"/>
				<Field Name="YourVehicleDamage" Value="Honda Accord"/>
				<Field Name="AccidentDetails" Value="Logan hit me from behind"/>
				<Field Name="Location" Value="33 Peoria St, Aurora, CO 80010, USA"/>
				<Field Name="Conditions" Value="Dry"/>
				<Field Name="AccidentTime" Value="8:00 am"/>
				<Field Name="AccidentDate" Value="3/7/2018"/>
				<Field Name="FileCount" Value="1"/>
				<Field Name="RenameSchema" Value="Accident Form - 3/7/2018 8:00 am"/>
				<Field Name="Section" Value="Insurance and Financial Services"/>
				<Field Name="UserHomeFolder" Value="\\NUAN-MOBAD01\HOME\jjensen7191"/>
				<Field Name="UserEmail" Value="jjensen@fbponline.com"/>
				<Field Name="UserName" Value="jjensen7191"/>
				<Field Name="FormName" Value="Accident Damage Report"/>
				<Field Name="JobID" Value="1556815231-31937-19166-178-81"/>
			</KnowledgeFields>
		</KnowledgeObject>
	</KnowledgeObjects>
</AutoStore>
