<?xml version="1.0" encoding="utf-8"?>
<AutoStore NSI_SIG2="DAFC2CE19AF5B62D1B06762F0F8E44641A217BC5DA8DDF81C42E7D935917F6E0A542599233C9CF0DB9BEC85BAF7E656D">
	<Header Version="2" DateCreated="2018-04-17" TimeCreated="17:33:40" AUTHOR="" COMMENTS=""/>
	<KnowledgeObjects ObjID="3144108872-42384-18301-135-190">
		<KnowledgeObject ObjID="3794470372-49990-18302-166-19">
			<KnowledgeDocuments>
				<KnowledgeDocument Type="pdf" Name="POD-Address Labels.pdf" ObjID="855751298-11356-20344-184-131" DocRef="3498541006-36433-20059-137-122.dat"/>
				<KnowledgeDocument Type="png" Name="Signature_201804171733321901.png" ObjID="557839414-7059-17776-139-164" DocRef="1203642841-22613-16966-147-159.dat"/>
			</KnowledgeDocuments>
			<KnowledgeFields>
				<Field Name="DeliveryTime" Value="17:33"/>
				<Field Name="DeliveryDate" Value="17/04/2018"/>
				<Field Name="Driver" Value="daniel_larabie"/>
				<Field Name="SignatureName" Value="Daniel"/>
				<Field Name="DeliveryID" Value="3334"/>
				<Field Name="Surname" Value=""/>
				<Field Name="Firstname" Value=""/>
				<Field Name="Address" Value=""/>
				<Field Name="Postcode" Value=""/>
				<Field Name="Signature" Value="C:\Nuance\MobileDemo\Home\WebCapture\WORK\b62553bb-2bd0-43bb-94c3-93224413bbb1\Signature_201804171733321901.png"/>
				<Field Name="GPS" Value="45.38331847594245, -73.59016541460687"/>
				<Field Name="UserName" Value="daniel_larabie"/>
				<Field Name="UserEmail" Value="daniel.larabie@nuance.com"/>
				<Field Name="UserHomeFolder" Value="\\NUAN-MOBAD01\HOME\DANIEL_LARABIE"/>
				<Field Name="FormName" Value="Delivery Acceptance"/>
				<Field Name="JobID" Value="3794470372-49990-18302-166-19"/>
			</KnowledgeFields>
		</KnowledgeObject>
	</KnowledgeObjects>
</AutoStore>
