<?xml version="1.0" encoding="utf-8"?>
<AutoStore NSI_SIG2="2959FB907CF7F758DCDD32EC51F2050C79BAEE1D32C20CD262A75B446DAD00C39EFC229F97370C53E67FC6722902C730">
	<Header Version="2" DateCreated="2018-07-03" TimeCreated="18:55:09" AUTHOR="" COMMENTS=""/>
	<KnowledgeObjects ObjID="1496654960-35814-17192-155-82">
		<KnowledgeObject ObjID="1057260495-24927-18234-132-245">
			<KnowledgeDocuments>
				<KnowledgeDocument Type="pdf" Name="Machine ID Labels.pdf" ObjID="1747230378-57985-18269-172-143" DocRef="1662255401-55551-20232-141-73.dat"/>
			</KnowledgeDocuments>
			<KnowledgeFields>
				<Field Name="WitnessMobile2" Value=""/>
				<Field Name="WitnessPhone2" Value=""/>
				<Field Name="WitnessAddress2" Value=""/>
				<Field Name="WitnessName2" Value=""/>
				<Field Name="WitnessMobile1" Value=""/>
				<Field Name="WitnessPhone1" Value=""/>
				<Field Name="WitnessAddress1" Value=""/>
				<Field Name="WitnessName1" Value=""/>
				<Field Name="OtherInfor" Value="None"/>
				<Field Name="BadgeNumber" Value="122344"/>
				<Field Name="Phone" Value="7765549876"/>
				<Field Name="Department" Value="Vicpd"/>
				<Field Name="OfficerName" Value="Nick"/>
				<Field Name="OtherInjuries" Value="None"/>
				<Field Name="OtherPassenger" Value="2"/>
				<Field Name="YourInjuries" Value="None"/>
				<Field Name="YourPassengers" Value="1"/>
				<Field Name="OtherDriverPhone" Value="7776221234"/>
				<Field Name="OtherDriverAddress" Value="123 fake st"/>
				<Field Name="OtherDriverName" Value="Mike"/>
				<Field Name="InsuranceCompany" Value="Icbc"/>
				<Field Name="Registration" Value="Fat234"/>
				<Field Name="VehicleColour" Value="Blue"/>
				<Field Name="VehicleModel" Value="M5"/>
				<Field Name="VehicleMake" Value="Bmw"/>
				<Field Name="OwnerPhone" Value="7778899884"/>
				<Field Name="OwnerAddress" Value="139 sharon rd"/>
				<Field Name="OwnerName" Value="Bill"/>
				<Field Name="OtherRecovery" Value="ICBC"/>
				<Field Name="OtherVehicleDamage" Value="Accord"/>
				<Field Name="YourRecovery" Value="ICBC"/>
				<Field Name="YourVehicleDamage" Value="Bmw"/>
				<Field Name="AccidentDetails" Value="Car crashed on the road close to Bin4."/>
				<Field Name="Location" Value="3301 Douglas St, Victoria, BC V8Z 3L2, Canada"/>
				<Field Name="Conditions" Value="Clear"/>
				<Field Name="AccidentTime" Value="11:30"/>
				<Field Name="AccidentDate" Value="7/3/2018"/>
				<Field Name="FileCount" Value="1"/>
				<Field Name="RenameSchema" Value="Accident Form - 7/3/2018 11:30"/>
				<Field Name="Section" Value="Insurance and Financial Services"/>
				<Field Name="UserHomeFolder" Value="\\NUAN-MOBAD01\HOME\bernardogmc"/>
				<Field Name="UserEmail" Value="bernardo.gimenez@ricoh.ca"/>
				<Field Name="UserName" Value="bernardogmc"/>
				<Field Name="FormName" Value="Accident Damage Report"/>
				<Field Name="JobID" Value="1057260495-24927-18234-132-245"/>
			</KnowledgeFields>
		</KnowledgeObject>
	</KnowledgeObjects>
</AutoStore>
