<?xml version="1.0" encoding="utf-8"?>
<AutoStore NSI_SIG2="5036BFFEC41EF6694348F7D37B26E6F53949CCF612EDF9B671003AB44C6F4DAD892D53A4BAAD567E290A887613FE4B2D">
	<Header Version="2" DateCreated="2018-03-26" TimeCreated="09:26:58" AUTHOR="" COMMENTS=""/>
	<KnowledgeObjects ObjID="886087435-40446-18151-146-101">
		<KnowledgeObject ObjID="3593815182-13952-19784-156-123">
			<KnowledgeDocuments>
				<KnowledgeDocument Type="pdf" Name="5.pdf" ObjID="1545300378-26415-19360-189-75" DocRef="1565684138-46978-18089-160-239.dat"/>
			</KnowledgeDocuments>
			<KnowledgeFields>
				<Field Name="AW" Value="No"/>
				<Field Name="QC" Value="No"/>
				<Field Name="WC" Value="No"/>
				<Field Name="AX" Value="No"/>
				<Field Name="AC" Value="No"/>
				<Field Name="OF" Value="No"/>
				<Field Name="BC" Value="Yes"/>
				<Field Name="OM" Value="No"/>
				<Field Name="SC" Value="No"/>
				<Field Name="EQ" Value="No"/>
				<Field Name="EC" Value="No"/>
				<Field Name="UserName" Value="izadyarf"/>
				<Field Name="UserHomeFolder" Value="\\NUAN-MOBAD01\HOME\izadyarf"/>
				<Field Name="UserEmail" Value="izadyar.fassa@nuance.com"/>
				<Field Name="FormName" Value="Information Request"/>
				<Field Name="JobID" Value="3593815182-13952-19784-156-123"/>
				<Field Name="Fullname" Value="Izadyar"/>
				<Field Name="JobTitle" Value="Test"/>
				<Field Name="Company" Value="Nuance"/>
				<Field Name="EmailAddress" Value="Izadyar.fassa@nuance.com"/>
				<Field Name="PhoneNumber" Value="34616789626"/>
				<Field Name="MobileNumber" Value="616789626"/>
				<Field Name="Consent" Value="1"/>
				<Field Name="Products" Value="5"/>
				<Field Name="Section" Value="Sales\Information Request"/>
			</KnowledgeFields>
		</KnowledgeObject>
	</KnowledgeObjects>
</AutoStore>
