<?xml version="1.0" encoding="utf-8"?>
<AutoStore NSI_SIG2="121C544114744336F740C6E97CA5842532D639B7273700D5F7E4116E9D46D8A4998862920B7F899A1C433819D6B48FF1">
	<Header Version="2" DateCreated="2018-01-15" TimeCreated="20:36:49" AUTHOR="" COMMENTS=""/>
	<KnowledgeObjects ObjID="3779850991-6491-17252-135-29">
		<KnowledgeObject ObjID="1877342973-46780-19206-137-247">
			<KnowledgeDocuments>
				<KnowledgeDocument Type="TXT" Name="TimeSheet.TXT" ObjID="2720449905-11126-18956-166-220" DocRef="3366664910-11382-18983-148-169.dat"/>
			</KnowledgeDocuments>
			<KnowledgeFields>
				<Field Name="ContractorName" Value="JetCoPackaging2018 JetCoPackaging2018"/>
				<Field Name="Signature" Value=""/>
				<Field Name="ContractorID" Value="jetcopackaging2018"/>
				<Field Name="FriHours" Value=""/>
				<Field Name="FriEnd" Value=""/>
				<Field Name="FriStart" Value=""/>
				<Field Name="ThuHours" Value=""/>
				<Field Name="ThuEnd" Value=""/>
				<Field Name="ThuStart" Value=""/>
				<Field Name="WedHours" Value=""/>
				<Field Name="WedEnd" Value=""/>
				<Field Name="WedStart" Value=""/>
				<Field Name="TueHours" Value=""/>
				<Field Name="TueEnd" Value=""/>
				<Field Name="TueStart" Value=""/>
				<Field Name="MonHours" Value=""/>
				<Field Name="MonEnd" Value=""/>
				<Field Name="MonStart" Value=""/>
				<Field Name="WeekEnding" Value="15-01-2018"/>
				<Field Name="TimeSheetID" Value="0000062"/>
				<Field Name="TotalHours" Value=""/>
				<Field Name="Submitted" Value="15-01-2018"/>
				<Field Name="UserName" Value="jetcopackaging2018"/>
				<Field Name="UserEmail" Value="ajulien@jetcopackaging.com"/>
				<Field Name="UserHomeFolder" Value="\\NUAN-MOBAD01\HOME\JetCoPackaging2018"/>
				<Field Name="FormName" Value="Submit TimeSheet"/>
				<Field Name="JobID" Value="1877342973-46780-19206-137-247"/>
			</KnowledgeFields>
		</KnowledgeObject>
	</KnowledgeObjects>
</AutoStore>
