<?xml version="1.0" encoding="utf-8"?>
<AutoStore NSI_SIG2="B94BB0943CEA5C5D0791B1ADAED221C883A5CBF72B7AA0491297D7EE3C8A79299108CBA8C593AAD3FEFDA186C3B7A514">
	<Header Version="2" DateCreated="2018-01-02" TimeCreated="11:35:42" AUTHOR="" COMMENTS=""/>
	<KnowledgeObjects ObjID="2852498916-27277-18279-185-1">
		<KnowledgeObject ObjID="3140811655-18964-17254-135-53">
			<KnowledgeDocuments>
				<KnowledgeDocument Type="TXT" Name="TimeSheet.TXT" ObjID="1410535419-50204-19031-133-179" DocRef="183730040-36193-20144-166-243.dat"/>
			</KnowledgeDocuments>
			<KnowledgeFields>
				<Field Name="JobID" Value="3140811655-18964-17254-135-53"/>
				<Field Name="FormName" Value="Submit TimeSheet"/>
				<Field Name="UserHomeFolder" Value="\\NUAN-MOBAD01\HOME\JCHNuance"/>
				<Field Name="UserEmail" Value="jch@nuance.com"/>
				<Field Name="UserName" Value="jchnuance"/>
				<Field Name="Submitted" Value="02-01-2018"/>
				<Field Name="TotalHours" Value="40:00"/>
				<Field Name="TimeSheetID" Value="0000057"/>
				<Field Name="WeekEnding" Value="29-12-2018"/>
				<Field Name="MonStart" Value="09:00"/>
				<Field Name="MonEnd" Value="17:00"/>
				<Field Name="MonHours" Value="08:00"/>
				<Field Name="TueStart" Value="09:00"/>
				<Field Name="TueEnd" Value="17:00"/>
				<Field Name="TueHours" Value="08:00"/>
				<Field Name="WedStart" Value="09:00"/>
				<Field Name="WedEnd" Value="17:00"/>
				<Field Name="WedHours" Value="08:00"/>
				<Field Name="ThuStart" Value="09:00"/>
				<Field Name="ThuEnd" Value="17:00"/>
				<Field Name="ThuHours" Value="08:00"/>
				<Field Name="FriStart" Value="09:00"/>
				<Field Name="FriEnd" Value="17:00"/>
				<Field Name="FriHours" Value="08:00"/>
				<Field Name="ContractorID" Value="jchnuance"/>
				<Field Name="Signature" Value=""/>
				<Field Name="ContractorName" Value="JCHNuance JCHNuance"/>
			</KnowledgeFields>
		</KnowledgeObject>
	</KnowledgeObjects>
</AutoStore>
