<?xml version="1.0" encoding="utf-8"?>
<AutoStore NSI_SIG2="C64E7A2DB7D760084EDCAD78912964563CDFB6627851A878EADC16ACF12F16D4DCF26FD508C3B25422B1853169CE03DB">
	<Header Version="2" DateCreated="2018-10-25" TimeCreated="04:29:28" AUTHOR="" COMMENTS=""/>
	<KnowledgeObjects ObjID="292728141-26158-16807-189-171">
		<KnowledgeObject ObjID="3488440578-5171-16389-179-153">
			<KnowledgeDocuments>
				<KnowledgeDocument Type="htm" Name="Captured File - 00001.htm" ObjID="4252320130-37839-20179-160-71" DocRef="1089995564-17212-18087-180-58.dat"/>
				<KnowledgeDocument Type="png" Name="Signature_201810250429223597.png" ObjID="2324670662-13457-16714-142-211" DocRef="1523772219-50910-18449-132-225.dat"/>
			</KnowledgeDocuments>
			<KnowledgeFields>
				<Field Name="DeliveryTime" Value="04:29"/>
				<Field Name="DeliveryDate" Value="25/10/2018"/>
				<Field Name="Driver" Value="xodice"/>
				<Field Name="SignatureName" Value="Misses betsy lirakis 153 kirk meadow road springfield,vermont 05156-0116"/>
				<Field Name="DeliveryID" Value="http://pandora.com/redeem"/>
				<Field Name="Surname" Value=""/>
				<Field Name="Firstname" Value=""/>
				<Field Name="Address" Value=""/>
				<Field Name="Postcode" Value=""/>
				<Field Name="Signature" Value="C:\Nuance\MobileDemo\Home\WebCapture\WORK\4c043b73-bea7-4e26-ae66-643c1a587b97\Signature_201810250429223597.png"/>
				<Field Name="GPS" Value="43.29970359887549, -72.47369263093138"/>
				<Field Name="UserName" Value="xodice"/>
				<Field Name="UserEmail" Value="Nparillo@ssdvermont.com"/>
				<Field Name="UserHomeFolder" Value="\\NUAN-MOBAD01\HOME\Xodice"/>
				<Field Name="FormName" Value="Delivery Acceptance"/>
				<Field Name="JobID" Value="3488440578-5171-16389-179-153"/>
			</KnowledgeFields>
		</KnowledgeObject>
	</KnowledgeObjects>
</AutoStore>
