<?xml version="1.0" encoding="utf-8"?>
<AutoStore NSI_SIG2="248A2536E79EB541326F8EECB7E237EDA758C5D1202D861422EEA6FE6B8FF530C9FB4AA99F140805432AD335D7867863">
	<Header Version="2" DateCreated="2018-12-10" TimeCreated="14:45:58" AUTHOR="" COMMENTS=""/>
	<KnowledgeObjects ObjID="2988761541-22134-18674-144-116">
		<KnowledgeObject ObjID="3384660840-26397-19180-146-66">
			<KnowledgeDocuments>
				<KnowledgeDocument Type="pdf" Name="DOJBOP Nicholas g Parillo - 00001.pdf" ObjID="2696408116-28650-17298-146-106" DocRef="3560224535-5627-20030-175-143.dat"/>
				<KnowledgeDocument Type="png" Name="Signature_201812101445520838.png" ObjID="2642576416-13720-18022-178-118" DocRef="1803824809-14825-17410-132-31.dat"/>
			</KnowledgeDocuments>
			<KnowledgeFields>
				<Field Name="DeliveryTime" Value="14:45"/>
				<Field Name="DeliveryDate" Value="10/12/2018"/>
				<Field Name="Driver" Value="xodice"/>
				<Field Name="SignatureName" Value="Cliff keen 1992"/>
				<Field Name="DeliveryID" Value="0020010000306000000000000000"/>
				<Field Name="Surname" Value=""/>
				<Field Name="Firstname" Value=""/>
				<Field Name="Address" Value=""/>
				<Field Name="Postcode" Value=""/>
				<Field Name="Signature" Value="C:\Nuance\MobileDemo\Home\WebCapture\WORK\ba6e3f0d-cac4-4432-a3b5-88884dd3b0ae\Signature_201812101445520838.png"/>
				<Field Name="GPS" Value="43.29965038006867, -72.47392573371968"/>
				<Field Name="UserName" Value="xodice"/>
				<Field Name="UserEmail" Value="Nparillo@ssdvermont.com"/>
				<Field Name="UserHomeFolder" Value="\\NUAN-MOBAD01\HOME\Xodice"/>
				<Field Name="FormName" Value="Delivery Acceptance"/>
				<Field Name="JobID" Value="3384660840-26397-19180-146-66"/>
			</KnowledgeFields>
		</KnowledgeObject>
	</KnowledgeObjects>
</AutoStore>
