<?xml version="1.0" encoding="utf-8"?>
<AutoStore NSI_SIG2="214949AA0B66A693BC519D4F24F520D080B66E11D14BB492FA563527079E80FC2B6FA4BE5D7FD47A76CFF43765399614">
	<Header Version="2" DateCreated="2018-04-24" TimeCreated="20:06:24" AUTHOR="" COMMENTS=""/>
	<KnowledgeObjects ObjID="1527499935-18186-17666-169-41">
		<KnowledgeObject ObjID="1515449853-12420-19340-183-237">
			<KnowledgeDocuments>
				<KnowledgeDocument Type="pdf" Name="Prob11H - Nicholas g Parillo - 00001.pdf" ObjID="2450020617-15142-18641-159-66" DocRef="3354824970-35081-18912-135-143.dat"/>
				<KnowledgeDocument Type="png" Name="Signature_201804242006203008.png" ObjID="598608346-54136-16768-174-183" DocRef="2444723506-2849-19605-141-206.dat"/>
			</KnowledgeDocuments>
			<KnowledgeFields>
				<Field Name="DeliveryTime" Value="20:06"/>
				<Field Name="DeliveryDate" Value="24/04/2018"/>
				<Field Name="Driver" Value="xodice"/>
				<Field Name="SignatureName" Value="Mister"/>
				<Field Name="DeliveryID" Value="https://www.usaw_logo_small.xps.9is6ojzn7veg7_6p2is71uwtd.xps.com"/>
				<Field Name="Surname" Value=""/>
				<Field Name="Firstname" Value=""/>
				<Field Name="Address" Value=""/>
				<Field Name="Postcode" Value=""/>
				<Field Name="Signature" Value="C:\Nuance\MobileDemo\Home\WebCapture\WORK\8ad4af8c-e911-4da6-b225-20212a7b9308\Signature_201804242006203008.png"/>
				<Field Name="GPS" Value="43.299828613724735, -72.47370190306528"/>
				<Field Name="UserName" Value="xodice"/>
				<Field Name="UserEmail" Value="Nparillo@ssdvermont.com"/>
				<Field Name="UserHomeFolder" Value="\\NUAN-MOBAD01\HOME\Xodice"/>
				<Field Name="FormName" Value="Delivery Acceptance"/>
				<Field Name="JobID" Value="1515449853-12420-19340-183-237"/>
			</KnowledgeFields>
		</KnowledgeObject>
	</KnowledgeObjects>
</AutoStore>
