<?xml version="1.0" encoding="utf-8"?>
<AutoStore NSI_SIG2="32EECCCE8D700C6DDBBFF44DA0A2367A5D40743B46F51558F053C1ED2D4BFAF46BB0BE0A30A720BF80039389707CEAB2">
	<Header Version="2" DateCreated="2019-11-13" TimeCreated="01:05:15" AUTHOR="" COMMENTS=""/>
	<KnowledgeObjects ObjID="4157433592-14980-17835-128-41">
		<KnowledgeObject ObjID="1546845492-51541-20235-151-85">
			<KnowledgeDocuments>
				<KnowledgeDocument Type="PDF" Name="StudentIDCard.PDF" ObjID="707769348-41555-19693-138-157" DocRef="454459942-11665-17615-170-240.dat"/>
			</KnowledgeDocuments>
			<KnowledgeFields>
				<Field Name="JobID" Value="1546845492-51541-20235-151-85"/>
				<Field Name="FormName" Value="Student On-Boarding"/>
				<Field Name="UserName" Value="HIGGY"/>
				<Field Name="UserEmail" Value="john.campbellhiggens@kofax.com"/>
				<Field Name="UserHomeFolder" Value="\\US01VMBCMD01\HOME\HIGGY"/>
				<Field Name="Section" Value="Education"/>
				<Field Name="RenameSchema" Value="123456-Jones-20191113-010504"/>
				<Field Name="FileCount" Value="1"/>
				<Field Name="StudentID" Value="123456"/>
				<Field Name="CourseID" Value="Y815"/>
				<Field Name="StartDate" Value="11/13/2019"/>
				<Field Name="Address" Value=""/>
				<Field Name="Mobile" Value=""/>
				<Field Name="Email" Value=""/>
				<Field Name="Surname" Value="Jones"/>
				<Field Name="Firstname" Value="Peter"/>
				<Field Name="DOB" Value="14/04/2003"/>
			</KnowledgeFields>
		</KnowledgeObject>
	</KnowledgeObjects>
</AutoStore>
