<?xml version="1.0" encoding="utf-8"?>
<AutoStore NSI_SIG2="ABF526288D84C260C8683E127F8292A53189CDC969DF5D5ADED8D3587385EC339DE84D6D060C30AC4A377629E8B0DC5F">
	<Header Version="2" DateCreated="2020-02-20" TimeCreated="03:32:50" AUTHOR="" COMMENTS=""/>
	<KnowledgeObjects ObjID="2018370074-53934-19060-137-211">
		<KnowledgeObject ObjID="2061047853-32951-17285-138-40">
			<KnowledgeDocuments>
				<KnowledgeDocument Type="png" Name="Signature_202002200332496813.png" ObjID="490443530-62843-18779-165-240" DocRef="2326087365-14580-20190-136-211.dat"/>
			</KnowledgeDocuments>
			<KnowledgeFields>
				<Field Name="JobID" Value="2061047853-32951-17285-138-40"/>
				<Field Name="FormName" Value="Standing Order Amendment Form"/>
				<Field Name="UserName" Value="fiona.lane"/>
				<Field Name="UserEmail" Value="fiona.lane@ricoh-its.co.uk"/>
				<Field Name="UserHomeFolder" Value="\\US01VMBCMD01\HOME\fiona.lane"/>
				<Field Name="Section" Value="Insurance and Financial Services"/>
				<Field Name="RenameSchema" Value="SO Amendment - 394794 - 38947"/>
				<Field Name="FileCount" Value="1"/>
				<Field Name="Fullname" Value="Fiona"/>
				<Field Name="Sortcode" Value="394794"/>
				<Field Name="Account" Value="38947"/>
				<Field Name="ContactPhone" Value="3076649"/>
				<Field Name="BranchName" Value="London"/>
				<Field Name="Type" Value="SO"/>
				<Field Name="Amount" Value="200"/>
				<Field Name="RecipentsName" Value="Fiona"/>
				<Field Name="PayReference" Value="Ref"/>
				<Field Name="SOReference" Value="2873"/>
				<Field Name="SortCode2" Value="Jdlj"/>
				<Field Name="Account2" Value="Iroie"/>
				<Field Name="NewPayRef" Value="Jdkj"/>
				<Field Name="NewRecName" Value=""/>
				<Field Name="NewRecBank" Value=""/>
				<Field Name="NewRecSortCode" Value=""/>
				<Field Name="NewRecAccount" Value=""/>
				<Field Name="NewAmount" Value=""/>
				<Field Name="NextDueDate" Value="2/20/2020"/>
				<Field Name="FinalAmount" Value=""/>
				<Field Name="FinalDate" Value="2/20/2019"/>
				<Field Name="Frequency" Value="3"/>
				<Field Name="Instructions" Value=""/>
			</KnowledgeFields>
		</KnowledgeObject>
	</KnowledgeObjects>
</AutoStore>
