<?xml version="1.0" encoding="utf-8"?>
<AutoStore NSI_SIG2="9BA75609FE99E8B2434E9DE715DEA22B62D7B01230B77CEB730326F2802F3CDE9E619B431E1DE97655F9EE8EA05CE1E5">
	<Header Version="2" DateCreated="2019-11-13" TimeCreated="01:09:24" AUTHOR="" COMMENTS=""/>
	<KnowledgeObjects ObjID="1075905991-11650-17134-165-78">
		<KnowledgeObject ObjID="1903680549-55367-20339-191-244">
			<KnowledgeDocuments>
				<KnowledgeDocument Type="PDF" Name="StudentIDCard.PDF" ObjID="311895461-1198-16954-159-158" DocRef="1788193094-22964-18371-165-172.dat"/>
			</KnowledgeDocuments>
			<KnowledgeFields>
				<Field Name="JobID" Value="1903680549-55367-20339-191-244"/>
				<Field Name="FormName" Value="Student On-Boarding"/>
				<Field Name="UserName" Value="HIGGY"/>
				<Field Name="UserEmail" Value="john.campbellhiggens@kofax.com"/>
				<Field Name="UserHomeFolder" Value="\\US01VMBCMD01\HOME\HIGGY"/>
				<Field Name="Section" Value="Education"/>
				<Field Name="RenameSchema" Value="123456-Jones-20191113-010914"/>
				<Field Name="FileCount" Value="1"/>
				<Field Name="StudentID" Value="123456"/>
				<Field Name="CourseID" Value="Y815"/>
				<Field Name="StartDate" Value="11/13/2019"/>
				<Field Name="Address" Value=""/>
				<Field Name="Mobile" Value=""/>
				<Field Name="Email" Value=""/>
				<Field Name="Surname" Value="Jones"/>
				<Field Name="Firstname" Value="Peter"/>
				<Field Name="DOB" Value="14/04/2003"/>
			</KnowledgeFields>
		</KnowledgeObject>
	</KnowledgeObjects>
</AutoStore>
