<?xml version="1.0" encoding="utf-8"?>
<AutoStore NSI_SIG2="13627349C5AF9B1F84956C273D9228E90620485E09BC22D16AFE1D318DE32B7E01A55E5B7542953576A35C1B39326033">
	<Header Version="2" DateCreated="2018-12-10" TimeCreated="03:13:50" AUTHOR="" COMMENTS=""/>
	<KnowledgeObjects ObjID="3220240075-39697-19215-158-235">
		<KnowledgeObject ObjID="1151073911-60822-18165-155-67">
			<KnowledgeDocuments>
				<KnowledgeDocument Type="htm" Name="Hello,-6.htm" ObjID="4208400534-53937-19888-170-216" DocRef="3290056720-5289-19489-144-101.dat"/>
				<KnowledgeDocument Type="png" Name="Signature_201812100313476077.png" ObjID="83876675-19252-20145-190-69" DocRef="4108028176-56387-19723-159-52.dat"/>
			</KnowledgeDocuments>
			<KnowledgeFields>
				<Field Name="DeliveryTime" Value="03:13"/>
				<Field Name="DeliveryDate" Value="10/12/2018"/>
				<Field Name="Driver" Value="xodice"/>
				<Field Name="SignatureName" Value="Cliff keen 1992"/>
				<Field Name="DeliveryID" Value="885909919790006337665046401171"/>
				<Field Name="Surname" Value=""/>
				<Field Name="Firstname" Value=""/>
				<Field Name="Address" Value=""/>
				<Field Name="Postcode" Value=""/>
				<Field Name="Signature" Value="C:\Nuance\MobileDemo\Home\WebCapture\WORK\08d2cf41-d845-4c38-9f23-f0360266eaa4\Signature_201812100313476077.png"/>
				<Field Name="GPS" Value="43.29970383996988, -72.47399713220823"/>
				<Field Name="UserName" Value="xodice"/>
				<Field Name="UserEmail" Value="Nparillo@ssdvermont.com"/>
				<Field Name="UserHomeFolder" Value="\\NUAN-MOBAD01\HOME\Xodice"/>
				<Field Name="FormName" Value="Delivery Acceptance"/>
				<Field Name="JobID" Value="1151073911-60822-18165-155-67"/>
			</KnowledgeFields>
		</KnowledgeObject>
	</KnowledgeObjects>
</AutoStore>
