<?xml version="1.0" encoding="utf-8"?>
<AutoStore NSI_SIG2="48E7968BEEF0099B60C517B20780E6852B4C13E73927BE6B108052DC540007A654A1217F41B2CCFFE1CF720A3025F07E">
	<Header Version="2" DateCreated="2018-04-06" TimeCreated="20:49:25" AUTHOR="" COMMENTS=""/>
	<KnowledgeObjects ObjID="893153587-18120-17457-164-247">
		<KnowledgeObject ObjID="1052379046-8421-18319-157-232">
			<KnowledgeDocuments>
				<KnowledgeDocument Type="jpg" Name="cdv_photo_001.jpg" ObjID="3456106409-50435-18265-183-233" DocRef="3638780940-48272-19274-172-220.dat"/>
			</KnowledgeDocuments>
			<KnowledgeFields>
				<Field Name="VisitParking" Value="No"/>
				<Field Name="VisitCarReg" Value=""/>
				<Field Name="VisitorCompany" Value="Nuance"/>
				<Field Name="SelectedVisitor" Value=""/>
				<Field Name="VisitorSurname" Value="Mehlig"/>
				<Field Name="VisitorFirstname" Value="Erich"/>
				<Field Name="VisitorHost" Value="emehlig"/>
				<Field Name="VisitDate" Value="4/3/2018"/>
				<Field Name="UserName" Value="emehlig"/>
				<Field Name="UserEmail" Value="erich.mehlig@nuance.com"/>
				<Field Name="UserHomeFolder" Value="\\NUAN-MOBAD01\HOME\Emehlig"/>
				<Field Name="FormName" Value="Visitor Badge"/>
				<Field Name="JodID" Value="1052379046-8421-18319-157-232"/>
			</KnowledgeFields>
		</KnowledgeObject>
	</KnowledgeObjects>
</AutoStore>
