<?xml version="1.0" encoding="utf-8"?>
<AutoStore NSI_SIG2="2801D226E117AEB808D68419396F69211BBC8A436292D8E14A029D0CFCEAAC29E442A596F1E4288131510067C3D6A4FF">
	<Header Version="2" DateCreated="2018-12-18" TimeCreated="10:19:54" AUTHOR="" COMMENTS=""/>
	<KnowledgeObjects ObjID="951466433-47373-18798-142-8">
		<KnowledgeObject ObjID="270166729-39565-18135-163-4">
			<KnowledgeDocuments>
				<KnowledgeDocument Type="jpg" Name="cdv_photo_001.jpg" ObjID="4250116517-16452-18101-170-28" DocRef="2568487224-6565-16904-167-196.dat"/>
			</KnowledgeDocuments>
			<KnowledgeFields>
				<Field Name="WitnessMobile2" Value=""/>
				<Field Name="WitnessPhone2" Value=""/>
				<Field Name="WitnessAddress2" Value=""/>
				<Field Name="WitnessName2" Value=""/>
				<Field Name="WitnessMobile1" Value=""/>
				<Field Name="WitnessPhone1" Value=""/>
				<Field Name="WitnessAddress1" Value=""/>
				<Field Name="WitnessName1" Value=""/>
				<Field Name="OtherInfor" Value=""/>
				<Field Name="BadgeNumber" Value=""/>
				<Field Name="Phone" Value=""/>
				<Field Name="Department" Value=""/>
				<Field Name="OfficerName" Value=""/>
				<Field Name="OtherInjuries" Value=""/>
				<Field Name="OtherPassenger" Value=""/>
				<Field Name="YourInjuries" Value=""/>
				<Field Name="YourPassengers" Value=""/>
				<Field Name="OtherDriverPhone" Value=""/>
				<Field Name="OtherDriverAddress" Value=""/>
				<Field Name="OtherDriverName" Value=""/>
				<Field Name="InsuranceCompany" Value=""/>
				<Field Name="Registration" Value=""/>
				<Field Name="VehicleColour" Value=""/>
				<Field Name="VehicleModel" Value=""/>
				<Field Name="VehicleMake" Value=""/>
				<Field Name="OwnerPhone" Value=""/>
				<Field Name="OwnerAddress" Value=""/>
				<Field Name="OwnerName" Value=""/>
				<Field Name="OtherRecovery" Value=""/>
				<Field Name="OtherVehicleDamage" Value=""/>
				<Field Name="YourRecovery" Value=""/>
				<Field Name="YourVehicleDamage" Value=""/>
				<Field Name="AccidentDetails" Value=""/>
				<Field Name="Location" Value="Kronogatan 41, 462 31 Vänersborg, Sverige"/>
				<Field Name="Conditions" Value="Rain"/>
				<Field Name="AccidentTime" Value="10:00"/>
				<Field Name="AccidentDate" Value="12/18/2018"/>
				<Field Name="FileCount" Value="1"/>
				<Field Name="RenameSchema" Value="Accident Form - 12/18/2018 10:00"/>
				<Field Name="Section" Value="Insurance and Financial Services"/>
				<Field Name="UserHomeFolder" Value="\\NUAN-MOBAD01\HOME\joachim_roken"/>
				<Field Name="UserEmail" Value="joachim.roken@nuance.com"/>
				<Field Name="UserName" Value="joachim_roken"/>
				<Field Name="FormName" Value="Accident Damage Report"/>
				<Field Name="JobID" Value="270166729-39565-18135-163-4"/>
			</KnowledgeFields>
		</KnowledgeObject>
	</KnowledgeObjects>
</AutoStore>
