<?xml version="1.0" encoding="utf-8"?>
<AutoStore NSI_SIG2="2A05B3E98FC6E77AECB06677DC46893EADF79E427AE51413389914AD781BD8102770E3C05F09218519E46F66C052A3D1">
	<Header Version="2" DateCreated="2018-12-14" TimeCreated="04:51:26" AUTHOR="" COMMENTS=""/>
	<KnowledgeObjects ObjID="446081575-10986-20186-185-111">
		<KnowledgeObject ObjID="501677134-38026-17443-162-167">
			<KnowledgeDocuments>
				<KnowledgeDocument Type="pdf" Name="Prob11H - Nicholas g Parillo - 00001.pdf" ObjID="1502551150-18059-18918-143-249" DocRef="41072750-20735-16791-174-9.dat"/>
				<KnowledgeDocument Type="png" Name="Signature_201812140451178026.png" ObjID="3376729249-52597-16784-167-62" DocRef="2852190740-36321-20130-175-240.dat"/>
			</KnowledgeDocuments>
			<KnowledgeFields>
				<Field Name="DeliveryTime" Value="04:51"/>
				<Field Name="DeliveryDate" Value="14/12/2018"/>
				<Field Name="Driver" Value="xodice"/>
				<Field Name="SignatureName" Value="Cliff keen 1992"/>
				<Field Name="DeliveryID" Value="X335044101956"/>
				<Field Name="Surname" Value=""/>
				<Field Name="Firstname" Value=""/>
				<Field Name="Address" Value=""/>
				<Field Name="Postcode" Value=""/>
				<Field Name="Signature" Value="C:\Nuance\MobileDemo\Home\WebCapture\WORK\8f27cf7a-3a96-4159-a9dd-278a1b31ed32\Signature_201812140451178026.png"/>
				<Field Name="GPS" Value="43.29977599579739, -72.47385515857334"/>
				<Field Name="UserName" Value="xodice"/>
				<Field Name="UserEmail" Value="Nparillo@ssdvermont.com"/>
				<Field Name="UserHomeFolder" Value="\\NUAN-MOBAD01\HOME\Xodice"/>
				<Field Name="FormName" Value="Delivery Acceptance"/>
				<Field Name="JobID" Value="501677134-38026-17443-162-167"/>
			</KnowledgeFields>
		</KnowledgeObject>
	</KnowledgeObjects>
</AutoStore>
