<?xml version="1.0" encoding="utf-8"?>
<AutoStore NSI_SIG2="000CE3E8D5C3C3A783568BF828DBCCCD98C4679C4214429CE9503839433337A1F926B9655271C455854DB484433DAED9">
	<Header Version="2" DateCreated="2018-03-25" TimeCreated="22:24:47" AUTHOR="" COMMENTS=""/>
	<KnowledgeObjects ObjID="2653714747-54526-19311-140-13">
		<KnowledgeObject ObjID="2601673872-51987-20058-139-146">
			<KnowledgeDocuments>
				<KnowledgeDocument Type="TXT" Name="Patient - _.TXT" ObjID="3755509001-34200-18895-177-157" DocRef="610908915-53021-16604-188-32.dat"/>
			</KnowledgeDocuments>
			<KnowledgeFields>
				<Field Name="Section" Value="Healthcare\Patient Registration"/>
				<Field Name="JobID" Value="2601673872-51987-20058-139-146"/>
				<Field Name="FormName" Value="New Patient Admittance"/>
				<Field Name="UserHomeFolder" Value="\\NUAN-MOBAD01\HOME\36531947562"/>
				<Field Name="UserEmail" Value="leodon72@gmail.com"/>
				<Field Name="UserName" Value="36531947562"/>
				<Field Name="RenameSchema" Value="Patient - _"/>
				<Field Name="Forename" Value=""/>
				<Field Name="Surname" Value=""/>
				<Field Name="SSN" Value=""/>
				<Field Name="Street" Value=""/>
				<Field Name="City" Value=""/>
				<Field Name="State" Value=""/>
				<Field Name="ZIP" Value=""/>
				<Field Name="Reason" Value=""/>
			</KnowledgeFields>
		</KnowledgeObject>
	</KnowledgeObjects>
</AutoStore>
