<?xml version="1.0" encoding="utf-8"?>
<AutoStore NSI_SIG2="D09D13463DA5F031DCB51708AAA2959795DB6060A3C3BDC6802DB81175B5DA0737DA40ED40DC3B9CE059186CB10AD854">
	<Header Version="2" DateCreated="2018-05-12" TimeCreated="03:20:11" AUTHOR="" COMMENTS=""/>
	<KnowledgeObjects ObjID="611041290-61396-16423-161-77">
		<KnowledgeObject ObjID="2752742006-53276-19740-185-85">
			<KnowledgeDocuments>
				<KnowledgeDocument Type="vcf" Name="Federal Court Ordered Notice.vcf" ObjID="2365096345-27617-17803-138-11" DocRef="1963523719-4701-19772-148-118.dat"/>
				<KnowledgeDocument Type="png" Name="Signature_201805120320054552.png" ObjID="3349665558-17299-17088-168-160" DocRef="507025891-61761-17603-139-48.dat"/>
			</KnowledgeDocuments>
			<KnowledgeFields>
				<Field Name="DeliveryTime" Value="03:20"/>
				<Field Name="DeliveryDate" Value="12/05/2018"/>
				<Field Name="Driver" Value="xodice"/>
				<Field Name="SignatureName" Value="Mister"/>
				<Field Name="DeliveryID" Value="0015012664454"/>
				<Field Name="Surname" Value=""/>
				<Field Name="Firstname" Value=""/>
				<Field Name="Address" Value=""/>
				<Field Name="Postcode" Value=""/>
				<Field Name="Signature" Value="C:\Nuance\MobileDemo\Home\WebCapture\WORK\f1f0e52e-3a50-4532-a71d-35311f87b0b0\Signature_201805120320054552.png"/>
				<Field Name="GPS" Value="43.29968680450873, -72.47372319819256"/>
				<Field Name="UserName" Value="xodice"/>
				<Field Name="UserEmail" Value="Nparillo@ssdvermont.com"/>
				<Field Name="UserHomeFolder" Value="\\NUAN-MOBAD01\HOME\Xodice"/>
				<Field Name="FormName" Value="Delivery Acceptance"/>
				<Field Name="JobID" Value="2752742006-53276-19740-185-85"/>
			</KnowledgeFields>
		</KnowledgeObject>
	</KnowledgeObjects>
</AutoStore>
