<?xml version="1.0" encoding="utf-8"?>
<AutoStore NSI_SIG2="D5A10F5EB47B1ED6950CBC53434147F072B498764F8F293013CBDAD6CB84791D0728C6A39AB55FE02ADA676D15ABE5C2">
	<Header Version="2" DateCreated="2018-06-08" TimeCreated="12:09:19" AUTHOR="" COMMENTS=""/>
	<KnowledgeObjects ObjID="4033470814-52555-17839-177-69">
		<KnowledgeObject ObjID="2972948581-15775-19342-180-158">
			<KnowledgeDocuments>
				<KnowledgeDocument Type="png" Name="Sketch_201806081209192800.png" ObjID="1260862764-62123-17271-170-9" DocRef="135436231-22442-18665-158-255.dat"/>
			</KnowledgeDocuments>
			<KnowledgeFields>
				<Field Name="WitnessMobile2" Value=""/>
				<Field Name="WitnessPhone2" Value=""/>
				<Field Name="WitnessAddress2" Value=""/>
				<Field Name="WitnessName2" Value=""/>
				<Field Name="WitnessMobile1" Value=""/>
				<Field Name="WitnessPhone1" Value=""/>
				<Field Name="WitnessAddress1" Value=""/>
				<Field Name="WitnessName1" Value=""/>
				<Field Name="OtherInfor" Value=""/>
				<Field Name="BadgeNumber" Value=""/>
				<Field Name="Phone" Value=""/>
				<Field Name="Department" Value=""/>
				<Field Name="OfficerName" Value=""/>
				<Field Name="OtherInjuries" Value=""/>
				<Field Name="OtherPassenger" Value=""/>
				<Field Name="YourInjuries" Value=""/>
				<Field Name="YourPassengers" Value=""/>
				<Field Name="OtherDriverPhone" Value=""/>
				<Field Name="OtherDriverAddress" Value=""/>
				<Field Name="OtherDriverName" Value=""/>
				<Field Name="InsuranceCompany" Value=""/>
				<Field Name="Registration" Value=""/>
				<Field Name="VehicleColour" Value=""/>
				<Field Name="VehicleModel" Value=""/>
				<Field Name="VehicleMake" Value=""/>
				<Field Name="OwnerPhone" Value=""/>
				<Field Name="OwnerAddress" Value=""/>
				<Field Name="OwnerName" Value=""/>
				<Field Name="OtherRecovery" Value=""/>
				<Field Name="OtherVehicleDamage" Value=""/>
				<Field Name="YourRecovery" Value=""/>
				<Field Name="YourVehicleDamage" Value=""/>
				<Field Name="AccidentDetails" Value=""/>
				<Field Name="Location" Value="0A Andre Greyvensteyn Ave, Isando, Kempton Park, 1600, Republika Poludniowej Afryki"/>
				<Field Name="Conditions" Value=""/>
				<Field Name="AccidentTime" Value=""/>
				<Field Name="AccidentDate" Value="6/8/2018"/>
				<Field Name="FileCount" Value="1"/>
				<Field Name="RenameSchema" Value="Accident Form - 6/8/2018 "/>
				<Field Name="Section" Value="Insurance and Financial Services"/>
				<Field Name="UserHomeFolder" Value="\\NUAN-MOBAD01\HOME\marcin"/>
				<Field Name="UserEmail" Value="marcin.sanecki@nuance.com"/>
				<Field Name="UserName" Value="marcin"/>
				<Field Name="FormName" Value="Accident Damage Report"/>
				<Field Name="JobID" Value="2972948581-15775-19342-180-158"/>
			</KnowledgeFields>
		</KnowledgeObject>
	</KnowledgeObjects>
</AutoStore>
