<?xml version="1.0" encoding="utf-8"?>
<AutoStore NSI_SIG2="18C8DE2CD30DC7AC71085E0A78B62AFB1F080CBE55B6DA704CDF946E87993E15EA91C72C325897D21A7D7D37C1595A25">
	<Header Version="2" DateCreated="2018-03-08" TimeCreated="22:06:56" AUTHOR="" COMMENTS=""/>
	<KnowledgeObjects ObjID="2429412984-55037-16713-173-227">
		<KnowledgeObject ObjID="1089163215-36615-19284-165-38">
			<KnowledgeDocuments>
				<KnowledgeDocument Type="png" Name="Signed_201803082206551345.png" ObjID="1608938707-23594-19320-169-17" DocRef="3055806129-22462-19643-152-67.dat"/>
				<KnowledgeDocument Type="TXT" Name="TimeSheet.TXT" ObjID="1695196646-50848-16663-160-8" DocRef="2149398482-50531-19780-131-41.dat"/>
			</KnowledgeDocuments>
			<KnowledgeFields>
				<Field Name="ContractorName" Value="Perry S1 Perry S1"/>
				<Field Name="Signature" Value="C:\Nuance\MobileDemo\Home\WebCapture\WORK\c544a553-0f05-4af6-8592-771a300ccc1b\Signed_201803082206551345.png"/>
				<Field Name="ContractorID" Value="perry s1"/>
				<Field Name="FriHours" Value="09:00"/>
				<Field Name="FriEnd" Value="5pm"/>
				<Field Name="FriStart" Value="8am"/>
				<Field Name="ThuHours" Value="09:00"/>
				<Field Name="ThuEnd" Value="5pm"/>
				<Field Name="ThuStart" Value="8am"/>
				<Field Name="WedHours" Value="09:00"/>
				<Field Name="WedEnd" Value="5pm"/>
				<Field Name="WedStart" Value="8am"/>
				<Field Name="TueHours" Value="09:00"/>
				<Field Name="TueEnd" Value="5pm"/>
				<Field Name="TueStart" Value="8am"/>
				<Field Name="MonHours" Value="09:00"/>
				<Field Name="MonEnd" Value="5pm"/>
				<Field Name="MonStart" Value="8am"/>
				<Field Name="WeekEnding" Value="09-03-2018"/>
				<Field Name="TimeSheetID" Value="0000092"/>
				<Field Name="TotalHours" Value="45:00"/>
				<Field Name="Submitted" Value="08-03-2018"/>
				<Field Name="UserName" Value="perry s1"/>
				<Field Name="UserEmail" Value="perry.scarcelli@nuance.com"/>
				<Field Name="UserHomeFolder" Value="\\NUAN-MOBAD01\HOME\Perry S1"/>
				<Field Name="FormName" Value="Submit TimeSheet"/>
				<Field Name="JobID" Value="1089163215-36615-19284-165-38"/>
			</KnowledgeFields>
		</KnowledgeObject>
	</KnowledgeObjects>
</AutoStore>
