<?xml version="1.0" encoding="utf-8"?>
<AutoStore NSI_SIG2="1F64DDE246AC489224EC631DB98D5566E7E51729B46A63AB635BA64B2527A36C6333B22E16112DD71E60868C97E2E2C2">
	<Header Version="2" DateCreated="2018-06-04" TimeCreated="12:27:46" AUTHOR="" COMMENTS=""/>
	<KnowledgeObjects ObjID="528806675-3312-19663-144-56">
		<KnowledgeObject ObjID="1685563493-41378-17435-165-217">
			<KnowledgeDocuments>
				<KnowledgeDocument Type="pdf" Name="POD-Address Labels.pdf" ObjID="984164000-21264-16395-143-102" DocRef="1224432512-48067-18172-168-144.dat"/>
				<KnowledgeDocument Type="png" Name="Signature_201806041227376705.png" ObjID="4245836863-27562-16431-147-151" DocRef="3981093583-51056-17431-128-253.dat"/>
			</KnowledgeDocuments>
			<KnowledgeFields>
				<Field Name="DeliveryTime" Value="12:27"/>
				<Field Name="DeliveryDate" Value="04/06/2018"/>
				<Field Name="Driver" Value="cguere"/>
				<Field Name="SignatureName" Value="Guere"/>
				<Field Name="DeliveryID" Value="1234567890"/>
				<Field Name="Surname" Value="Campbell-Higgens"/>
				<Field Name="Firstname" Value="John"/>
				<Field Name="Address" Value="Ainsworth Road, Bolton"/>
				<Field Name="Postcode" Value="BL3 1RB"/>
				<Field Name="Signature" Value="C:\Nuance\MobileDemo\Home\WebCapture\WORK\424fc4bb-1a5a-4597-b77e-b37ad43ab7af\Signature_201806041227376705.png"/>
				<Field Name="GPS" Value="42.7552661, -73.8207987"/>
				<Field Name="UserName" Value="cguere"/>
				<Field Name="UserEmail" Value="chuck.guere@tbs.toshiba.com"/>
				<Field Name="UserHomeFolder" Value="\\NUAN-MOBAD01\HOME\cguere"/>
				<Field Name="FormName" Value="Delivery Acceptance"/>
				<Field Name="JobID" Value="1685563493-41378-17435-165-217"/>
			</KnowledgeFields>
		</KnowledgeObject>
	</KnowledgeObjects>
</AutoStore>
