<?xml version="1.0" encoding="utf-8"?>
<AutoStore NSI_SIG2="FC9044928DBC5A833C0DA091FF7435E64193DE08D0CC8382D64FEE2EA458FE77FD710C23C78AA49D25C93C50DD8D4FBB">
	<Header Version="2" DateCreated="2019-06-19" TimeCreated="10:06:02" AUTHOR="" COMMENTS=""/>
	<KnowledgeObjects ObjID="3589669072-43933-16433-179-5">
		<KnowledgeObject ObjID="3429808267-4987-18417-133-31">
			<KnowledgeDocuments>
				<KnowledgeDocument Type="jpg" Name="cdv_photo_001.jpg" ObjID="2051902741-39858-19516-186-222" DocRef="2441337014-59623-17640-180-188.dat"/>
				<KnowledgeDocument Type="png" Name="Signature_201906191006022680.png" ObjID="831128082-33333-19641-150-210" DocRef="2455154970-289-18339-130-167.dat"/>
			</KnowledgeDocuments>
			<KnowledgeFields>
				<Field Name="RenameSchema" Value="Site HSE Report - Test - 6/19/2019"/>
				<Field Name="Section" Value="Field Service"/>
				<Field Name="UserHomeFolder" Value="\\NUAN-MOBAD01\HOME\Gary.tomlinson"/>
				<Field Name="UserEmail" Value="gary.tomlinson@sossystems.co.uk"/>
				<Field Name="UserName" Value="Gary.tomlinson"/>
				<Field Name="FormName" Value="Site Health &amp; Safety Report"/>
				<Field Name="JobID" Value="3429808267-4987-18417-133-31"/>
				<Field Name="Job" Value="Test"/>
				<Field Name="GPS" Value="51.13602635786817, -0.19200318448948672"/>
				<Field Name="ReportDate" Value="6/19/2019"/>
				<Field Name="Access" Value="Average"/>
				<Field Name="General" Value="Average"/>
				<Field Name="Tidiness" Value="Average"/>
				<Field Name="Lighting" Value="Excellent"/>
				<Field Name="Access1" Value="Average"/>
				<Field Name="Access2" Value="Average"/>
				<Field Name="FirstAid" Value="Excellent"/>
				<Field Name="Welfare" Value="Good"/>
				<Field Name="FIre" Value="Good"/>
				<Field Name="Compliance" Value="Average"/>
				<Field Name="Inductions" Value="Yes"/>
				<Field Name="Incidents" Value="No"/>
				<Field Name="Work" Value="Yes"/>
				<Field Name="Plant" Value="Yes"/>
				<Field Name="PPE" Value="Yes"/>
				<Field Name="Comments" Value="Could do more"/>
				<Field Name="CompletedBy" Value="Gary"/>
				<Field Name="Position" Value="Team"/>
				<Field Name="Signature" Value="C:\Nuance\MobileDemo\Home\WebCapture\WORK\9861b9a8-c8b4-4e6f-95f2-8d52cc89ef69\Signature_201906191006022680.png"/>
			</KnowledgeFields>
		</KnowledgeObject>
	</KnowledgeObjects>
</AutoStore>
