<?xml version="1.0" encoding="utf-8"?>
<AutoStore NSI_SIG2="A97BB9D03C8C42B88EB1CD396F7B7C31FE587C836BF660463C28AD4678C7CF3E58619174623796FC4546ED730D1F7E21">
	<Header Version="2" DateCreated="2020-04-14" TimeCreated="15:11:22" AUTHOR="" COMMENTS=""/>
	<KnowledgeObjects ObjID="2370388156-51566-18854-180-45">
		<KnowledgeObject ObjID="597992518-49864-20315-171-246">
			<KnowledgeDocuments>
				<KnowledgeDocument Type="jpg" Name="1586902217365.jpg" ObjID="2767909057-15897-17189-167-19" DocRef="4147840572-24778-19039-189-181.dat"/>
				<KnowledgeDocument Type="png" Name="Sketch_202004141511221838.png" ObjID="1011513952-6654-19323-188-221" DocRef="637958647-22603-17976-172-119.dat"/>
			</KnowledgeDocuments>
			<KnowledgeFields>
				<Field Name="WitnessMobile2" Value=""/>
				<Field Name="WitnessPhone2" Value=""/>
				<Field Name="WitnessAddress2" Value=""/>
				<Field Name="WitnessName2" Value=""/>
				<Field Name="WitnessMobile1" Value=""/>
				<Field Name="WitnessPhone1" Value=""/>
				<Field Name="WitnessAddress1" Value=""/>
				<Field Name="WitnessName1" Value=""/>
				<Field Name="OtherInfor" Value=""/>
				<Field Name="BadgeNumber" Value=""/>
				<Field Name="Phone" Value=""/>
				<Field Name="Department" Value=""/>
				<Field Name="OfficerName" Value=""/>
				<Field Name="OtherInjuries" Value=""/>
				<Field Name="OtherPassenger" Value=""/>
				<Field Name="YourInjuries" Value=""/>
				<Field Name="YourPassengers" Value=""/>
				<Field Name="OtherDriverPhone" Value=""/>
				<Field Name="OtherDriverAddress" Value=""/>
				<Field Name="OtherDriverName" Value=""/>
				<Field Name="InsuranceCompany" Value=""/>
				<Field Name="Registration" Value=""/>
				<Field Name="VehicleColour" Value=""/>
				<Field Name="VehicleModel" Value=""/>
				<Field Name="VehicleMake" Value=""/>
				<Field Name="OwnerPhone" Value=""/>
				<Field Name="OwnerAddress" Value=""/>
				<Field Name="OwnerName" Value=""/>
				<Field Name="OtherRecovery" Value=""/>
				<Field Name="OtherVehicleDamage" Value=""/>
				<Field Name="YourRecovery" Value=""/>
				<Field Name="YourVehicleDamage" Value=""/>
				<Field Name="AccidentDetails" Value="Bad"/>
				<Field Name="Location" Value="4063 Woodsly Dr, Batavia, OH 45103, USA"/>
				<Field Name="Conditions" Value="Wet"/>
				<Field Name="AccidentTime" Value="5pm"/>
				<Field Name="AccidentDate" Value="4/13/2020"/>
				<Field Name="FileCount" Value="2"/>
				<Field Name="RenameSchema" Value="Accident Form - 4/13/2020 5pm"/>
				<Field Name="Section" Value="Insurance and Financial Services"/>
				<Field Name="UserHomeFolder" Value="\\US01VMBCMD01\HOME\ttreinen"/>
				<Field Name="UserEmail" Value="toddt@cinci.rr.com"/>
				<Field Name="UserName" Value="ttreinen"/>
				<Field Name="FormName" Value="Accident Damage Report"/>
				<Field Name="JobID" Value="597992518-49864-20315-171-246"/>
			</KnowledgeFields>
		</KnowledgeObject>
	</KnowledgeObjects>
</AutoStore>
