<?xml version="1.0" encoding="utf-8"?>
<AutoStore NSI_SIG2="4DAC39A888C56203A00072096A08ED2A57CA2B2354156C5219CD28CE066CF6082738AC36F264A6193A714FFC9C27D616">
	<Header Version="2" DateCreated="2018-07-14" TimeCreated="22:49:27" AUTHOR="" COMMENTS=""/>
	<KnowledgeObjects ObjID="1119116922-29850-17795-188-134">
		<KnowledgeObject ObjID="2675295154-63709-17822-156-234">
			<KnowledgeDocuments>
				<KnowledgeDocument Type="jpg" Name="cdv_photo_002.jpg" ObjID="2314412094-6977-18043-184-28" DocRef="3938215241-10961-19377-160-20.dat"/>
				<KnowledgeDocument Type="png" Name="Sketch_201807142249267558.png" ObjID="1764725077-9609-19287-133-132" DocRef="3431567819-41934-19536-150-32.dat"/>
			</KnowledgeDocuments>
			<KnowledgeFields>
				<Field Name="WitnessMobile2" Value=""/>
				<Field Name="WitnessPhone2" Value=""/>
				<Field Name="WitnessAddress2" Value=""/>
				<Field Name="WitnessName2" Value=""/>
				<Field Name="WitnessMobile1" Value=""/>
				<Field Name="WitnessPhone1" Value=""/>
				<Field Name="WitnessAddress1" Value=""/>
				<Field Name="WitnessName1" Value=""/>
				<Field Name="OtherInfor" Value=""/>
				<Field Name="BadgeNumber" Value=""/>
				<Field Name="Phone" Value=""/>
				<Field Name="Department" Value=""/>
				<Field Name="OfficerName" Value=""/>
				<Field Name="OtherInjuries" Value=""/>
				<Field Name="OtherPassenger" Value=""/>
				<Field Name="YourInjuries" Value=""/>
				<Field Name="YourPassengers" Value=""/>
				<Field Name="OtherDriverPhone" Value=""/>
				<Field Name="OtherDriverAddress" Value=""/>
				<Field Name="OtherDriverName" Value=""/>
				<Field Name="InsuranceCompany" Value=""/>
				<Field Name="Registration" Value=""/>
				<Field Name="VehicleColour" Value=""/>
				<Field Name="VehicleModel" Value=""/>
				<Field Name="VehicleMake" Value=""/>
				<Field Name="OwnerPhone" Value=""/>
				<Field Name="OwnerAddress" Value=""/>
				<Field Name="OwnerName" Value=""/>
				<Field Name="OtherRecovery" Value=""/>
				<Field Name="OtherVehicleDamage" Value=""/>
				<Field Name="YourRecovery" Value=""/>
				<Field Name="YourVehicleDamage" Value=""/>
				<Field Name="AccidentDetails" Value=""/>
				<Field Name="Location" Value=""/>
				<Field Name="Conditions" Value=""/>
				<Field Name="AccidentTime" Value=""/>
				<Field Name="AccidentDate" Value=""/>
				<Field Name="FileCount" Value="2"/>
				<Field Name="RenameSchema" Value="Accident Form -  "/>
				<Field Name="Section" Value="Insurance and Financial Services"/>
				<Field Name="UserHomeFolder" Value="\\NUAN-MOBAD01\HOME\DANIEL_LARABIE"/>
				<Field Name="UserEmail" Value="daniel.larabie@nuance.com"/>
				<Field Name="UserName" Value="daniel_larabie"/>
				<Field Name="FormName" Value="Accident Damage Report"/>
				<Field Name="JobID" Value="2675295154-63709-17822-156-234"/>
			</KnowledgeFields>
		</KnowledgeObject>
	</KnowledgeObjects>
</AutoStore>
