<?xml version="1.0" encoding="utf-8"?>
<AutoStore NSI_SIG2="8F44FF09515B30064C2580A7718C2E5562700167B86829454249D7FF4CC024C864F7BAA0F6A4BACF971BA3BAC9C46EC6">
	<Header Version="2" DateCreated="2018-03-13" TimeCreated="14:05:44" AUTHOR="" COMMENTS=""/>
	<KnowledgeObjects ObjID="607881286-64697-19100-190-24">
		<KnowledgeObject ObjID="2143464795-31455-17773-163-232">
			<KnowledgeDocuments>
				<KnowledgeDocument Type="png" Name="Signed_201803131405389505.png" ObjID="1033105511-10875-18271-137-49" DocRef="3457326006-12663-18026-176-41.dat"/>
				<KnowledgeDocument Type="TXT" Name="TimeSheet.TXT" ObjID="2605010208-31093-17243-181-240" DocRef="2027192770-62889-18079-161-19.dat"/>
			</KnowledgeDocuments>
			<KnowledgeFields>
				<Field Name="ContractorName" Value="Jeffpelliconi Jeffpelliconi"/>
				<Field Name="Signature" Value="C:\Nuance\MobileDemo\Home\WebCapture\WORK\7003028e-722e-4794-87f3-5032b43c506e\Signed_201803131405389505.png"/>
				<Field Name="ContractorID" Value="jeffpelliconi"/>
				<Field Name="FriHours" Value=""/>
				<Field Name="FriEnd" Value=""/>
				<Field Name="FriStart" Value=""/>
				<Field Name="ThuHours" Value=""/>
				<Field Name="ThuEnd" Value=""/>
				<Field Name="ThuStart" Value=""/>
				<Field Name="WedHours" Value=""/>
				<Field Name="WedEnd" Value=""/>
				<Field Name="WedStart" Value=""/>
				<Field Name="TueHours" Value=""/>
				<Field Name="TueEnd" Value=""/>
				<Field Name="TueStart" Value=""/>
				<Field Name="MonHours" Value=""/>
				<Field Name="MonEnd" Value=""/>
				<Field Name="MonStart" Value=""/>
				<Field Name="WeekEnding" Value="14-03-2018"/>
				<Field Name="TimeSheetID" Value="0000093"/>
				<Field Name="TotalHours" Value=""/>
				<Field Name="Submitted" Value="13-03-2018"/>
				<Field Name="UserName" Value="jeffpelliconi"/>
				<Field Name="UserEmail" Value="Jeffrey.pelliconi@nuance.com"/>
				<Field Name="UserHomeFolder" Value="\\NUAN-MOBAD01\HOME\Jeffpelliconi"/>
				<Field Name="FormName" Value="Submit TimeSheet"/>
				<Field Name="JobID" Value="2143464795-31455-17773-163-232"/>
			</KnowledgeFields>
		</KnowledgeObject>
	</KnowledgeObjects>
</AutoStore>
