<?xml version="1.0" encoding="utf-8"?>
<AutoStore NSI_SIG2="A5CCAA933E5DB4350C7DA0996C75BE82708FE5ADD73F8A84BE84558262D324C6827DE2C37C9B9ED99E708CAE920D74AE">
	<Header Version="2" DateCreated="2018-03-21" TimeCreated="23:54:45" AUTHOR="" COMMENTS=""/>
	<KnowledgeObjects ObjID="4081196444-45472-18064-129-203">
		<KnowledgeObject ObjID="4083156776-38478-17469-137-32">
			<KnowledgeDocuments>
				<KnowledgeDocument Type="pdf" Name="Patient ID Labels0001.pdf" ObjID="3898636006-12508-19617-178-235" DocRef="583684913-43914-19121-161-74.dat"/>
			</KnowledgeDocuments>
			<KnowledgeFields>
				<Field Name="RenameSchema" Value="Protected File"/>
				<Field Name="Section" Value="Security and GDPR"/>
				<Field Name="UserHomeFolder" Value="\\NUAN-MOBAD01\HOME\michael.wood"/>
				<Field Name="UserEmail" Value="michael.wood@ricoh.co.uk"/>
				<Field Name="UserName" Value="michael.wood"/>
				<Field Name="FormName" Value="Protected PDF"/>
				<Field Name="JobID" Value="4083156776-38478-17469-137-32"/>
				<Field Name="OwnerPassword" Value="Pass"/>
				<Field Name="UserPassword" Value="Michael.wood"/>
			</KnowledgeFields>
		</KnowledgeObject>
	</KnowledgeObjects>
</AutoStore>
