<?xml version="1.0" encoding="utf-8"?>
<AutoStore NSI_SIG2="70693DA690D4FE6456CAC0F7CFAB888752FCFDD7614807F3738DB00A026AF22C128EE4A02378342BEE06D9D86BFD297D">
	<Header Version="2" DateCreated="2018-05-21" TimeCreated="13:31:56" AUTHOR="" COMMENTS=""/>
	<KnowledgeObjects ObjID="3106639619-16299-16460-134-239">
		<KnowledgeObject ObjID="2041770733-2961-19305-128-199">
			<KnowledgeDocuments>
				<KnowledgeDocument Type="pdf" Name="POD-Address Labels.pdf" ObjID="218095462-13347-19567-190-254" DocRef="520858274-56024-18546-189-1.dat"/>
				<KnowledgeDocument Type="png" Name="Signature_201805211331512884.png" ObjID="2506817196-15947-18994-170-41" DocRef="2755456352-18301-17907-168-25.dat"/>
			</KnowledgeDocuments>
			<KnowledgeFields>
				<Field Name="DeliveryTime" Value="13:31"/>
				<Field Name="DeliveryDate" Value="21/05/2018"/>
				<Field Name="Driver" Value="ger5000"/>
				<Field Name="SignatureName" Value="Higgens"/>
				<Field Name="DeliveryID" Value="1234567890"/>
				<Field Name="Surname" Value="Campbell-Higgens"/>
				<Field Name="Firstname" Value="John"/>
				<Field Name="Address" Value="Ainsworth Road, Bolton"/>
				<Field Name="Postcode" Value="BL3 1RB"/>
				<Field Name="Signature" Value="C:\Nuance\MobileDemo\Home\WebCapture\WORK\295c7710-6f86-4b2b-ba6f-549f9f505e68\Signature_201805211331512884.png"/>
				<Field Name="GPS" Value="53.449155, -6.2193181"/>
				<Field Name="UserName" Value="ger5000"/>
				<Field Name="UserEmail" Value="gmcgricoh@gmail.com"/>
				<Field Name="UserHomeFolder" Value="\\NUAN-MOBAD01\HOME\ger5000"/>
				<Field Name="FormName" Value="Delivery Acceptance"/>
				<Field Name="JobID" Value="2041770733-2961-19305-128-199"/>
			</KnowledgeFields>
		</KnowledgeObject>
	</KnowledgeObjects>
</AutoStore>
