<?xml version="1.0" encoding="utf-8"?>
<AutoStore NSI_SIG2="F44899B2D8360FBC536A154A84B6A6B416767827C623D1E13B5195619EF077495E9E79DA9DFDC17BFAD7AABF0C96A7B9">
	<Header Version="2" DateCreated="2019-06-19" TimeCreated="10:19:23" AUTHOR="" COMMENTS=""/>
	<KnowledgeObjects ObjID="4102635045-45542-16941-150-189">
		<KnowledgeObject ObjID="4057892901-14007-18083-171-5">
			<KnowledgeDocuments>
				<KnowledgeDocument Type="jpg" Name="cdv_photo_002.jpg" ObjID="3172618141-7363-17236-163-247" DocRef="2410042677-9305-20329-182-85.dat"/>
				<KnowledgeDocument Type="png" Name="Sketch_201906191019222403.png" ObjID="3413558172-21036-19328-168-179" DocRef="3601219162-17377-19818-130-229.dat"/>
			</KnowledgeDocuments>
			<KnowledgeFields>
				<Field Name="WitnessMobile2" Value=""/>
				<Field Name="WitnessPhone2" Value=""/>
				<Field Name="WitnessAddress2" Value=""/>
				<Field Name="WitnessName2" Value=""/>
				<Field Name="WitnessMobile1" Value=""/>
				<Field Name="WitnessPhone1" Value=""/>
				<Field Name="WitnessAddress1" Value=""/>
				<Field Name="WitnessName1" Value=""/>
				<Field Name="OtherInfor" Value=""/>
				<Field Name="BadgeNumber" Value=""/>
				<Field Name="Phone" Value=""/>
				<Field Name="Department" Value=""/>
				<Field Name="OfficerName" Value=""/>
				<Field Name="OtherInjuries" Value="Cut head"/>
				<Field Name="OtherPassenger" Value="1"/>
				<Field Name="YourInjuries" Value="Baldy"/>
				<Field Name="YourPassengers" Value=""/>
				<Field Name="OtherDriverPhone" Value="Gt"/>
				<Field Name="OtherDriverAddress" Value="Gt"/>
				<Field Name="OtherDriverName" Value="Gr"/>
				<Field Name="InsuranceCompany" Value="Tele"/>
				<Field Name="Registration" Value="Ggggg"/>
				<Field Name="VehicleColour" Value="Black"/>
				<Field Name="VehicleModel" Value="A6"/>
				<Field Name="VehicleMake" Value="Audi"/>
				<Field Name="OwnerPhone" Value="09"/>
				<Field Name="OwnerAddress" Value="Gg"/>
				<Field Name="OwnerName" Value="Gtomlinson"/>
				<Field Name="OtherRecovery" Value="None"/>
				<Field Name="OtherVehicleDamage" Value="None"/>
				<Field Name="YourRecovery" Value="Sos"/>
				<Field Name="YourVehicleDamage" Value="Audi"/>
				<Field Name="AccidentDetails" Value="Broken bumper"/>
				<Field Name="Location" Value="Merlin Centre, County Oak Way, Crawley RH11 7XA, UK"/>
				<Field Name="Conditions" Value="Cloudy"/>
				<Field Name="AccidentTime" Value="10am"/>
				<Field Name="AccidentDate" Value="6/19/2019"/>
				<Field Name="FileCount" Value="2"/>
				<Field Name="RenameSchema" Value="Accident Form - 6/19/2019 10am"/>
				<Field Name="Section" Value="Insurance and Financial Services"/>
				<Field Name="UserHomeFolder" Value="\\NUAN-MOBAD01\HOME\Gary.tomlinson"/>
				<Field Name="UserEmail" Value="gary.tomlinson@sossystems.co.uk"/>
				<Field Name="UserName" Value="Gary.tomlinson"/>
				<Field Name="FormName" Value="Accident Damage Report"/>
				<Field Name="JobID" Value="4057892901-14007-18083-171-5"/>
			</KnowledgeFields>
		</KnowledgeObject>
	</KnowledgeObjects>
</AutoStore>
