<?xml version="1.0" encoding="utf-8"?>
<AutoStore NSI_SIG2="074459682DF12E856B48BA27E87A90A03AF0AD23A8C1F20C798989358C0AE9458C0236BC01627F01BA47457CCD60F996">
	<Header Version="2" DateCreated="2019-07-18" TimeCreated="14:45:02" AUTHOR="" COMMENTS=""/>
	<KnowledgeObjects ObjID="1366106346-61497-18515-184-123">
		<KnowledgeObject ObjID="896640841-13707-16567-138-51">
			<KnowledgeDocuments>
				<KnowledgeDocument Type="pdf" Name="Blood Bag ID Labels.pdf" ObjID="3132242666-56175-18283-175-148" DocRef="577956341-28995-20191-130-55.dat"/>
				<KnowledgeDocument Type="png" Name="Sketch_201907181445022409.png" ObjID="4172884457-15908-18039-148-122" DocRef="647583127-12380-19560-187-103.dat"/>
			</KnowledgeDocuments>
			<KnowledgeFields>
				<Field Name="WitnessMobile2" Value=""/>
				<Field Name="WitnessPhone2" Value=""/>
				<Field Name="WitnessAddress2" Value=""/>
				<Field Name="WitnessName2" Value=""/>
				<Field Name="WitnessMobile1" Value=""/>
				<Field Name="WitnessPhone1" Value=""/>
				<Field Name="WitnessAddress1" Value=""/>
				<Field Name="WitnessName1" Value=""/>
				<Field Name="OtherInfor" Value=""/>
				<Field Name="BadgeNumber" Value=""/>
				<Field Name="Phone" Value=""/>
				<Field Name="Department" Value=""/>
				<Field Name="OfficerName" Value=""/>
				<Field Name="OtherInjuries" Value=""/>
				<Field Name="OtherPassenger" Value=""/>
				<Field Name="YourInjuries" Value=""/>
				<Field Name="YourPassengers" Value=""/>
				<Field Name="OtherDriverPhone" Value=""/>
				<Field Name="OtherDriverAddress" Value=""/>
				<Field Name="OtherDriverName" Value=""/>
				<Field Name="InsuranceCompany" Value=""/>
				<Field Name="Registration" Value=""/>
				<Field Name="VehicleColour" Value=""/>
				<Field Name="VehicleModel" Value=""/>
				<Field Name="VehicleMake" Value=""/>
				<Field Name="OwnerPhone" Value=""/>
				<Field Name="OwnerAddress" Value=""/>
				<Field Name="OwnerName" Value=""/>
				<Field Name="OtherRecovery" Value=""/>
				<Field Name="OtherVehicleDamage" Value=""/>
				<Field Name="YourRecovery" Value=""/>
				<Field Name="YourVehicleDamage" Value=""/>
				<Field Name="AccidentDetails" Value="Test"/>
				<Field Name="Location" Value="1234 Parkside Dr, Batavia, OH 45103, USA"/>
				<Field Name="Conditions" Value="Wet"/>
				<Field Name="AccidentTime" Value="10:41"/>
				<Field Name="AccidentDate" Value="7/18/2019"/>
				<Field Name="FileCount" Value="2"/>
				<Field Name="RenameSchema" Value="Accident Form - 7/18/2019 10:41"/>
				<Field Name="Section" Value="Insurance and Financial Services"/>
				<Field Name="UserHomeFolder" Value="\\NUAN-MOBAD01\HOME\ttreinen2"/>
				<Field Name="UserEmail" Value="todd.treinen@ricoh-usa.com"/>
				<Field Name="UserName" Value="ttreinen2"/>
				<Field Name="FormName" Value="Accident Damage Report"/>
				<Field Name="JobID" Value="896640841-13707-16567-138-51"/>
			</KnowledgeFields>
		</KnowledgeObject>
	</KnowledgeObjects>
</AutoStore>
