<?xml version="1.0" encoding="utf-8"?>
<AutoStore NSI_SIG2="A8142B281B00EAAD86880233C130F98AB6E2AA799B79D289C9E371854F5E915986DC403B31078F13E4A0351F39B2D878">
	<Header Version="2" DateCreated="2018-04-24" TimeCreated="19:49:18" AUTHOR="" COMMENTS=""/>
	<KnowledgeObjects ObjID="349610634-7227-19887-190-150">
		<KnowledgeObject ObjID="1899214259-30575-18611-168-106">
			<KnowledgeDocuments>
				<KnowledgeDocument Type="pdf" Name="Prob11H - Nicholas g Parillo - 00001.pdf" ObjID="2710644544-14942-20379-171-206" DocRef="654950639-31975-17965-168-128.dat"/>
				<KnowledgeDocument Type="png" Name="Signature_201804241949153043.png" ObjID="3456439226-48486-18734-174-213" DocRef="3198136573-19351-19060-148-254.dat"/>
			</KnowledgeDocuments>
			<KnowledgeFields>
				<Field Name="DeliveryTime" Value="19:49"/>
				<Field Name="DeliveryDate" Value="24/04/2018"/>
				<Field Name="Driver" Value="xodice"/>
				<Field Name="SignatureName" Value="Mister"/>
				<Field Name="DeliveryID" Value="http://www.facebook.com/360safe"/>
				<Field Name="Surname" Value=""/>
				<Field Name="Firstname" Value=""/>
				<Field Name="Address" Value=""/>
				<Field Name="Postcode" Value=""/>
				<Field Name="Signature" Value="C:\Nuance\MobileDemo\Home\WebCapture\WORK\e9c589a9-a520-476e-81e7-be6cb498ef8e\Signature_201804241949153043.png"/>
				<Field Name="GPS" Value="43.29994353530183, -72.47367279699239"/>
				<Field Name="UserName" Value="xodice"/>
				<Field Name="UserEmail" Value="Nparillo@ssdvermont.com"/>
				<Field Name="UserHomeFolder" Value="\\NUAN-MOBAD01\HOME\Xodice"/>
				<Field Name="FormName" Value="Delivery Acceptance"/>
				<Field Name="JobID" Value="1899214259-30575-18611-168-106"/>
			</KnowledgeFields>
		</KnowledgeObject>
	</KnowledgeObjects>
</AutoStore>
