<?xml version="1.0" encoding="utf-8"?>
<AutoStore NSI_SIG2="23136561755882B5A8A7FB20B6957C213FD830C3D2F06A90A9AEEADD91B617B05B240B99E1EB463448E4A1D10A049142">
	<Header Version="2" DateCreated="2018-10-17" TimeCreated="17:55:35" AUTHOR="" COMMENTS=""/>
	<KnowledgeObjects ObjID="40122982-44313-18122-171-200">
		<KnowledgeObject ObjID="1866293542-48237-18908-135-76">
			<KnowledgeDocuments>
				<KnowledgeDocument Type="pdf" Name="Gml 591-Nicholas parillo - 00001.pdf" ObjID="3705768764-50625-19414-176-255" DocRef="1695903305-45534-19394-151-248.dat"/>
				<KnowledgeDocument Type="png" Name="Signature_201810171755305785.png" ObjID="833845612-38757-17937-164-79" DocRef="1086941132-29793-17700-135-244.dat"/>
			</KnowledgeDocuments>
			<KnowledgeFields>
				<Field Name="DeliveryTime" Value="17:55"/>
				<Field Name="DeliveryDate" Value="17/10/2018"/>
				<Field Name="Driver" Value="xodice"/>
				<Field Name="SignatureName" Value="Thomas P. Harrington ascutney,vermont"/>
				<Field Name="DeliveryID" Value="%WH91510146090075279311^PARILLO/NICHOLAS/G^BN610097^PC9999^RGPDPIND^DI10/06/2018?"/>
				<Field Name="Surname" Value=""/>
				<Field Name="Firstname" Value=""/>
				<Field Name="Address" Value=""/>
				<Field Name="Postcode" Value=""/>
				<Field Name="Signature" Value="C:\Nuance\MobileDemo\Home\WebCapture\WORK\58a5c6ce-07f1-48b7-aef0-2f26e5e7589f\Signature_201810171755305785.png"/>
				<Field Name="GPS" Value="43.29973110880012, -72.47390347420624"/>
				<Field Name="UserName" Value="xodice"/>
				<Field Name="UserEmail" Value="Nparillo@ssdvermont.com"/>
				<Field Name="UserHomeFolder" Value="\\NUAN-MOBAD01\HOME\Xodice"/>
				<Field Name="FormName" Value="Delivery Acceptance"/>
				<Field Name="JobID" Value="1866293542-48237-18908-135-76"/>
			</KnowledgeFields>
		</KnowledgeObject>
	</KnowledgeObjects>
</AutoStore>
