<?xml version="1.0" encoding="utf-8"?>
<AutoStore NSI_SIG2="249CC73312730024692A97A0E1DE7565B59B612B840A7B62341F088F28F2D46FB666F8F9B69DE25C9E14B7BF75A6BAD7">
	<Header Version="2" DateCreated="2018-05-26" TimeCreated="14:39:23" AUTHOR="" COMMENTS=""/>
	<KnowledgeObjects ObjID="2014808886-6920-17080-178-100">
		<KnowledgeObject ObjID="795947212-15654-19457-148-234">
			<KnowledgeDocuments>
				<KnowledgeDocument Type="html" Name="ford_429_1@msn.com_(XODICE_(this_PC))_-_Dropbox.html" ObjID="134650214-38991-16648-141-122" DocRef="2357533080-21358-17579-162-34.dat"/>
				<KnowledgeDocument Type="png" Name="Signature_201805261439158454.png" ObjID="2127960161-36292-18528-188-147" DocRef="3405177910-13716-19191-172-241.dat"/>
			</KnowledgeDocuments>
			<KnowledgeFields>
				<Field Name="DeliveryTime" Value="14:39"/>
				<Field Name="DeliveryDate" Value="26/05/2018"/>
				<Field Name="Driver" Value="xodice"/>
				<Field Name="SignatureName" Value="Mister"/>
				<Field Name="DeliveryID" Value="0072790000119"/>
				<Field Name="Surname" Value=""/>
				<Field Name="Firstname" Value=""/>
				<Field Name="Address" Value=""/>
				<Field Name="Postcode" Value=""/>
				<Field Name="Signature" Value="C:\Nuance\MobileDemo\Home\WebCapture\WORK\4de3ed39-e4ee-4e93-80a5-61acf24f39fe\Signature_201805261439158454.png"/>
				<Field Name="GPS" Value="43.29960895378513, -72.47373935983445"/>
				<Field Name="UserName" Value="xodice"/>
				<Field Name="UserEmail" Value="Nparillo@ssdvermont.com"/>
				<Field Name="UserHomeFolder" Value="\\NUAN-MOBAD01\HOME\Xodice"/>
				<Field Name="FormName" Value="Delivery Acceptance"/>
				<Field Name="JobID" Value="795947212-15654-19457-148-234"/>
			</KnowledgeFields>
		</KnowledgeObject>
	</KnowledgeObjects>
</AutoStore>
