<?xml version="1.0" encoding="utf-8"?>
<AutoStore NSI_SIG2="2542F2569EE2C20177927D62780378E2059F77D37417FB81FEB65AE610668E06D90D3C52CB0E8DBE8F432AFAADB22DC0">
	<Header Version="2" DateCreated="2018-02-28" TimeCreated="16:24:27" AUTHOR="" COMMENTS=""/>
	<KnowledgeObjects ObjID="3616994339-35411-18565-164-100">
		<KnowledgeObject ObjID="3279389531-55770-19997-180-203">
			<KnowledgeDocuments>
				<KnowledgeDocument Type="pdf" Name="CustomerIDLabels.pdf" ObjID="3936874310-26403-17907-139-96" DocRef="909623345-18069-16602-186-84.dat"/>
			</KnowledgeDocuments>
			<KnowledgeFields>
				<Field Name="DocClass" Value="Not Found"/>
				<Field Name="UserName" Value="johnnewman"/>
				<Field Name="UserEmail" Value="jnewman@workflow-group.co.uk"/>
				<Field Name="UserHomeFolder" Value="\\NUAN-MOBAD01\HOME\Johnnewman"/>
				<Field Name="FormName" Value="Classification Example"/>
				<Field Name="JobID" Value="3279389531-55770-19997-180-203"/>
				<Field Name="Section" Value="Security and GDPR"/>
				<Field Name="RequestType" Value="Email"/>
			</KnowledgeFields>
		</KnowledgeObject>
	</KnowledgeObjects>
</AutoStore>
