<?xml version="1.0" encoding="utf-8"?>
<AutoStore NSI_SIG2="A3CC7D0DC1F6268E48921A7AE9554241647FFA5CE94670D957483EA74BDE7D153982F9CA1C341B682A44331542541076">
	<Header Version="2" DateCreated="2018-01-18" TimeCreated="11:47:08" AUTHOR="" COMMENTS=""/>
	<KnowledgeObjects ObjID="1130504302-49443-18361-135-167">
		<KnowledgeObject ObjID="2534018811-13309-18145-184-159">
			<KnowledgeDocuments>
				<KnowledgeDocument Type="png" Name="Signed_201801181147027874.png" ObjID="3788709241-45078-16567-179-30" DocRef="1874932519-21994-16990-184-135.dat"/>
				<KnowledgeDocument Type="TXT" Name="TimeSheet.TXT" ObjID="1122407885-45266-17652-166-48" DocRef="2727031557-63179-17254-155-19.dat"/>
			</KnowledgeDocuments>
			<KnowledgeFields>
				<Field Name="ContractorName" Value="ian.dixon ian.dixon"/>
				<Field Name="Signature" Value="C:\Nuance\MobileDemo\Home\WebCapture\WORK\9f4195ed-f6d9-493f-a423-13f6b021befa\Signed_201801181147027874.png"/>
				<Field Name="ContractorID" Value="ian.dixon"/>
				<Field Name="FriHours" Value="08:00"/>
				<Field Name="FriEnd" Value="17:00"/>
				<Field Name="FriStart" Value="9:00"/>
				<Field Name="ThuHours" Value="08:00"/>
				<Field Name="ThuEnd" Value="17:00"/>
				<Field Name="ThuStart" Value="9:00"/>
				<Field Name="WedHours" Value="08:00"/>
				<Field Name="WedEnd" Value="17:00"/>
				<Field Name="WedStart" Value="9:00"/>
				<Field Name="TueHours" Value="08:00"/>
				<Field Name="TueEnd" Value="17:00"/>
				<Field Name="TueStart" Value="9:00"/>
				<Field Name="MonHours" Value="08:00"/>
				<Field Name="MonEnd" Value="17:00"/>
				<Field Name="MonStart" Value="9:00"/>
				<Field Name="WeekEnding" Value="19-01-2018"/>
				<Field Name="TimeSheetID" Value="0000066"/>
				<Field Name="TotalHours" Value="40:00"/>
				<Field Name="Submitted" Value="18-01-2018"/>
				<Field Name="UserName" Value="ian.dixon"/>
				<Field Name="UserEmail" Value="ian.dixon100@gmail.com"/>
				<Field Name="UserHomeFolder" Value="\\NUAN-MOBAD01\HOME\ian.dixon"/>
				<Field Name="FormName" Value="Submit TimeSheet"/>
				<Field Name="JobID" Value="2534018811-13309-18145-184-159"/>
			</KnowledgeFields>
		</KnowledgeObject>
	</KnowledgeObjects>
</AutoStore>
