<?xml version="1.0" encoding="utf-8"?>
<AutoStore NSI_SIG2="447F2FF1D011B21D122576A0D7792C1FD83A264B97E7FE3E16CC39B29B08817E345C972F7C3DE928856877515151F956">
	<Header Version="2" DateCreated="2018-01-22" TimeCreated="23:25:20" AUTHOR="" COMMENTS=""/>
	<KnowledgeObjects ObjID="649063970-1735-19508-182-149">
		<KnowledgeObject ObjID="3476364833-37222-16910-186-68">
			<KnowledgeDocuments>
				<KnowledgeDocument Type="TXT" Name="TimeSheet.TXT" ObjID="377527502-62576-16900-169-139" DocRef="4035529482-34659-19157-139-10.dat"/>
			</KnowledgeDocuments>
			<KnowledgeFields>
				<Field Name="ContractorName" Value="~WCC::User,%displayName%~"/>
				<Field Name="Signature" Value=""/>
				<Field Name="ContractorID" Value="brianmcc"/>
				<Field Name="FriHours" Value=""/>
				<Field Name="FriEnd" Value=""/>
				<Field Name="FriStart" Value=""/>
				<Field Name="ThuHours" Value=""/>
				<Field Name="ThuEnd" Value=""/>
				<Field Name="ThuStart" Value=""/>
				<Field Name="WedHours" Value=""/>
				<Field Name="WedEnd" Value=""/>
				<Field Name="WedStart" Value=""/>
				<Field Name="TueHours" Value=""/>
				<Field Name="TueEnd" Value=""/>
				<Field Name="TueStart" Value=""/>
				<Field Name="MonHours" Value=""/>
				<Field Name="MonEnd" Value=""/>
				<Field Name="MonStart" Value=""/>
				<Field Name="WeekEnding" Value="22-01-2018"/>
				<Field Name="TimeSheetID" Value="0000069"/>
				<Field Name="TotalHours" Value=""/>
				<Field Name="Submitted" Value="22-01-2018"/>
				<Field Name="UserName" Value="brianmcc"/>
				<Field Name="UserEmail" Value="Brian.McCreary@nuance.com"/>
				<Field Name="UserHomeFolder" Value="\\NUAN-MOBAD01\HOME\brianmcc"/>
				<Field Name="FormName" Value="Submit TimeSheet"/>
				<Field Name="JobID" Value="3476364833-37222-16910-186-68"/>
			</KnowledgeFields>
		</KnowledgeObject>
	</KnowledgeObjects>
</AutoStore>
