<?xml version="1.0" encoding="utf-8"?>
<AutoStore NSI_SIG2="4C516A152DA894EF549E290B32C5988E6B865331BA21AE1FB43CB4DDBB6C9F0AEA460A2B39A669AF501E29A911D5EB44">
	<Header Version="2" DateCreated="2018-01-02" TimeCreated="12:00:43" AUTHOR="" COMMENTS=""/>
	<KnowledgeObjects ObjID="853092582-52801-17110-128-132">
		<KnowledgeObject ObjID="2471715593-52940-20428-159-29">
			<KnowledgeDocuments>
				<KnowledgeDocument Type="TXT" Name="TimeSheet.TXT" ObjID="2014147458-44491-19744-161-226" DocRef="454035429-458-18903-158-165.dat"/>
			</KnowledgeDocuments>
			<KnowledgeFields>
				<Field Name="ContractorName" Value="JCHNuance JCHNuance"/>
				<Field Name="Signature" Value=""/>
				<Field Name="ContractorID" Value="jchnuance"/>
				<Field Name="FriHours" Value="08:00"/>
				<Field Name="FriEnd" Value="17:00"/>
				<Field Name="FriStart" Value="09:00"/>
				<Field Name="ThuHours" Value="08:00"/>
				<Field Name="ThuEnd" Value="17:00"/>
				<Field Name="ThuStart" Value="09:00"/>
				<Field Name="WedHours" Value="08:00"/>
				<Field Name="WedEnd" Value="17:00"/>
				<Field Name="WedStart" Value="09:00"/>
				<Field Name="TueHours" Value="08:00"/>
				<Field Name="TueEnd" Value="17:00"/>
				<Field Name="TueStart" Value="09:00"/>
				<Field Name="MonHours" Value="08:00"/>
				<Field Name="MonEnd" Value="17:00"/>
				<Field Name="MonStart" Value="09:00"/>
				<Field Name="WeekEnding" Value="02-01-2018"/>
				<Field Name="TimeSheetID" Value="0000060"/>
				<Field Name="TotalHours" Value="40:00"/>
				<Field Name="Submitted" Value="02-01-2018"/>
				<Field Name="UserName" Value="jchnuance"/>
				<Field Name="UserEmail" Value="jch@nuance.com"/>
				<Field Name="UserHomeFolder" Value="\\NUAN-MOBAD01\HOME\JCHNuance"/>
				<Field Name="FormName" Value="Submit TimeSheet"/>
				<Field Name="JobID" Value="2471715593-52940-20428-159-29"/>
			</KnowledgeFields>
		</KnowledgeObject>
	</KnowledgeObjects>
</AutoStore>
