<?xml version="1.0" encoding="utf-8"?>
<AutoStore NSI_SIG2="8106C7430086EE3D88495D1DA22E8F6A06040FA17BAE03E0E2053D89CF28954C32415E20945DD726C6866EF8244F9C85">
	<Header Version="2" DateCreated="2018-01-22" TimeCreated="17:57:26" AUTHOR="" COMMENTS=""/>
	<KnowledgeObjects ObjID="997923763-12204-16435-145-7">
		<KnowledgeObject ObjID="2037820114-2559-18178-191-190">
			<KnowledgeDocuments>
				<KnowledgeDocument Type="png" Name="Signed_201801221757232504.png" ObjID="3798735729-46522-18183-158-124" DocRef="3879421280-208-19979-149-133.dat"/>
				<KnowledgeDocument Type="TXT" Name="TimeSheet.TXT" ObjID="3118441369-12459-18284-130-195" DocRef="3498363148-6412-19281-154-249.dat"/>
			</KnowledgeDocuments>
			<KnowledgeFields>
				<Field Name="ContractorName" Value="~WCC::User,%displayName%~"/>
				<Field Name="Signature" Value="C:\Nuance\MobileDemo\Home\WebCapture\WORK\48bb2dac-cda3-4a12-91e3-fb70a77ba9a4\Signed_201801221757232504.png"/>
				<Field Name="ContractorID" Value="brianmcc"/>
				<Field Name="FriHours" Value=""/>
				<Field Name="FriEnd" Value=""/>
				<Field Name="FriStart" Value=""/>
				<Field Name="ThuHours" Value=""/>
				<Field Name="ThuEnd" Value=""/>
				<Field Name="ThuStart" Value=""/>
				<Field Name="WedHours" Value=""/>
				<Field Name="WedEnd" Value=""/>
				<Field Name="WedStart" Value=""/>
				<Field Name="TueHours" Value=""/>
				<Field Name="TueEnd" Value=""/>
				<Field Name="TueStart" Value=""/>
				<Field Name="MonHours" Value=""/>
				<Field Name="MonEnd" Value=""/>
				<Field Name="MonStart" Value=""/>
				<Field Name="WeekEnding" Value="22-01-2018"/>
				<Field Name="TimeSheetID" Value="0000067"/>
				<Field Name="TotalHours" Value=""/>
				<Field Name="Submitted" Value="22-01-2018"/>
				<Field Name="UserName" Value="brianmcc"/>
				<Field Name="UserEmail" Value="Brian.McCreary@nuance.com"/>
				<Field Name="UserHomeFolder" Value="\\NUAN-MOBAD01\HOME\brianmcc"/>
				<Field Name="FormName" Value="Submit TimeSheet"/>
				<Field Name="JobID" Value="2037820114-2559-18178-191-190"/>
			</KnowledgeFields>
		</KnowledgeObject>
	</KnowledgeObjects>
</AutoStore>
