<?xml version="1.0" encoding="utf-8"?>
<AutoStore NSI_SIG2="7A2068FDD83C858B1D2CC28684048FE59CD8161AFB30BF29BBBC1B09578B7C22BC7299CBF48FC3F15D9BDCE34265BE13">
	<Header Version="2" DateCreated="2018-12-10" TimeCreated="03:53:20" AUTHOR="" COMMENTS=""/>
	<KnowledgeObjects ObjID="2227967114-16292-19007-175-98">
		<KnowledgeObject ObjID="1538605250-60339-19618-181-55">
			<KnowledgeDocuments>
				<KnowledgeDocument Type="htm" Name="Hello,-8.htm" ObjID="2191069901-47912-16451-159-132" DocRef="2644834068-29447-17994-179-128.dat"/>
				<KnowledgeDocument Type="png" Name="Signature_201812100353175702.png" ObjID="1116277773-48293-19748-188-211" DocRef="1356767437-35276-18366-129-25.dat"/>
			</KnowledgeDocuments>
			<KnowledgeFields>
				<Field Name="DeliveryTime" Value="03:53"/>
				<Field Name="DeliveryDate" Value="10/12/2018"/>
				<Field Name="Driver" Value="xodice"/>
				<Field Name="SignatureName" Value="Cliff keen 1992"/>
				<Field Name="DeliveryID" Value="0020010000306000000000000000"/>
				<Field Name="Surname" Value=""/>
				<Field Name="Firstname" Value=""/>
				<Field Name="Address" Value=""/>
				<Field Name="Postcode" Value=""/>
				<Field Name="Signature" Value="C:\Nuance\MobileDemo\Home\WebCapture\WORK\cc2bd735-d694-4d7b-b6e8-6a8e8f2d94b7\Signature_201812100353175702.png"/>
				<Field Name="GPS" Value="43.29972428748623, -72.47383139113717"/>
				<Field Name="UserName" Value="xodice"/>
				<Field Name="UserEmail" Value="Nparillo@ssdvermont.com"/>
				<Field Name="UserHomeFolder" Value="\\NUAN-MOBAD01\HOME\Xodice"/>
				<Field Name="FormName" Value="Delivery Acceptance"/>
				<Field Name="JobID" Value="1538605250-60339-19618-181-55"/>
			</KnowledgeFields>
		</KnowledgeObject>
	</KnowledgeObjects>
</AutoStore>
