<?xml version="1.0" encoding="utf-8"?>
<AutoStore NSI_SIG2="73EA5EEC02A2C9EA8D6B4F4CC04950EA5EFF8B57F3EA40F73299E0993E902B466142615CE2E0528BF07052DB640F3CAD">
	<Header Version="2" DateCreated="2020-04-17" TimeCreated="06:20:17" AUTHOR="" COMMENTS=""/>
	<KnowledgeObjects ObjID="2255151203-6620-17926-140-213">
		<KnowledgeObject ObjID="1153853181-24891-16815-190-208">
			<KnowledgeDocuments>
				<KnowledgeDocument Type="jpg" Name="1587129606324.jpg" ObjID="3429432134-15226-19226-149-212" DocRef="2746989405-10724-17344-178-65.dat"/>
				<KnowledgeDocument Type="png" Name="Sketch_202004170620171875.png" ObjID="2844682069-21752-18180-145-252" DocRef="879105974-44677-16989-161-144.dat"/>
			</KnowledgeDocuments>
			<KnowledgeFields>
				<Field Name="WitnessMobile2" Value=""/>
				<Field Name="WitnessPhone2" Value=""/>
				<Field Name="WitnessAddress2" Value=""/>
				<Field Name="WitnessName2" Value=""/>
				<Field Name="WitnessMobile1" Value=""/>
				<Field Name="WitnessPhone1" Value=""/>
				<Field Name="WitnessAddress1" Value=""/>
				<Field Name="WitnessName1" Value=""/>
				<Field Name="OtherInfor" Value=""/>
				<Field Name="BadgeNumber" Value=""/>
				<Field Name="Phone" Value=""/>
				<Field Name="Department" Value=""/>
				<Field Name="OfficerName" Value=""/>
				<Field Name="OtherInjuries" Value=""/>
				<Field Name="OtherPassenger" Value=""/>
				<Field Name="YourInjuries" Value=""/>
				<Field Name="YourPassengers" Value=""/>
				<Field Name="OtherDriverPhone" Value=""/>
				<Field Name="OtherDriverAddress" Value=""/>
				<Field Name="OtherDriverName" Value=""/>
				<Field Name="InsuranceCompany" Value=""/>
				<Field Name="Registration" Value=""/>
				<Field Name="VehicleColour" Value=""/>
				<Field Name="VehicleModel" Value=""/>
				<Field Name="VehicleMake" Value=""/>
				<Field Name="OwnerPhone" Value=""/>
				<Field Name="OwnerAddress" Value=""/>
				<Field Name="OwnerName" Value=""/>
				<Field Name="OtherRecovery" Value=""/>
				<Field Name="OtherVehicleDamage" Value=""/>
				<Field Name="YourRecovery" Value=""/>
				<Field Name="YourVehicleDamage" Value=""/>
				<Field Name="AccidentDetails" Value=""/>
				<Field Name="Location" Value="1190 Creekstone Dr, Batavia, OH 45103, USA"/>
				<Field Name="Conditions" Value="Wet"/>
				<Field Name="AccidentTime" Value="11am"/>
				<Field Name="AccidentDate" Value="4/16/2020"/>
				<Field Name="FileCount" Value="2"/>
				<Field Name="RenameSchema" Value="Accident Form - 4/16/2020 11am"/>
				<Field Name="Section" Value="Insurance and Financial Services"/>
				<Field Name="UserHomeFolder" Value="\\US01VMBCMD01\HOME\ttreinen"/>
				<Field Name="UserEmail" Value="toddt@cinci.rr.com"/>
				<Field Name="UserName" Value="ttreinen"/>
				<Field Name="FormName" Value="Accident Damage Report"/>
				<Field Name="JobID" Value="1153853181-24891-16815-190-208"/>
			</KnowledgeFields>
		</KnowledgeObject>
	</KnowledgeObjects>
</AutoStore>
