<?xml version="1.0" encoding="utf-8"?>
<AutoStore NSI_SIG2="CA168BE71AED6F10129928B0B0B00C65699617C0D3B449B3B760F0E4A037CFEA4B9846D22F4FE0C419E7A06262B8AB8E">
	<Header Version="2" DateCreated="2018-04-07" TimeCreated="14:18:39" AUTHOR="" COMMENTS=""/>
	<KnowledgeObjects ObjID="2343619557-51742-20294-158-60">
		<KnowledgeObject ObjID="3203637921-35157-20329-162-153">
			<KnowledgeDocuments>
				<KnowledgeDocument Type="jpg" Name="cdv_photo_001.jpg" ObjID="4149851795-24495-18408-153-71" DocRef="52195284-62390-17953-167-39.dat"/>
			</KnowledgeDocuments>
			<KnowledgeFields>
				<Field Name="VisitParking" Value="Yes"/>
				<Field Name="VisitCarReg" Value="Ertyu"/>
				<Field Name="VisitorCompany" Value="Nuance"/>
				<Field Name="SelectedVisitor" Value=""/>
				<Field Name="VisitorSurname" Value="Perez"/>
				<Field Name="VisitorFirstname" Value="Erik"/>
				<Field Name="VisitorHost" Value="nuance-erik"/>
				<Field Name="VisitDate" Value="04/07/2018"/>
				<Field Name="UserName" Value="nuance-erik"/>
				<Field Name="UserEmail" Value="erik.perez@nuance.com"/>
				<Field Name="UserHomeFolder" Value="\\NUAN-MOBAD01\HOME\nuance-erik"/>
				<Field Name="FormName" Value="Visitor Badge"/>
				<Field Name="JodID" Value="3203637921-35157-20329-162-153"/>
			</KnowledgeFields>
		</KnowledgeObject>
	</KnowledgeObjects>
</AutoStore>
