<?xml version="1.0" encoding="utf-8"?>
<AutoStore NSI_SIG2="F7892D4AC54B3BA3652E30E505CB3A0129DADD6AEBF6BBD5D1C4457AFAAFCDA04826F7D312D13B419555A0882AD34CAA">
	<Header Version="2" DateCreated="2018-11-30" TimeCreated="16:46:01" AUTHOR="" COMMENTS=""/>
	<KnowledgeObjects ObjID="243016402-48715-17433-129-153">
		<KnowledgeObject ObjID="4019837354-40070-19748-135-108">
			<KnowledgeDocuments>
				<KnowledgeDocument Type="htm" Name="Hello,-3.htm" ObjID="4109426150-11820-19106-175-54" DocRef="1903114241-28479-19793-179-196.dat"/>
			</KnowledgeDocuments>
			<KnowledgeFields>
				<Field Name="VisitParking" Value="Yes"/>
				<Field Name="VisitCarReg" Value="EGS364"/>
				<Field Name="VisitorCompany" Value="ActiproSoftwareLLC.562882FEEB491_24pqs290vpjk0"/>
				<Field Name="SelectedVisitor" Value="2018_04_25_Mister_Nicholas_xodice_1"/>
				<Field Name="VisitorSurname" Value="Mister"/>
				<Field Name="VisitorFirstname" Value="Nicholas"/>
				<Field Name="VisitorHost" Value="xodice"/>
				<Field Name="VisitDate" Value="2018/04/25"/>
				<Field Name="UserName" Value="xodice"/>
				<Field Name="UserEmail" Value="Nparillo@ssdvermont.com"/>
				<Field Name="UserHomeFolder" Value="\\NUAN-MOBAD01\HOME\Xodice"/>
				<Field Name="FormName" Value="Visitor Badge"/>
				<Field Name="JodID" Value="4019837354-40070-19748-135-108"/>
			</KnowledgeFields>
		</KnowledgeObject>
	</KnowledgeObjects>
</AutoStore>
