<?xml version="1.0" encoding="utf-8"?>
<AutoStore NSI_SIG2="5700DBF5AAA43A3378E3601B8CCC501BDBBF24B7314D87CF91332AD54C1F96ACA84972C7EAABB4B2093A697120A332C5">
	<Header Version="2" DateCreated="2018-06-08" TimeCreated="18:28:14" AUTHOR="" COMMENTS=""/>
	<KnowledgeObjects ObjID="567142815-42027-20072-132-36">
		<KnowledgeObject ObjID="312238450-61312-20413-157-109">
			<KnowledgeDocuments>
				<KnowledgeDocument Type="jpg" Name="cdv_photo_001.jpg" ObjID="3148103820-38987-17860-144-58" DocRef="1688486083-57583-19370-189-136.dat"/>
			</KnowledgeDocuments>
			<KnowledgeFields>
				<Field Name="WitnessMobile2" Value=""/>
				<Field Name="WitnessPhone2" Value=""/>
				<Field Name="WitnessAddress2" Value=""/>
				<Field Name="WitnessName2" Value=""/>
				<Field Name="WitnessMobile1" Value=""/>
				<Field Name="WitnessPhone1" Value=""/>
				<Field Name="WitnessAddress1" Value=""/>
				<Field Name="WitnessName1" Value=""/>
				<Field Name="OtherInfor" Value=""/>
				<Field Name="BadgeNumber" Value=""/>
				<Field Name="Phone" Value=""/>
				<Field Name="Department" Value=""/>
				<Field Name="OfficerName" Value=""/>
				<Field Name="OtherInjuries" Value=""/>
				<Field Name="OtherPassenger" Value=""/>
				<Field Name="YourInjuries" Value=""/>
				<Field Name="YourPassengers" Value=""/>
				<Field Name="OtherDriverPhone" Value=""/>
				<Field Name="OtherDriverAddress" Value=""/>
				<Field Name="OtherDriverName" Value=""/>
				<Field Name="InsuranceCompany" Value=""/>
				<Field Name="Registration" Value=""/>
				<Field Name="VehicleColour" Value=""/>
				<Field Name="VehicleModel" Value=""/>
				<Field Name="VehicleMake" Value=""/>
				<Field Name="OwnerPhone" Value=""/>
				<Field Name="OwnerAddress" Value=""/>
				<Field Name="OwnerName" Value=""/>
				<Field Name="OtherRecovery" Value=""/>
				<Field Name="OtherVehicleDamage" Value=""/>
				<Field Name="YourRecovery" Value=""/>
				<Field Name="YourVehicleDamage" Value=""/>
				<Field Name="AccidentDetails" Value=""/>
				<Field Name="Location" Value=""/>
				<Field Name="Conditions" Value=""/>
				<Field Name="AccidentTime" Value=""/>
				<Field Name="AccidentDate" Value=""/>
				<Field Name="FileCount" Value="1"/>
				<Field Name="RenameSchema" Value="Accident Form -  "/>
				<Field Name="Section" Value="Insurance and Financial Services"/>
				<Field Name="UserHomeFolder" Value="\\NUAN-MOBAD01\HOME\KonicaMinoltaMurzzy"/>
				<Field Name="UserEmail" Value="Nathan.murray@bt.konicaminolta.ca"/>
				<Field Name="UserName" Value="konicaminoltamurzzy"/>
				<Field Name="FormName" Value="Accident Damage Report"/>
				<Field Name="JobID" Value="312238450-61312-20413-157-109"/>
			</KnowledgeFields>
		</KnowledgeObject>
	</KnowledgeObjects>
</AutoStore>
