<?xml version="1.0" encoding="utf-8"?>
<AutoStore NSI_SIG2="50D320D9783D31574BB861D06292EA45DF937F1B7995C7D819AD09E6C0E7D1B12C290F8DB011A1AD0D2AED9491F9703B">
	<Header Version="2" DateCreated="2017-12-22" TimeCreated="23:06:37" AUTHOR="" COMMENTS=""/>
	<KnowledgeObjects ObjID="701629277-23024-18113-143-4">
		<KnowledgeObject ObjID="3760441179-48843-17380-155-108">
			<KnowledgeDocuments>
				<KnowledgeDocument Type="TXT" Name="Patient - F_Tim.TXT" ObjID="779519232-48032-17039-176-75" DocRef="1053181473-11211-18639-140-175.dat"/>
			</KnowledgeDocuments>
			<KnowledgeFields>
				<Field Name="Section" Value="Healthcare\Patient Registration"/>
				<Field Name="JobID" Value="3760441179-48843-17380-155-108"/>
				<Field Name="FormName" Value="New Patient Admittance"/>
				<Field Name="UserHomeFolder" Value="\\NUAN-MOBAD01\HOME\Tim Whitmore"/>
				<Field Name="UserEmail" Value="tim.whitmore@ricoh-usa.com"/>
				<Field Name="UserName" Value="tim whitmore"/>
				<Field Name="RenameSchema" Value="Patient - F_Tim"/>
				<Field Name="Forename" Value="Tim"/>
				<Field Name="Surname" Value="F"/>
				<Field Name="SSN" Value="1122"/>
				<Field Name="Street" Value=""/>
				<Field Name="City" Value=""/>
				<Field Name="State" Value=""/>
				<Field Name="ZIP" Value=""/>
				<Field Name="Reason" Value=""/>
			</KnowledgeFields>
		</KnowledgeObject>
	</KnowledgeObjects>
</AutoStore>
