<?xml version="1.0" encoding="utf-8"?>
<AutoStore NSI_SIG2="1541DF1EA6B0AB36AB37094E9A5F092A39ED7293F9270686DF3D00D0354D65ED077E002D646C70FA303CFF95F39AB179">
	<Header Version="2" DateCreated="2018-12-05" TimeCreated="04:59:41" AUTHOR="" COMMENTS=""/>
	<KnowledgeObjects ObjID="1437219360-24018-18673-184-109">
		<KnowledgeObject ObjID="784822628-8994-17936-166-82">
			<KnowledgeDocuments>
				<KnowledgeDocument Type="pdf" Name="fw3.pdf" ObjID="3114772557-21413-16579-141-152" DocRef="3168085251-59488-17894-147-166.dat"/>
				<KnowledgeDocument Type="png" Name="Signature_201812050459369278.png" ObjID="395364429-1892-19587-141-225" DocRef="1580534653-19856-17199-191-1.dat"/>
			</KnowledgeDocuments>
			<KnowledgeFields>
				<Field Name="DeliveryTime" Value="04:59"/>
				<Field Name="DeliveryDate" Value="05/12/2018"/>
				<Field Name="Driver" Value="xodice"/>
				<Field Name="SignatureName" Value="Cliff keen 1992"/>
				<Field Name="DeliveryID" Value="5208004147447"/>
				<Field Name="Surname" Value=""/>
				<Field Name="Firstname" Value=""/>
				<Field Name="Address" Value=""/>
				<Field Name="Postcode" Value=""/>
				<Field Name="Signature" Value="C:\Nuance\MobileDemo\Home\WebCapture\WORK\80872a2e-ec74-474c-81a5-3c4f14f294e6\Signature_201812050459369278.png"/>
				<Field Name="GPS" Value="43.299633802422704, -72.47370525295804"/>
				<Field Name="UserName" Value="xodice"/>
				<Field Name="UserEmail" Value="Nparillo@ssdvermont.com"/>
				<Field Name="UserHomeFolder" Value="\\NUAN-MOBAD01\HOME\Xodice"/>
				<Field Name="FormName" Value="Delivery Acceptance"/>
				<Field Name="JobID" Value="784822628-8994-17936-166-82"/>
			</KnowledgeFields>
		</KnowledgeObject>
	</KnowledgeObjects>
</AutoStore>
