<?xml version="1.0" encoding="utf-8"?>
<AutoStore NSI_SIG2="61AFD68CBAEF6F07BA19A9F80760DBC8EF8991D5252874870553BE347E763CD4F5A63DF5768695F85216D950B1989E7E">
	<Header Version="2" DateCreated="2018-01-15" TimeCreated="09:05:08" AUTHOR="" COMMENTS=""/>
	<KnowledgeObjects ObjID="4209231328-20698-18990-168-62">
		<KnowledgeObject ObjID="1362129917-22137-20200-156-104">
			<KnowledgeDocuments>
				<KnowledgeDocument Type="pdf" Name="3.pdf" ObjID="45971310-35450-19644-163-185" DocRef="2207092164-32694-18527-129-37.dat"/>
			</KnowledgeDocuments>
			<KnowledgeFields>
				<Field Name="AW" Value="No"/>
				<Field Name="QC" Value="No"/>
				<Field Name="WC" Value="No"/>
				<Field Name="AX" Value="No"/>
				<Field Name="AC" Value="No"/>
				<Field Name="OF" Value="No"/>
				<Field Name="BC" Value="No"/>
				<Field Name="OM" Value="No"/>
				<Field Name="SC" Value="Yes"/>
				<Field Name="EQ" Value="No"/>
				<Field Name="EC" Value="No"/>
				<Field Name="UserName" Value="rob93"/>
				<Field Name="UserHomeFolder" Value="\\NUAN-MOBAD01\HOME\Rob93"/>
				<Field Name="UserEmail" Value="robertbrown93@googlemail.com"/>
				<Field Name="FormName" Value="Information Request"/>
				<Field Name="JobID" Value="1362129917-22137-20200-156-104"/>
				<Field Name="Fullname" Value="Chubb"/>
				<Field Name="JobTitle" Value="Ghgh"/>
				<Field Name="Company" Value="Tut"/>
				<Field Name="EmailAddress" Value="Hajj"/>
				<Field Name="PhoneNumber" Value="Bmp"/>
				<Field Name="MobileNumber" Value="Bmp"/>
				<Field Name="Consent" Value="0"/>
				<Field Name="Products" Value="3"/>
				<Field Name="Section" Value="Sales\Information Request"/>
			</KnowledgeFields>
		</KnowledgeObject>
	</KnowledgeObjects>
</AutoStore>
