<?xml version="1.0" encoding="utf-8"?>
<AutoStore NSI_SIG2="603E7719791622B43A034A76003B73489FF2BB94B7EA8345E5F6515AB96E253308E73773ECFF6CFBBE9E04FED516D64C">
	<Header Version="2" DateCreated="2018-04-23" TimeCreated="13:30:37" AUTHOR="" COMMENTS=""/>
	<KnowledgeObjects ObjID="1585426248-42878-19421-168-240">
		<KnowledgeObject ObjID="749773813-48851-19279-165-22">
			<KnowledgeDocuments>
				<KnowledgeDocument Type="png" Name="Sketch_201804231330367925.png" ObjID="2338582150-38578-18871-130-181" DocRef="3027173340-26497-17964-187-254.dat"/>
			</KnowledgeDocuments>
			<KnowledgeFields>
				<Field Name="WitnessMobile2" Value=""/>
				<Field Name="WitnessPhone2" Value=""/>
				<Field Name="WitnessAddress2" Value=""/>
				<Field Name="WitnessName2" Value=""/>
				<Field Name="WitnessMobile1" Value=""/>
				<Field Name="WitnessPhone1" Value=""/>
				<Field Name="WitnessAddress1" Value=""/>
				<Field Name="WitnessName1" Value=""/>
				<Field Name="OtherInfor" Value=""/>
				<Field Name="BadgeNumber" Value=""/>
				<Field Name="Phone" Value=""/>
				<Field Name="Department" Value=""/>
				<Field Name="OfficerName" Value=""/>
				<Field Name="OtherInjuries" Value=""/>
				<Field Name="OtherPassenger" Value=""/>
				<Field Name="YourInjuries" Value=""/>
				<Field Name="YourPassengers" Value=""/>
				<Field Name="OtherDriverPhone" Value=""/>
				<Field Name="OtherDriverAddress" Value=""/>
				<Field Name="OtherDriverName" Value=""/>
				<Field Name="InsuranceCompany" Value=""/>
				<Field Name="Registration" Value=""/>
				<Field Name="VehicleColour" Value=""/>
				<Field Name="VehicleModel" Value=""/>
				<Field Name="VehicleMake" Value=""/>
				<Field Name="OwnerPhone" Value=""/>
				<Field Name="OwnerAddress" Value=""/>
				<Field Name="OwnerName" Value=""/>
				<Field Name="OtherRecovery" Value=""/>
				<Field Name="OtherVehicleDamage" Value=""/>
				<Field Name="YourRecovery" Value=""/>
				<Field Name="YourVehicleDamage" Value=""/>
				<Field Name="AccidentDetails" Value="Mac truck won"/>
				<Field Name="Location" Value="104-106 Colonial Dr, Brick, NJ 08724, USA"/>
				<Field Name="Conditions" Value="Wet"/>
				<Field Name="AccidentTime" Value="8:00"/>
				<Field Name="AccidentDate" Value="4/23/2018"/>
				<Field Name="FileCount" Value="1"/>
				<Field Name="RenameSchema" Value="Accident Form - 4/23/2018 8:00"/>
				<Field Name="Section" Value="Insurance and Financial Services"/>
				<Field Name="UserHomeFolder" Value="\\NUAN-MOBAD01\HOME\Emehlig"/>
				<Field Name="UserEmail" Value="erich.mehlig@nuance.com"/>
				<Field Name="UserName" Value="emehlig"/>
				<Field Name="FormName" Value="Accident Damage Report"/>
				<Field Name="JobID" Value="749773813-48851-19279-165-22"/>
			</KnowledgeFields>
		</KnowledgeObject>
	</KnowledgeObjects>
</AutoStore>
