<?xml version="1.0" encoding="utf-8"?>
<AutoStore NSI_SIG2="B2757945546446BBCC031DFF142285D973299C9496330D0A97E3A94FEE0F58BD444595E3A08F66337982D1C1A93B0724">
	<Header Version="2" DateCreated="2018-03-23" TimeCreated="16:05:15" AUTHOR="" COMMENTS=""/>
	<KnowledgeObjects ObjID="1613994266-48204-17183-142-198">
		<KnowledgeObject ObjID="2429935980-13868-18382-183-38">
			<KnowledgeDocuments>
				<KnowledgeDocument Type="png" Name="Signed_201803231605108854.png" ObjID="3627906798-22812-19288-144-225" DocRef="516060882-63710-19851-162-235.dat"/>
				<KnowledgeDocument Type="TXT" Name="TimeSheet.TXT" ObjID="3909880368-64243-18725-163-211" DocRef="1076243873-13054-17962-130-145.dat"/>
			</KnowledgeDocuments>
			<KnowledgeFields>
				<Field Name="ContractorName" Value="Jeffpelliconi Jeffpelliconi"/>
				<Field Name="Signature" Value="C:\Nuance\MobileDemo\Home\WebCapture\WORK\3074d0de-64db-47cb-b401-7a3c3369611d\Signed_201803231605108854.png"/>
				<Field Name="ContractorID" Value="jeffpelliconi"/>
				<Field Name="FriHours" Value=""/>
				<Field Name="FriEnd" Value=""/>
				<Field Name="FriStart" Value=""/>
				<Field Name="ThuHours" Value=""/>
				<Field Name="ThuEnd" Value=""/>
				<Field Name="ThuStart" Value=""/>
				<Field Name="WedHours" Value=""/>
				<Field Name="WedEnd" Value=""/>
				<Field Name="WedStart" Value=""/>
				<Field Name="TueHours" Value=""/>
				<Field Name="TueEnd" Value=""/>
				<Field Name="TueStart" Value=""/>
				<Field Name="MonHours" Value=""/>
				<Field Name="MonEnd" Value=""/>
				<Field Name="MonStart" Value=""/>
				<Field Name="WeekEnding" Value="23-03-2018"/>
				<Field Name="TimeSheetID" Value="0000096"/>
				<Field Name="TotalHours" Value=""/>
				<Field Name="Submitted" Value="23-03-2018"/>
				<Field Name="UserName" Value="jeffpelliconi"/>
				<Field Name="UserEmail" Value="Jeffrey.pelliconi@nuance.com"/>
				<Field Name="UserHomeFolder" Value="\\NUAN-MOBAD01\HOME\Jeffpelliconi"/>
				<Field Name="FormName" Value="Submit TimeSheet"/>
				<Field Name="JobID" Value="2429935980-13868-18382-183-38"/>
			</KnowledgeFields>
		</KnowledgeObject>
	</KnowledgeObjects>
</AutoStore>
