<?xml version="1.0" encoding="utf-8"?>
<AutoStore NSI_SIG2="45A9BAF1558B56CC2FF63EF65540C6B0DCF64A9CFCB21154CFA63FBC3B1FA13D3725826376D26C987E0F635E48F55CEF">
	<Header Version="2" DateCreated="2018-06-29" TimeCreated="03:52:44" AUTHOR="" COMMENTS=""/>
	<KnowledgeObjects ObjID="435789047-13594-17160-138-111">
		<KnowledgeObject ObjID="285595668-8943-16671-129-68">
			<KnowledgeDocuments>
				<KnowledgeDocument Type="pdf" Name="Machine ID Labels.pdf" ObjID="1111145800-22855-18176-162-245" DocRef="359689229-54531-20185-151-134.dat"/>
				<KnowledgeDocument Type="png" Name="Signature_201806290352404589.png" ObjID="4242132392-26892-18197-173-7" DocRef="2875496575-29513-17652-154-86.dat"/>
			</KnowledgeDocuments>
			<KnowledgeFields>
				<Field Name="DeliveryTime" Value="03:52"/>
				<Field Name="DeliveryDate" Value="29/06/2018"/>
				<Field Name="Driver" Value="abel2020"/>
				<Field Name="SignatureName" Value="Abel"/>
				<Field Name="DeliveryID" Value="12334"/>
				<Field Name="Surname" Value=""/>
				<Field Name="Firstname" Value=""/>
				<Field Name="Address" Value=""/>
				<Field Name="Postcode" Value=""/>
				<Field Name="Signature" Value="C:\Nuance\MobileDemo\Home\WebCapture\WORK\2db4264f-c291-4d32-8bd8-99bbe8518b1a\Signature_201806290352404589.png"/>
				<Field Name="GPS" Value="-0.09849364870567422, -78.42691177893731"/>
				<Field Name="UserName" Value="abel2020"/>
				<Field Name="UserEmail" Value="abel.flores2@xerox.com"/>
				<Field Name="UserHomeFolder" Value="\\NUAN-MOBAD01\HOME\abel2020"/>
				<Field Name="FormName" Value="Delivery Acceptance"/>
				<Field Name="JobID" Value="285595668-8943-16671-129-68"/>
			</KnowledgeFields>
		</KnowledgeObject>
	</KnowledgeObjects>
</AutoStore>
