<?xml version="1.0" encoding="utf-8"?>
<AutoStore NSI_SIG2="ED5FEC10F457AE78245D5A353B8F5F089F14F1BC9E8D60BE99ADA1EAC47EC79D38FCEA12325D426A8F347F8665DE0DEA">
	<Header Version="2" DateCreated="2019-06-06" TimeCreated="06:46:59" AUTHOR="" COMMENTS=""/>
	<KnowledgeObjects ObjID="2771314884-57553-18006-135-209">
		<KnowledgeObject ObjID="1097951117-53837-16891-147-109">
			<KnowledgeDocuments>
				<KnowledgeDocument Type="jpg" Name="cdv_photo_001.jpg" ObjID="2414491598-57117-18583-131-206" DocRef="1255102967-63478-17810-178-12.dat"/>
			</KnowledgeDocuments>
			<KnowledgeFields>
				<Field Name="RenameSchema" Value="Site HSE Report - Test - 6/6/2019"/>
				<Field Name="Section" Value="Field Service"/>
				<Field Name="UserHomeFolder" Value="\\NUAN-MOBAD01\HOME\odanielsen"/>
				<Field Name="UserEmail" Value="ole.danielsen@konicaminolta.dk"/>
				<Field Name="UserName" Value="odanielsen"/>
				<Field Name="FormName" Value="Site Health &amp; Safety Report"/>
				<Field Name="JobID" Value="1097951117-53837-16891-147-109"/>
				<Field Name="Job" Value="Test"/>
				<Field Name="GPS" Value="56.15365723215508, 10.17853234621606"/>
				<Field Name="ReportDate" Value="6/6/2019"/>
				<Field Name="Access" Value=""/>
				<Field Name="General" Value=""/>
				<Field Name="Tidiness" Value=""/>
				<Field Name="Lighting" Value=""/>
				<Field Name="Access1" Value=""/>
				<Field Name="Access2" Value=""/>
				<Field Name="FirstAid" Value=""/>
				<Field Name="Welfare" Value=""/>
				<Field Name="FIre" Value=""/>
				<Field Name="Compliance" Value=""/>
				<Field Name="Inductions" Value=""/>
				<Field Name="Incidents" Value=""/>
				<Field Name="Work" Value=""/>
				<Field Name="Plant" Value=""/>
				<Field Name="PPE" Value=""/>
				<Field Name="Comments" Value=""/>
				<Field Name="CompletedBy" Value=""/>
				<Field Name="Position" Value=""/>
				<Field Name="Signature" Value=""/>
			</KnowledgeFields>
		</KnowledgeObject>
	</KnowledgeObjects>
</AutoStore>
