<?xml version="1.0" encoding="utf-8"?>
<AutoStore NSI_SIG2="3ECECA9B621C0955026EB7044940B0312BAF6FD0DE7D0EE8A29B624663A3E6B5FD7F809666BE7F71642EDFEF9240541C">
	<Header Version="2" DateCreated="2018-04-25" TimeCreated="19:32:08" AUTHOR="" COMMENTS=""/>
	<KnowledgeObjects ObjID="1425127881-15702-17894-152-0">
		<KnowledgeObject ObjID="1235905072-24440-20388-168-85">
			<KnowledgeDocuments>
				<KnowledgeDocument Type="pdf" Name="Blood_Bag_ID_Labels.pdf" ObjID="1127477069-58692-18728-162-72" DocRef="3665707597-6613-16884-133-185.dat"/>
				<KnowledgeDocument Type="png" Name="Signature_201804251932039853.png" ObjID="3828765731-22278-17546-145-124" DocRef="3446671793-37241-18251-152-91.dat"/>
			</KnowledgeDocuments>
			<KnowledgeFields>
				<Field Name="DeliveryTime" Value="19:32"/>
				<Field Name="DeliveryDate" Value="25/04/2018"/>
				<Field Name="Driver" Value="jesaaved1"/>
				<Field Name="SignatureName" Value="Jamed"/>
				<Field Name="DeliveryID" Value="Gh"/>
				<Field Name="Surname" Value=""/>
				<Field Name="Firstname" Value=""/>
				<Field Name="Address" Value=""/>
				<Field Name="Postcode" Value=""/>
				<Field Name="Signature" Value="C:\Nuance\MobileDemo\Home\WebCapture\WORK\d77113b8-cbcd-4850-9cb9-3ddf7360a58d\Signature_201804251932039853.png"/>
				<Field Name="GPS" Value="33.7032621, -117.319153"/>
				<Field Name="UserName" Value="jesaaved1"/>
				<Field Name="UserEmail" Value="james.saavedra@hotmail.com"/>
				<Field Name="UserHomeFolder" Value="\\NUAN-MOBAD01\HOME\jesaaved1"/>
				<Field Name="FormName" Value="Delivery Acceptance"/>
				<Field Name="JobID" Value="1235905072-24440-20388-168-85"/>
			</KnowledgeFields>
		</KnowledgeObject>
	</KnowledgeObjects>
</AutoStore>
