<?xml version="1.0" encoding="utf-8"?>
<AutoStore NSI_SIG2="2394E25F168B3D01B8BEB5B882949E69A1BA43DF67BDDBFE2B02925B854ADD5814ED1E932D237423B9124CAC9C2F0D81">
	<Header Version="2" DateCreated="2018-07-26" TimeCreated="12:27:07" AUTHOR="" COMMENTS=""/>
	<KnowledgeObjects ObjID="1198024118-13169-19409-133-159">
		<KnowledgeObject ObjID="3792100658-51889-20298-163-254">
			<KnowledgeDocuments>
				<KnowledgeDocument Type="pdf" Name="POD-Address Labels.pdf" ObjID="2327784670-26163-18039-131-211" DocRef="67968785-4618-19216-179-106.dat"/>
				<KnowledgeDocument Type="png" Name="Signature_201807261226595896.png" ObjID="681251856-30773-19614-144-95" DocRef="3818595148-31448-16667-182-152.dat"/>
			</KnowledgeDocuments>
			<KnowledgeFields>
				<Field Name="DeliveryTime" Value="12:26"/>
				<Field Name="DeliveryDate" Value="26/07/2018"/>
				<Field Name="Driver" Value="wgh213"/>
				<Field Name="SignatureName" Value="Holley"/>
				<Field Name="DeliveryID" Value="Uuuu"/>
				<Field Name="Surname" Value=""/>
				<Field Name="Firstname" Value=""/>
				<Field Name="Address" Value=""/>
				<Field Name="Postcode" Value=""/>
				<Field Name="Signature" Value="C:\Nuance\MobileDemo\Home\WebCapture\WORK\895be58b-e496-4123-99d2-0ceee96ef602\Signature_201807261226595896.png"/>
				<Field Name="GPS" Value="35.851009499708724, -78.79622495230015"/>
				<Field Name="UserName" Value="wgh213"/>
				<Field Name="UserEmail" Value="william.holley@nuance.com"/>
				<Field Name="UserHomeFolder" Value="\\NUAN-MOBAD01\HOME\wgh213"/>
				<Field Name="FormName" Value="Delivery Acceptance"/>
				<Field Name="JobID" Value="3792100658-51889-20298-163-254"/>
			</KnowledgeFields>
		</KnowledgeObject>
	</KnowledgeObjects>
</AutoStore>
