<?xml version="1.0" encoding="utf-8"?>
<AutoStore NSI_SIG2="5BFBA41E155F0481562C6882D84571336EC3A22C51EF6653B4B02C93A1E8A23049EC9E3553C5C6DE1890FA80C00F7995">
	<Header Version="2" DateCreated="2018-12-04" TimeCreated="05:05:47" AUTHOR="" COMMENTS=""/>
	<KnowledgeObjects ObjID="72827934-10240-20179-164-40">
		<KnowledgeObject ObjID="1585580212-46755-17988-146-124">
			<KnowledgeDocuments>
				<KnowledgeDocument Type="html" Name="ford_429_1@msn.com_(XODICE_(this_PC))_-_Dropbox-9.html" ObjID="1653587688-15895-19550-157-0" DocRef="2282658968-55961-16972-188-3.dat"/>
				<KnowledgeDocument Type="png" Name="Signature_201812040505428916.png" ObjID="4071197763-49899-18313-139-12" DocRef="3279242462-40794-16740-130-242.dat"/>
			</KnowledgeDocuments>
			<KnowledgeFields>
				<Field Name="DeliveryTime" Value="05:05"/>
				<Field Name="DeliveryDate" Value="04/12/2018"/>
				<Field Name="Driver" Value="xodice"/>
				<Field Name="SignatureName" Value="PF37DSDF3P4T"/>
				<Field Name="DeliveryID" Value="http://q-r.to/1KnU"/>
				<Field Name="Surname" Value=""/>
				<Field Name="Firstname" Value=""/>
				<Field Name="Address" Value=""/>
				<Field Name="Postcode" Value=""/>
				<Field Name="Signature" Value="C:\Nuance\MobileDemo\Home\WebCapture\WORK\83fe8b7a-f82f-4422-af7a-5b8d4e49b2e4\Signature_201812040505428916.png"/>
				<Field Name="GPS" Value="43.299799764854264, -72.4737099907009"/>
				<Field Name="UserName" Value="xodice"/>
				<Field Name="UserEmail" Value="Nparillo@ssdvermont.com"/>
				<Field Name="UserHomeFolder" Value="\\NUAN-MOBAD01\HOME\Xodice"/>
				<Field Name="FormName" Value="Delivery Acceptance"/>
				<Field Name="JobID" Value="1585580212-46755-17988-146-124"/>
			</KnowledgeFields>
		</KnowledgeObject>
	</KnowledgeObjects>
</AutoStore>
