<?xml version="1.0" encoding="utf-8"?>
<AutoStore NSI_SIG2="C9AB5EBED9C464DD54F1856CA5CF273B0C843CB9242BF8BDA63CC2B52A01715D1AB85AA31A004753F7F88EEB424F5539">
	<Header Version="2" DateCreated="2017-11-14" TimeCreated="16:29:36" AUTHOR="" COMMENTS=""/>
	<KnowledgeObjects ObjID="3123932317-31917-17635-173-239">
		<KnowledgeObject ObjID="3408124683-28904-18147-180-178">
			<KnowledgeDocuments>
				<KnowledgeDocument Type="pdf" Name="VA Voucher for Mileage Allowance.pdf" ObjID="131471139-47469-18076-182-172" DocRef="1694735637-34025-17637-172-119.dat"/>
			</KnowledgeDocuments>
			<KnowledgeFields>
				<Field Name="UserName" Value="JCH"/>
				<Field Name="UserEmail" Value="jch@ndi-demo.local"/>
				<Field Name="UserHomeFolder" Value="\\AS-OF360\Users\JCH"/>
				<Field Name="FormName" Value="VA Voucher for Mileage Allowance"/>
				<Field Name="JobID" Value="3408124683-28904-18147-180-178"/>
				<Field Name="Fullname" Value="John Campbell-Higgens"/>
				<Field Name="StreetAddress" Value="1000 Main St"/>
				<Field Name="City" Value="Arlington"/>
				<Field Name="State" Value="VA"/>
				<Field Name="ZIP" Value="22222"/>
				<Field Name="DateIssued" Value="14/11/2017"/>
				<Field Name="TravelFrom" Value="Dallas"/>
				<Field Name="TravelTo" Value="New York"/>
				<Field Name="ReportingReason" Value="Preferred Doctor"/>
			</KnowledgeFields>
		</KnowledgeObject>
	</KnowledgeObjects>
</AutoStore>
