<?xml version="1.0" encoding="utf-8"?>
<AutoStore NSI_SIG2="2C018AF5DA511C354F8BB95C76C66D942D08BB8A383E32775D3F8377470832CC3534FE0A8CF34A7831E063A10321F024">
	<Header Version="2" DateCreated="2018-10-07" TimeCreated="19:38:29" AUTHOR="" COMMENTS=""/>
	<KnowledgeObjects ObjID="159904767-5897-17323-135-130">
		<KnowledgeObject ObjID="1558589559-31120-16673-146-146">
			<KnowledgeDocuments>
				<KnowledgeDocument Type="pdf" Name="Prob11H - Nicholas g Parillo - 00001.pdf" ObjID="2981783003-58688-20252-163-227" DocRef="1661665212-16808-18624-147-59.dat"/>
				<KnowledgeDocument Type="png" Name="Signature_201810071938209832.png" ObjID="2452307984-42576-19335-136-242" DocRef="4256103470-65242-17051-171-115.dat"/>
			</KnowledgeDocuments>
			<KnowledgeFields>
				<Field Name="DeliveryTime" Value="19:38"/>
				<Field Name="DeliveryDate" Value="07/10/2018"/>
				<Field Name="Driver" Value="xodice"/>
				<Field Name="SignatureName" Value="Dishwasher weekends"/>
				<Field Name="DeliveryID" Value="https://www.facebook.com/pages/The-Pizza-Stone-VT/120546257965711"/>
				<Field Name="Surname" Value=""/>
				<Field Name="Firstname" Value=""/>
				<Field Name="Address" Value=""/>
				<Field Name="Postcode" Value=""/>
				<Field Name="Signature" Value="C:\Nuance\MobileDemo\Home\WebCapture\WORK\ca0a9ce3-5e6c-48b8-871e-cf7f04f7611a\Signature_201810071938209832.png"/>
				<Field Name="GPS" Value="43.261297065498745, -72.58430624153688"/>
				<Field Name="UserName" Value="xodice"/>
				<Field Name="UserEmail" Value="Nparillo@ssdvermont.com"/>
				<Field Name="UserHomeFolder" Value="\\NUAN-MOBAD01\HOME\Xodice"/>
				<Field Name="FormName" Value="Delivery Acceptance"/>
				<Field Name="JobID" Value="1558589559-31120-16673-146-146"/>
			</KnowledgeFields>
		</KnowledgeObject>
	</KnowledgeObjects>
</AutoStore>
