<?xml version="1.0" encoding="utf-8"?>
<AutoStore NSI_SIG2="88CBE115A9DA2E520E81AD0477847E9153E83ABBBE08FA7CA8F7C65D124764C6396250DE148281AE7B26AD5977788FA1">
	<Header Version="2" DateCreated="2018-02-13" TimeCreated="16:03:28" AUTHOR="" COMMENTS=""/>
	<KnowledgeObjects ObjID="1374136608-36349-17838-157-117">
		<KnowledgeObject ObjID="1640334247-32340-18895-171-185">
			<KnowledgeDocuments>
				<KnowledgeDocument Type="png" Name="Signed_201802131603220228.png" ObjID="1010724547-20384-18344-171-254" DocRef="2326340350-4600-17375-148-196.dat"/>
				<KnowledgeDocument Type="TXT" Name="TimeSheet.TXT" ObjID="2590426274-13147-20386-157-80" DocRef="4016283335-30934-17421-187-0.dat"/>
			</KnowledgeDocuments>
			<KnowledgeFields>
				<Field Name="ContractorName" Value="shasselmann shasselmann"/>
				<Field Name="Signature" Value="C:\Nuance\MobileDemo\Home\WebCapture\WORK\9412575f-847c-46f4-adcb-41de0fd735c9\Signed_201802131603220228.png"/>
				<Field Name="ContractorID" Value="shasselmann"/>
				<Field Name="FriHours" Value=""/>
				<Field Name="FriEnd" Value=""/>
				<Field Name="FriStart" Value=""/>
				<Field Name="ThuHours" Value=""/>
				<Field Name="ThuEnd" Value=""/>
				<Field Name="ThuStart" Value=""/>
				<Field Name="WedHours" Value=""/>
				<Field Name="WedEnd" Value=""/>
				<Field Name="WedStart" Value=""/>
				<Field Name="TueHours" Value=""/>
				<Field Name="TueEnd" Value=""/>
				<Field Name="TueStart" Value=""/>
				<Field Name="MonHours" Value=""/>
				<Field Name="MonEnd" Value=""/>
				<Field Name="MonStart" Value=""/>
				<Field Name="WeekEnding" Value="13-02-2018"/>
				<Field Name="TimeSheetID" Value="0000080"/>
				<Field Name="TotalHours" Value=""/>
				<Field Name="Submitted" Value="13-02-2018"/>
				<Field Name="UserName" Value="shasselmann"/>
				<Field Name="UserEmail" Value="sandra.hasselmann@ricoh.ca"/>
				<Field Name="UserHomeFolder" Value="\\NUAN-MOBAD01\HOME\shasselmann"/>
				<Field Name="FormName" Value="Submit TimeSheet"/>
				<Field Name="JobID" Value="1640334247-32340-18895-171-185"/>
			</KnowledgeFields>
		</KnowledgeObject>
	</KnowledgeObjects>
</AutoStore>
