<?xml version="1.0" encoding="utf-8"?>
<AutoStore NSI_SIG2="93BCE78532F6304DBD8BDAE678AE583BB8AA296DC09185EC0773E67A289D32BE4C5D48074F8337D2800E3231F41D393F">
	<Header Version="2" DateCreated="2017-11-21" TimeCreated="20:31:46" AUTHOR="" COMMENTS=""/>
	<KnowledgeObjects ObjID="1579694539-65493-17266-138-246">
		<KnowledgeObject ObjID="719716679-24853-19492-189-246">
			<KnowledgeDocuments>
				<KnowledgeDocument Type="png" Name="AssessorSignature_201711212031455590.png" ObjID="605352793-6779-17932-179-191" DocRef="2463398641-56997-18010-144-239.dat"/>
			</KnowledgeDocuments>
			<KnowledgeFields>
				<Field Name="AssessorSignature" Value="C:\Nuance\MobileDemo\Home\WebCapture\WORK\2efb40ae-9a27-46d1-aab0-ba6652bfba8e\AssessorSignature_201711212031455590.png"/>
				<Field Name="AssessorName" Value="John Campbell-Higgens"/>
				<Field Name="Chargeable" Value="No"/>
				<Field Name="Type" Value="Leaking"/>
				<Field Name="Category" Value="Doors"/>
				<Field Name="Urgency" Value="Critical"/>
				<Field Name="VisitDate" Value="21/11/2017"/>
				<Field Name="PostCode" Value="Bl3"/>
				<Field Name="HouseNumber" Value="1234"/>
				<Field Name="RenameSchema" Value="Bl3-1234-Critical-Doors"/>
				<Field Name="Section" Value="Housing and Tenancies\Housing Associations"/>
				<Field Name="FormName" Value="Issue Assessment Form"/>
				<Field Name="JobID" Value="719716679-24853-19492-189-246"/>
				<Field Name="UserHomeFolder" Value=""/>
				<Field Name="UserEmail" Value="jch@ndi-demo.local"/>
				<Field Name="UserName" Value="jch"/>
				<Field Name="FileCount" Value="1"/>
			</KnowledgeFields>
		</KnowledgeObject>
	</KnowledgeObjects>
</AutoStore>
