<?xml version="1.0" encoding="utf-8"?>
<AutoStore NSI_SIG2="35347A4967F5B131692662F93D574AB7D3A65C71FE3145B0E3EB94862560F578DED55903B1BAC7AF4D310B79A1B4AD25">
	<Header Version="2" DateCreated="2017-12-17" TimeCreated="14:26:14" AUTHOR="" COMMENTS=""/>
	<KnowledgeObjects ObjID="611170666-36602-17293-143-165">
		<KnowledgeObject ObjID="2843516171-57848-17542-140-94">
			<KnowledgeDocuments>
				<KnowledgeDocument Type="pdf" Name="1.pdf" ObjID="4211149222-27898-20330-175-152" DocRef="3194166988-9574-19029-181-191.dat"/>
				<KnowledgeDocument Type="pdf" Name="4.pdf" ObjID="1768393918-44078-19568-183-38" DocRef="1335509675-34740-20083-164-162.dat"/>
			</KnowledgeDocuments>
			<KnowledgeFields>
				<Field Name="AW" Value="No"/>
				<Field Name="QC" Value="No"/>
				<Field Name="WC" Value="No"/>
				<Field Name="AX" Value="No"/>
				<Field Name="AC" Value="No"/>
				<Field Name="OF" Value="No"/>
				<Field Name="BC" Value="No"/>
				<Field Name="OM" Value="Yes"/>
				<Field Name="SC" Value="No"/>
				<Field Name="EQ" Value="Yes"/>
				<Field Name="EC" Value="No"/>
				<Field Name="Section" Value="Sales\Information Request"/>
				<Field Name="Products" Value="1;4"/>
				<Field Name="Consent" Value="1"/>
				<Field Name="MobileNumber" Value="7795551222"/>
				<Field Name="PhoneNumber" Value="6784884390"/>
				<Field Name="EmailAddress" Value="William.Holley@nuance.com"/>
				<Field Name="Company" Value="Nuance"/>
				<Field Name="JobTitle" Value="Sales"/>
				<Field Name="Fullname" Value="Bill"/>
				<Field Name="JobID" Value="2843516171-57848-17542-140-94"/>
				<Field Name="FormName" Value="Information Request"/>
				<Field Name="UserEmail" Value="bill.holley@nuance.com"/>
				<Field Name="UserHomeFolder" Value="\\NUAN-MOBAD01\HOME\bill.holley"/>
				<Field Name="UserName" Value="bill.holley"/>
			</KnowledgeFields>
		</KnowledgeObject>
	</KnowledgeObjects>
</AutoStore>
