<?xml version="1.0" encoding="utf-8"?>
<AutoStore NSI_SIG2="97F06A7BF18C569624C1ACA1C4E8F9E970B2B14AD8EC6720BC9111E39E58D0FE9DB92092313269AF2CD43533D4A867B9">
	<Header Version="2" DateCreated="2018-04-26" TimeCreated="11:45:46" AUTHOR="" COMMENTS=""/>
	<KnowledgeObjects ObjID="303828445-27426-17886-144-173">
		<KnowledgeObject ObjID="172652837-32441-19473-132-67">
			<KnowledgeDocuments>
				<KnowledgeDocument Type="htm" Name="Commercial-Terms-1.htm" ObjID="1950739440-6754-20416-156-227" DocRef="4150560072-14238-16964-169-69.dat"/>
				<KnowledgeDocument Type="png" Name="Signature_201804261145432031.png" ObjID="1960696501-41273-18386-145-2" DocRef="24176216-27118-18834-171-17.dat"/>
			</KnowledgeDocuments>
			<KnowledgeFields>
				<Field Name="DeliveryTime" Value="11:45"/>
				<Field Name="DeliveryDate" Value="26/04/2018"/>
				<Field Name="Driver" Value="xodice"/>
				<Field Name="SignatureName" Value="Mister Nicholas g Parillo"/>
				<Field Name="DeliveryID" Value="http://www.vermontrxcard.com/index.php"/>
				<Field Name="Surname" Value=""/>
				<Field Name="Firstname" Value=""/>
				<Field Name="Address" Value=""/>
				<Field Name="Postcode" Value=""/>
				<Field Name="Signature" Value="C:\Nuance\MobileDemo\Home\WebCapture\WORK\2ad28b77-ea99-4728-9704-2249cd6ca38f\Signature_201804261145432031.png"/>
				<Field Name="GPS" Value="43.299716230611814, -72.47379772199956"/>
				<Field Name="UserName" Value="xodice"/>
				<Field Name="UserEmail" Value="Nparillo@ssdvermont.com"/>
				<Field Name="UserHomeFolder" Value="\\NUAN-MOBAD01\HOME\Xodice"/>
				<Field Name="FormName" Value="Delivery Acceptance"/>
				<Field Name="JobID" Value="172652837-32441-19473-132-67"/>
			</KnowledgeFields>
		</KnowledgeObject>
	</KnowledgeObjects>
</AutoStore>
