<?xml version="1.0" encoding="utf-8"?>
<AutoStore NSI_SIG2="277AED10E7941FF88CBB0920F3EC30E18DEA5EAF31C25B688CA89BB95C0BBC69971EAD854B9C882BBFF0B2FF17C21A12">
	<Header Version="2" DateCreated="2018-02-26" TimeCreated="13:49:45" AUTHOR="" COMMENTS=""/>
	<KnowledgeObjects ObjID="3109541456-547-17348-131-248">
		<KnowledgeObject ObjID="3310485127-50146-20336-160-119">
			<KnowledgeDocuments>
				<KnowledgeDocument Type="png" Name="Signed_201802261349419721.png" ObjID="4177203779-47963-19342-189-19" DocRef="2263259241-24403-19138-130-164.dat"/>
				<KnowledgeDocument Type="TXT" Name="TimeSheet.TXT" ObjID="4219482853-18465-20104-136-24" DocRef="2225396321-50251-19197-175-134.dat"/>
			</KnowledgeDocuments>
			<KnowledgeFields>
				<Field Name="ContractorName" Value="joachim_roken joachim_roken"/>
				<Field Name="Signature" Value="C:\Nuance\MobileDemo\Home\WebCapture\WORK\5cefad2c-000c-4fcc-a324-6e3715227bd9\Signed_201802261349419721.png"/>
				<Field Name="ContractorID" Value="joachim_roken"/>
				<Field Name="FriHours" Value="08:00"/>
				<Field Name="FriEnd" Value="16:00"/>
				<Field Name="FriStart" Value="08:00"/>
				<Field Name="ThuHours" Value="08:00"/>
				<Field Name="ThuEnd" Value="16:00"/>
				<Field Name="ThuStart" Value="08:00"/>
				<Field Name="WedHours" Value="08:00"/>
				<Field Name="WedEnd" Value="16:00"/>
				<Field Name="WedStart" Value="08:00"/>
				<Field Name="TueHours" Value="08:00"/>
				<Field Name="TueEnd" Value="16:00"/>
				<Field Name="TueStart" Value="08:00"/>
				<Field Name="MonHours" Value="08:00"/>
				<Field Name="MonEnd" Value="16:00"/>
				<Field Name="MonStart" Value="08:00"/>
				<Field Name="WeekEnding" Value="02-03-2018"/>
				<Field Name="TimeSheetID" Value="0000088"/>
				<Field Name="TotalHours" Value="40:00"/>
				<Field Name="Submitted" Value="26-02-2018"/>
				<Field Name="UserName" Value="joachim_roken"/>
				<Field Name="UserEmail" Value="joachim.roken@nuance.com"/>
				<Field Name="UserHomeFolder" Value="\\NUAN-MOBAD01\HOME\joachim_roken"/>
				<Field Name="FormName" Value="Submit TimeSheet"/>
				<Field Name="JobID" Value="3310485127-50146-20336-160-119"/>
			</KnowledgeFields>
		</KnowledgeObject>
	</KnowledgeObjects>
</AutoStore>
