<?xml version="1.0" encoding="utf-8"?>
<AutoStore NSI_SIG2="20C682E8BCEA829A8B8D7020051005B80FBD0DD24B7E30864A9887EAE0A87342F01E07ADF8F92D4ECEFD5E230CBFF45A">
	<Header Version="2" DateCreated="2017-12-26" TimeCreated="18:47:18" AUTHOR="" COMMENTS=""/>
	<KnowledgeObjects ObjID="868094433-5192-18398-177-0">
		<KnowledgeObject ObjID="1591869400-64248-19011-161-217">
			<KnowledgeDocuments>
				<KnowledgeDocument Type="png" Name="Signed_201712261847181028.png" ObjID="3515666586-44547-19354-185-155" DocRef="3286834991-61129-18003-187-36.dat"/>
			</KnowledgeDocuments>
			<KnowledgeFields>
				<Field Name="JobID" Value="1591869400-64248-19011-161-217"/>
				<Field Name="FormName" Value="Submit TimeSheet"/>
				<Field Name="UserHomeFolder" Value="\\NUAN-MOBAD01\HOME\kmlucero"/>
				<Field Name="UserEmail" Value="ken.lucero@ricoh-usa.com"/>
				<Field Name="UserName" Value="kmlucero"/>
				<Field Name="Submitted" Value="26-12-2017"/>
				<Field Name="TotalHours" Value=""/>
				<Field Name="TimeSheetID" Value="0000055"/>
				<Field Name="WeekEnding" Value="26-12-2017"/>
				<Field Name="MonStart" Value=""/>
				<Field Name="MonEnd" Value=""/>
				<Field Name="MonHours" Value=""/>
				<Field Name="TueStart" Value=""/>
				<Field Name="TueEnd" Value=""/>
				<Field Name="TueHours" Value=""/>
				<Field Name="WedStart" Value=""/>
				<Field Name="WedEnd" Value=""/>
				<Field Name="WedHours" Value=""/>
				<Field Name="ThuStart" Value=""/>
				<Field Name="ThuEnd" Value=""/>
				<Field Name="ThuHours" Value=""/>
				<Field Name="FriStart" Value=""/>
				<Field Name="FriEnd" Value=""/>
				<Field Name="FriHours" Value=""/>
				<Field Name="ContractorID" Value="kmlucero"/>
				<Field Name="Signature" Value="C:\Nuance\MobileDemo\Home\WebCapture\WORK\b6da51ea-a13b-44f2-bc7a-35fef37375d8\Signed_201712261847181028.png"/>
				<Field Name="ContractorName" Value="kmlucero kmlucero"/>
			</KnowledgeFields>
		</KnowledgeObject>
	</KnowledgeObjects>
</AutoStore>
