<?xml version="1.0" encoding="utf-8"?>
<AutoStore NSI_SIG2="0D50E719D40E85DA13998C08D23753A7E66CFE12D6FFC3E2AC4CCC2BB6A0838BA713F702C6D56DFF00691DF807F4EB32">
	<Header Version="2" DateCreated="2018-03-27" TimeCreated="18:00:46" AUTHOR="" COMMENTS=""/>
	<KnowledgeObjects ObjID="859733530-17242-16505-136-84">
		<KnowledgeObject ObjID="2869629038-21403-18646-170-163">
			<KnowledgeDocuments>
				<KnowledgeDocument Type="jpg" Name="1522173697470.jpg" ObjID="176613296-18194-19889-133-243" DocRef="163133779-65186-18953-177-167.dat"/>
				<KnowledgeDocument Type="png" Name="Signature_201803271800462110.png" ObjID="2009485119-57943-18466-173-118" DocRef="2634885844-59089-19443-142-26.dat"/>
			</KnowledgeDocuments>
			<KnowledgeFields>
				<Field Name="Company" Value="Canon"/>
				<Field Name="JobId" Value="2869629038-21403-18646-170-163"/>
				<Field Name="FormName" Value="Event Badge Registration"/>
				<Field Name="UserName" Value="aaroncsa"/>
				<Field Name="UserEmail" Value="aconder@csa.canon.com"/>
				<Field Name="UserHomeFolder" Value="\\NUAN-MOBAD01\HOME\aaroncsa"/>
				<Field Name="Section" Value="Customer Events"/>
				<Field Name="RenameSchema" Value="Registration for Aaron"/>
				<Field Name="FullName" Value="Aaron"/>
				<Field Name="JobTitle" Value="Test"/>
				<Field Name="EmailAddress" Value="Aron@csa.canon.com"/>
				<Field Name="PhoneNumber" Value="7022385714"/>
				<Field Name="MobileNumber" Value="702237616"/>
			</KnowledgeFields>
		</KnowledgeObject>
	</KnowledgeObjects>
</AutoStore>
