<?xml version="1.0" encoding="utf-8"?>
<AutoStore NSI_SIG2="0DD585A1D0AB5EE7A352C993D40B2523DBBAF978A0FC78DB8E78F4998540E4CE355AC4D0288D1D9F70D30C9B48D11026">
	<Header Version="2" DateCreated="2017-12-17" TimeCreated="14:33:44" AUTHOR="" COMMENTS=""/>
	<KnowledgeObjects ObjID="2567261943-23412-17126-128-188">
		<KnowledgeObject ObjID="3075935354-53408-16579-166-28">
			<KnowledgeDocuments>
				<KnowledgeDocument Type="txt" Name="Holley_Bill - Document_1.txt" ObjID="3331852713-24321-17363-191-244" DocRef="3658413011-36576-20023-152-179.dat"/>
			</KnowledgeDocuments>
			<KnowledgeFields>
				<Field Name="DocClass" Value="Not Found"/>
				<Field Name="RequestType" Value="Email"/>
				<Field Name="Section" Value="Security and GDPR"/>
				<Field Name="JobID" Value="3075935354-53408-16579-166-28"/>
				<Field Name="FormName" Value="Classification Example"/>
				<Field Name="UserHomeFolder" Value="\\NUAN-MOBAD01\HOME\bill.holley"/>
				<Field Name="UserEmail" Value="bill.holley@nuance.com"/>
				<Field Name="UserName" Value="bill.holley"/>
			</KnowledgeFields>
		</KnowledgeObject>
	</KnowledgeObjects>
</AutoStore>
