<?xml version="1.0" encoding="utf-8"?>
<AutoStore NSI_SIG2="B16ECA7449B231DC3B3B263D24F7D4B18855C82F9EEA10373C30B9D5AB7196946170463935D8F2667CEA870F5F5834ED">
	<Header Version="2" DateCreated="2019-12-09" TimeCreated="00:58:54" AUTHOR="" COMMENTS=""/>
	<KnowledgeObjects ObjID="3617940721-60361-17998-153-223">
		<KnowledgeObject ObjID="1475179378-3079-17579-165-166">
			<KnowledgeDocuments>
				<KnowledgeDocument Type="png" Name="InjuryedSignature_201912090058532997.png" ObjID="4103722258-52341-19002-159-85" DocRef="2390086856-53278-20358-149-43.dat"/>
				<KnowledgeDocument Type="png" Name="CompletedBy_201912090058533087.png" ObjID="726201414-15118-16392-176-169" DocRef="119390412-54875-19596-152-113.dat"/>
			</KnowledgeDocuments>
			<KnowledgeFields>
				<Field Name="CompletedBy" Value="C:\Kofax\MobileDemo\Home\WebCapture\WORK\8d692baa-0825-4b75-8a62-89e34a08378f\CompletedBy_201912090058533087.png"/>
				<Field Name="InjuredSignation" Value="C:\Kofax\MobileDemo\Home\WebCapture\WORK\208eb85c-8f99-4ff2-82e6-33a577790694\InjuryedSignature_201912090058532997.png"/>
				<Field Name="CauseOfInjury" Value="Trolley wheel damaged"/>
				<Field Name="FullDescription" Value="Trolley overloaded and tippers onto injured party"/>
				<Field Name="Activity" Value="Shelf stacking"/>
				<Field Name="ExactLocation" Value="Aisle 12"/>
				<Field Name="AccidentTime" Value="0730"/>
				<Field Name="AccidentDate" Value="12/9/2019"/>
				<Field Name="HospitalName" Value="Bolton Royal"/>
				<Field Name="FollowonAction" Value="4"/>
				<Field Name="TreatedBy" Value="Peter Doctor"/>
				<Field Name="TreatmentGiven" Value="Ice pack and dressage"/>
				<Field Name="DetailsOfInjury" Value="Head injury, cut and bruising"/>
				<Field Name="LocationAddress" Value="32A Victory Rd, Little Lever, Bolton BL3 1QY, UK"/>
				<Field Name="Location" Value="Tesco Little Lever"/>
				<Field Name="PersonType" Value="1"/>
				<Field Name="EmployeeNo" Value="1234567"/>
				<Field Name="JobTitle" Value="Shelf Stacker"/>
				<Field Name="Telephone" Value="07469154920"/>
				<Field Name="PostCode" Value="BL3 1RB"/>
				<Field Name="Address" Value="59 Ainsworth Road"/>
				<Field Name="FullName" Value="John Campbell-Higgens"/>
				<Field Name="FormName" Value="Accident Report"/>
				<Field Name="UserName" Value="HIGGY"/>
				<Field Name="UserEmail" Value="john.campbellhiggens@kofax.com"/>
				<Field Name="UserHomeFolder" Value="\\US01VMBCMD01\HOME\HIGGY"/>
				<Field Name="JobID" Value="1475179378-3079-17579-165-166"/>
				<Field Name="RenameSchema" Value="0010002-20191209"/>
				<Field Name="ReportNo" Value="0010002"/>
				<Field Name="FileCount" Value="2"/>
			</KnowledgeFields>
		</KnowledgeObject>
	</KnowledgeObjects>
</AutoStore>
