<?xml version="1.0" encoding="utf-8"?>
<AutoStore NSI_SIG2="27AED0A7F6B4C20D506EB39E83B35707D60008E53B5E67C4D687ACCC60A62D38E4F0D889B552AB4FD37BCD8A4F656FD6">
	<Header Version="2" DateCreated="2018-08-09" TimeCreated="13:41:20" AUTHOR="" COMMENTS=""/>
	<KnowledgeObjects ObjID="2625610750-58267-17488-159-84">
		<KnowledgeObject ObjID="3651046998-27690-18334-188-80">
			<KnowledgeDocuments>
				<KnowledgeDocument Type="png" Name="Sketch_201808091341196170.png" ObjID="2656481592-60891-16803-132-12" DocRef="2808378677-56055-19810-180-111.dat"/>
			</KnowledgeDocuments>
			<KnowledgeFields>
				<Field Name="WitnessMobile2" Value=""/>
				<Field Name="WitnessPhone2" Value=""/>
				<Field Name="WitnessAddress2" Value=""/>
				<Field Name="WitnessName2" Value=""/>
				<Field Name="WitnessMobile1" Value=""/>
				<Field Name="WitnessPhone1" Value=""/>
				<Field Name="WitnessAddress1" Value=""/>
				<Field Name="WitnessName1" Value=""/>
				<Field Name="OtherInfor" Value=""/>
				<Field Name="BadgeNumber" Value=""/>
				<Field Name="Phone" Value=""/>
				<Field Name="Department" Value=""/>
				<Field Name="OfficerName" Value=""/>
				<Field Name="OtherInjuries" Value=""/>
				<Field Name="OtherPassenger" Value=""/>
				<Field Name="YourInjuries" Value=""/>
				<Field Name="YourPassengers" Value=""/>
				<Field Name="OtherDriverPhone" Value=""/>
				<Field Name="OtherDriverAddress" Value=""/>
				<Field Name="OtherDriverName" Value=""/>
				<Field Name="InsuranceCompany" Value=""/>
				<Field Name="Registration" Value=""/>
				<Field Name="VehicleColour" Value=""/>
				<Field Name="VehicleModel" Value=""/>
				<Field Name="VehicleMake" Value=""/>
				<Field Name="OwnerPhone" Value=""/>
				<Field Name="OwnerAddress" Value=""/>
				<Field Name="OwnerName" Value=""/>
				<Field Name="OtherRecovery" Value=""/>
				<Field Name="OtherVehicleDamage" Value=""/>
				<Field Name="YourRecovery" Value=""/>
				<Field Name="YourVehicleDamage" Value=""/>
				<Field Name="AccidentDetails" Value=""/>
				<Field Name="Location" Value="Romanowicza 32, 33-100 Tarnów, Poland"/>
				<Field Name="Conditions" Value=""/>
				<Field Name="AccidentTime" Value=""/>
				<Field Name="AccidentDate" Value="8/9/2018"/>
				<Field Name="FileCount" Value="1"/>
				<Field Name="RenameSchema" Value="Accident Form - 8/9/2018 "/>
				<Field Name="Section" Value="Insurance and Financial Services"/>
				<Field Name="UserHomeFolder" Value="\\NUAN-MOBAD01\HOME\Sanecki"/>
				<Field Name="UserEmail" Value="marcin.sanecki@nuance.com"/>
				<Field Name="UserName" Value="sanecki"/>
				<Field Name="FormName" Value="Accident Damage Report"/>
				<Field Name="JobID" Value="3651046998-27690-18334-188-80"/>
			</KnowledgeFields>
		</KnowledgeObject>
	</KnowledgeObjects>
</AutoStore>
