<?xml version="1.0" encoding="utf-8"?>
<AutoStore NSI_SIG2="A8B7473BA6F591A2FD7CE8B7C6DBCA278795CEDD2B96D36B0DA69ED0E50092AB0D4C911B4E660027CC312D7E9710F195">
	<Header Version="2" DateCreated="2018-04-23" TimeCreated="20:17:11" AUTHOR="" COMMENTS=""/>
	<KnowledgeObjects ObjID="2381081309-47540-17543-136-219">
		<KnowledgeObject ObjID="845849442-41728-16622-145-55">
			<KnowledgeDocuments>
				<KnowledgeDocument Type="png" Name="Sketch_201804232017114479.png" ObjID="801964969-56856-18577-173-41" DocRef="388188663-48002-17465-165-72.dat"/>
			</KnowledgeDocuments>
			<KnowledgeFields>
				<Field Name="WitnessMobile2" Value=""/>
				<Field Name="WitnessPhone2" Value=""/>
				<Field Name="WitnessAddress2" Value=""/>
				<Field Name="WitnessName2" Value=""/>
				<Field Name="WitnessMobile1" Value=""/>
				<Field Name="WitnessPhone1" Value=""/>
				<Field Name="WitnessAddress1" Value=""/>
				<Field Name="WitnessName1" Value=""/>
				<Field Name="OtherInfor" Value=""/>
				<Field Name="BadgeNumber" Value=""/>
				<Field Name="Phone" Value=""/>
				<Field Name="Department" Value=""/>
				<Field Name="OfficerName" Value=""/>
				<Field Name="OtherInjuries" Value=""/>
				<Field Name="OtherPassenger" Value=""/>
				<Field Name="YourInjuries" Value="Broken leg"/>
				<Field Name="YourPassengers" Value="1"/>
				<Field Name="OtherDriverPhone" Value=""/>
				<Field Name="OtherDriverAddress" Value=""/>
				<Field Name="OtherDriverName" Value="Bill"/>
				<Field Name="InsuranceCompany" Value=""/>
				<Field Name="Registration" Value=""/>
				<Field Name="VehicleColour" Value="Pink"/>
				<Field Name="VehicleModel" Value=""/>
				<Field Name="VehicleMake" Value=""/>
				<Field Name="OwnerPhone" Value=""/>
				<Field Name="OwnerAddress" Value="32 White House palace"/>
				<Field Name="OwnerName" Value="Bill Clinton"/>
				<Field Name="OtherRecovery" Value="Industrial alliance"/>
				<Field Name="OtherVehicleDamage" Value="Tesla"/>
				<Field Name="YourRecovery" Value="Allstate"/>
				<Field Name="YourVehicleDamage" Value="Toyota"/>
				<Field Name="AccidentDetails" Value="Slippery conditions"/>
				<Field Name="Location" Value="233 QC-307, Bowman, QC J0X, Canada"/>
				<Field Name="Conditions" Value=""/>
				<Field Name="AccidentTime" Value="10:34"/>
				<Field Name="AccidentDate" Value="4/22/2018"/>
				<Field Name="FileCount" Value="1"/>
				<Field Name="RenameSchema" Value="Accident Form - 4/22/2018 10:34"/>
				<Field Name="Section" Value="Insurance and Financial Services"/>
				<Field Name="UserHomeFolder" Value="\\NUAN-MOBAD01\HOME\DANIEL_LARABIE"/>
				<Field Name="UserEmail" Value="daniel.larabie@nuance.com"/>
				<Field Name="UserName" Value="daniel_larabie"/>
				<Field Name="FormName" Value="Accident Damage Report"/>
				<Field Name="JobID" Value="845849442-41728-16622-145-55"/>
			</KnowledgeFields>
		</KnowledgeObject>
	</KnowledgeObjects>
</AutoStore>
