<?xml version="1.0" encoding="utf-8"?>
<AutoStore NSI_SIG2="3A8CDE9E7067A4F2BFBF89B9B1855BCE9E7B6A4F01176FABC347244D895FEF2508DABBA6BFEE23FDD28B3BC95E55F575">
	<Header Version="2" DateCreated="2018-03-29" TimeCreated="12:53:09" AUTHOR="" COMMENTS=""/>
	<KnowledgeObjects ObjID="1761871572-21820-17522-140-63">
		<KnowledgeObject ObjID="3694348734-53253-19049-188-174">
			<KnowledgeDocuments>
				<KnowledgeDocument Type="jpg" Name="1522327963907.jpg" ObjID="2753467822-20229-16804-152-83" DocRef="3294264190-35590-19837-135-76.dat"/>
			</KnowledgeDocuments>
			<KnowledgeFields>
				<Field Name="UserName" Value="baierla"/>
				<Field Name="UserEmail" Value="andreas.baierl@canon.ch"/>
				<Field Name="UserHomeFolder" Value="\\NUAN-MOBAD01\HOME\baierla"/>
				<Field Name="UserDispName" Value="baierla baierla"/>
				<Field Name="Convert" Value="p_0024"/>
				<Field Name="ConvertTo" Value="DOCX"/>
				<Field Name="NextTask" Value="p_0027"/>
				<Field Name="FormName" Value="Send to Email"/>
				<Field Name="JobID" Value="3694348734-53253-19049-188-174"/>
				<Field Name="RenameSchema" Value="Captured File"/>
				<Field Name="Section" Value="General Office Productivity"/>
			</KnowledgeFields>
		</KnowledgeObject>
	</KnowledgeObjects>
</AutoStore>
