<?xml version="1.0" encoding="utf-8"?>
<AutoStore NSI_SIG2="89F85F0EE0943BC87432A670899A3A536A7476E453ABCFACCAD919E8287CBE58CAAC2364F50FA4D024FAF8734BFCE31F">
	<Header Version="2" DateCreated="2018-11-29" TimeCreated="15:19:36" AUTHOR="" COMMENTS=""/>
	<KnowledgeObjects ObjID="2128161983-37249-19854-168-177">
		<KnowledgeObject ObjID="2539552779-13277-20233-151-149">
			<KnowledgeDocuments>
				<KnowledgeDocument Type="pdf" Name="ABN Form Bryan Walbridge 120030201022023 - 00001.pdf" ObjID="693095244-12082-19195-142-198" DocRef="2120113860-20973-20079-188-167.dat"/>
				<KnowledgeDocument Type="png" Name="Signature_201811291519326373.png" ObjID="1564908428-33907-16505-157-57" DocRef="2289501885-24614-18834-185-62.dat"/>
			</KnowledgeDocuments>
			<KnowledgeFields>
				<Field Name="DeliveryTime" Value="15:19"/>
				<Field Name="DeliveryDate" Value="29/11/2018"/>
				<Field Name="Driver" Value="bwalbridge2"/>
				<Field Name="SignatureName" Value="Walbridge"/>
				<Field Name="DeliveryID" Value="Abc123"/>
				<Field Name="Surname" Value=""/>
				<Field Name="Firstname" Value=""/>
				<Field Name="Address" Value=""/>
				<Field Name="Postcode" Value=""/>
				<Field Name="Signature" Value="C:\Nuance\MobileDemo\Home\WebCapture\WORK\8eb2f8fd-160c-4f4e-a1d4-bfcd8d87ea35\Signature_201811291519326373.png"/>
				<Field Name="GPS" Value="40.176522214934394, -75.52865272394897"/>
				<Field Name="UserName" Value="bwalbridge2"/>
				<Field Name="UserEmail" Value="bryanwalbridge@gmail.com"/>
				<Field Name="UserHomeFolder" Value="\\NUAN-MOBAD01\HOME\bwalbridge2"/>
				<Field Name="FormName" Value="Delivery Acceptance"/>
				<Field Name="JobID" Value="2539552779-13277-20233-151-149"/>
			</KnowledgeFields>
		</KnowledgeObject>
	</KnowledgeObjects>
</AutoStore>
