<?xml version="1.0" encoding="utf-8"?>
<AutoStore NSI_SIG2="EE17638C500BAF11C9EB59DD8F0E7A2786BB0BFCA47EA92ADE467A2918DFC2126F73CEF2FBD164FF7BFBB53997EE4C47">
	<Header Version="2" DateCreated="2018-02-08" TimeCreated="17:14:23" AUTHOR="" COMMENTS=""/>
	<KnowledgeObjects ObjID="3244118212-45855-20334-138-149">
		<KnowledgeObject ObjID="4165800563-22342-19367-150-86">
			<KnowledgeDocuments>
				<KnowledgeDocument Type="pdf" Name="1.pdf" ObjID="3776382032-64228-17234-165-111" DocRef="3724729256-9116-19885-170-91.dat"/>
				<KnowledgeDocument Type="pdf" Name="5.pdf" ObjID="3573884345-33271-16866-171-255" DocRef="2619038565-4941-17470-156-225.dat"/>
			</KnowledgeDocuments>
			<KnowledgeFields>
				<Field Name="AW" Value="No"/>
				<Field Name="QC" Value="No"/>
				<Field Name="WC" Value="No"/>
				<Field Name="AX" Value="No"/>
				<Field Name="AC" Value="No"/>
				<Field Name="OF" Value="No"/>
				<Field Name="BC" Value="Yes"/>
				<Field Name="OM" Value="No"/>
				<Field Name="SC" Value="No"/>
				<Field Name="EQ" Value="Yes"/>
				<Field Name="EC" Value="No"/>
				<Field Name="UserName" Value="bill.holley"/>
				<Field Name="UserHomeFolder" Value="\\NUAN-MOBAD01\HOME\bill.holley"/>
				<Field Name="UserEmail" Value="bill.holley@nuance.com"/>
				<Field Name="FormName" Value="Information Request"/>
				<Field Name="JobID" Value="4165800563-22342-19367-150-86"/>
				<Field Name="Fullname" Value="Bill"/>
				<Field Name="JobTitle" Value="Rsm"/>
				<Field Name="Company" Value="Nuance"/>
				<Field Name="EmailAddress" Value="William.Holley@nuance.com"/>
				<Field Name="PhoneNumber" Value="7777"/>
				<Field Name="MobileNumber" Value="66788"/>
				<Field Name="Consent" Value="0"/>
				<Field Name="Products" Value="1;5"/>
				<Field Name="Section" Value="Sales\Information Request"/>
			</KnowledgeFields>
		</KnowledgeObject>
	</KnowledgeObjects>
</AutoStore>
