<?xml version="1.0" encoding="utf-8"?>
<AutoStore NSI_SIG2="5FD39A70E27276E28FB21490B14F0A4C3DBEBE868348872BF58EAFAEA4F00B9FEC9258005A787219B5D092E0ACD1476B">
	<Header Version="2" DateCreated="2017-11-15" TimeCreated="16:19:01" AUTHOR="" COMMENTS=""/>
	<KnowledgeObjects ObjID="4105960170-3475-16751-181-43">
		<KnowledgeObject ObjID="3416106347-31680-19583-136-183">
			<KnowledgeDocuments>
				<KnowledgeDocument Type="png" Name="DriversSignature_201711151619009571.png" ObjID="1284796605-23026-16714-133-103" DocRef="1763000132-29162-19747-146-17.dat"/>
				<KnowledgeDocument Type="png" Name="CustomerSignature_201711151619009593.png" ObjID="3604229180-24418-18142-128-122" DocRef="2707590001-47016-18947-148-182.dat"/>
			</KnowledgeDocuments>
			<KnowledgeFields>
				<Field Name="FileCount" Value="2"/>
				<Field Name="AnimalsDied" Value="0"/>
				<Field Name="AnimalsInjured" Value="0"/>
				<Field Name="AnimalsAlive" Value="50"/>
				<Field Name="DestinationTown" Value="Bury"/>
				<Field Name="DestinationAddress" Value="Processing Plant"/>
				<Field Name="JobID" Value="3416106347-31680-19583-136-183"/>
				<Field Name="FormName" Value="Delivery Confirmation"/>
				<Field Name="UserHomeFolder" Value="\\AS-OF360\Users\JCH"/>
				<Field Name="UserEmail" Value="jch@ndi-demo.local"/>
				<Field Name="UserName" Value="JCH"/>
				<Field Name="VehicleReg" Value="MW13BWE"/>
				<Field Name="DeliveryDate" Value="15-11-2017"/>
				<Field Name="DeliveryNumber" Value=""/>
				<Field Name="OwnerName" Value="Fred Smith"/>
				<Field Name="OwnerAddress" Value="Newholme Farm"/>
				<Field Name="OwnerTown" Value="Bolton"/>
				<Field Name="AnimalQty" Value="50"/>
				<Field Name="AnimalType" Value="Sheep"/>
				<Field Name="DepartureAddress" Value="Newholme Farm"/>
				<Field Name="DepartureTown" Value="Bolton"/>
				<Field Name="DepartureDate" Value=""/>
				<Field Name="DepatureTime" Value=""/>
				<Field Name="HaulageAssuranceNo" Value="~ASX::%HaulageAssuranceNo%~"/>
				<Field Name="Driver" Value="John Campbell-Higgens"/>
				<Field Name="MAFFAuthorisation" Value="GALLAS/000992"/>
				<Field Name="DataFile" Value="C:\Nuance\MobileDemo\Data\JCH\MW13BWE\15-11-2017\MW13BWE_15-11-2017_1.txt"/>
				<Field Name="Section" Value="Logistics\Livestock Transportation"/>
				<Field Name="RenameSchema" Value="MW13BWE-15-11-2017-C:\Nuance\MobileDemo\Data\JCH\MW13BWE\15-11-2017\MW13BWE_15-11-2017_1.txt"/>
			</KnowledgeFields>
		</KnowledgeObject>
	</KnowledgeObjects>
</AutoStore>
