<?xml version="1.0" encoding="utf-8"?>
<AutoStore NSI_SIG2="294232A1AFDF80A5F3FFB00C452B255CAFBAF6213892252F0B8758E56AA7EA94025B2239D0ECB498D93FEB3DB8EC262C">
	<Header Version="2" DateCreated="2018-07-26" TimeCreated="17:49:10" AUTHOR="" COMMENTS=""/>
	<KnowledgeObjects ObjID="1044140508-23867-17727-179-253">
		<KnowledgeObject ObjID="3519727812-11044-17118-173-207">
			<KnowledgeDocuments>
				<KnowledgeDocument Type="jpg" Name="cdv_photo_004.jpg" ObjID="3775284239-19887-16627-143-187" DocRef="360942772-18231-18512-190-58.dat"/>
				<KnowledgeDocument Type="png" Name="Sketch_201807261749094130.png" ObjID="2800436537-33953-18591-167-66" DocRef="3579810449-29796-16864-133-47.dat"/>
			</KnowledgeDocuments>
			<KnowledgeFields>
				<Field Name="WitnessMobile2" Value=""/>
				<Field Name="WitnessPhone2" Value=""/>
				<Field Name="WitnessAddress2" Value=""/>
				<Field Name="WitnessName2" Value=""/>
				<Field Name="WitnessMobile1" Value=""/>
				<Field Name="WitnessPhone1" Value=""/>
				<Field Name="WitnessAddress1" Value=""/>
				<Field Name="WitnessName1" Value=""/>
				<Field Name="OtherInfor" Value=""/>
				<Field Name="BadgeNumber" Value=""/>
				<Field Name="Phone" Value=""/>
				<Field Name="Department" Value=""/>
				<Field Name="OfficerName" Value=""/>
				<Field Name="OtherInjuries" Value=""/>
				<Field Name="OtherPassenger" Value=""/>
				<Field Name="YourInjuries" Value=""/>
				<Field Name="YourPassengers" Value=""/>
				<Field Name="OtherDriverPhone" Value=""/>
				<Field Name="OtherDriverAddress" Value=""/>
				<Field Name="OtherDriverName" Value=""/>
				<Field Name="InsuranceCompany" Value=""/>
				<Field Name="Registration" Value=""/>
				<Field Name="VehicleColour" Value=""/>
				<Field Name="VehicleModel" Value=""/>
				<Field Name="VehicleMake" Value=""/>
				<Field Name="OwnerPhone" Value=""/>
				<Field Name="OwnerAddress" Value=""/>
				<Field Name="OwnerName" Value=""/>
				<Field Name="OtherRecovery" Value=""/>
				<Field Name="OtherVehicleDamage" Value=""/>
				<Field Name="YourRecovery" Value=""/>
				<Field Name="YourVehicleDamage" Value=""/>
				<Field Name="AccidentDetails" Value=""/>
				<Field Name="Location" Value="Dan K Moore Fwy, Morrisville, NC 27560, USA"/>
				<Field Name="Conditions" Value=""/>
				<Field Name="AccidentTime" Value="3:00"/>
				<Field Name="AccidentDate" Value="7/26/2018"/>
				<Field Name="FileCount" Value="2"/>
				<Field Name="RenameSchema" Value="Accident Form - 7/26/2018 3:00"/>
				<Field Name="Section" Value="Insurance and Financial Services"/>
				<Field Name="UserHomeFolder" Value="\\NUAN-MOBAD01\HOME\wgh213"/>
				<Field Name="UserEmail" Value="william.holley@nuance.com"/>
				<Field Name="UserName" Value="wgh213"/>
				<Field Name="FormName" Value="Accident Damage Report"/>
				<Field Name="JobID" Value="3519727812-11044-17118-173-207"/>
			</KnowledgeFields>
		</KnowledgeObject>
	</KnowledgeObjects>
</AutoStore>
