<?xml version="1.0" encoding="utf-8"?>
<AutoStore NSI_SIG2="4111858E7374CFA0575ACE7FA325CB2B3CB2337422125861AC9513B31A6FEE83701A6FFB44F07A7702D33DF1F41E1E32">
	<Header Version="2" DateCreated="2020-01-26" TimeCreated="03:46:00" AUTHOR="" COMMENTS=""/>
	<KnowledgeObjects ObjID="164616025-11143-18827-145-99">
		<KnowledgeObject ObjID="2782445855-31268-18229-138-177">
			<KnowledgeDocuments>
				<KnowledgeDocument Type="jpg" Name="tumblr_9a5df9da3645213427a5c78f64db62a8_b405f28a_500.jpg" ObjID="1798498791-33118-17890-142-122" DocRef="3104983047-15365-19051-179-192.dat"/>
				<KnowledgeDocument Type="png" Name="Sketch_202001260345597603.png" ObjID="2325102337-36890-17956-142-248" DocRef="3595331981-34947-20391-147-211.dat"/>
			</KnowledgeDocuments>
			<KnowledgeFields>
				<Field Name="WitnessMobile2" Value=""/>
				<Field Name="WitnessPhone2" Value=""/>
				<Field Name="WitnessAddress2" Value=""/>
				<Field Name="WitnessName2" Value=""/>
				<Field Name="WitnessMobile1" Value="45567"/>
				<Field Name="WitnessPhone1" Value=""/>
				<Field Name="WitnessAddress1" Value=""/>
				<Field Name="WitnessName1" Value=""/>
				<Field Name="OtherInfor" Value="Brak"/>
				<Field Name="BadgeNumber" Value="356"/>
				<Field Name="Phone" Value="5678"/>
				<Field Name="Department" Value=""/>
				<Field Name="OfficerName" Value=""/>
				<Field Name="OtherInjuries" Value="Brak"/>
				<Field Name="OtherPassenger" Value=""/>
				<Field Name="YourInjuries" Value=""/>
				<Field Name="YourPassengers" Value=""/>
				<Field Name="OtherDriverPhone" Value="45677"/>
				<Field Name="OtherDriverAddress" Value="Xxx"/>
				<Field Name="OtherDriverName" Value="Jarek kossak"/>
				<Field Name="InsuranceCompany" Value="Pzu"/>
				<Field Name="Registration" Value="Cv53256"/>
				<Field Name="VehicleColour" Value="Black"/>
				<Field Name="VehicleModel" Value="Supra"/>
				<Field Name="VehicleMake" Value="Toyota"/>
				<Field Name="OwnerPhone" Value="567885"/>
				<Field Name="OwnerAddress" Value=""/>
				<Field Name="OwnerName" Value=""/>
				<Field Name="OtherRecovery" Value=""/>
				<Field Name="OtherVehicleDamage" Value="Smieciara"/>
				<Field Name="YourRecovery" Value=""/>
				<Field Name="YourVehicleDamage" Value=""/>
				<Field Name="AccidentDetails" Value="Wjechal mi smieciara w tyl"/>
				<Field Name="Location" Value="Wawozowa 36, 02-796 Warszawa, Polska"/>
				<Field Name="Conditions" Value="Rainly"/>
				<Field Name="AccidentTime" Value="15:45"/>
				<Field Name="AccidentDate" Value="1/25/2020"/>
				<Field Name="FileCount" Value="2"/>
				<Field Name="RenameSchema" Value="Accident Form - 1/25/2020 15:45"/>
				<Field Name="Section" Value="Insurance and Financial Services"/>
				<Field Name="UserHomeFolder" Value="\\US01VMBCMD01\HOME\Jarek"/>
				<Field Name="UserEmail" Value="jk@unicorn.pl"/>
				<Field Name="UserName" Value="Jarek"/>
				<Field Name="FormName" Value="Accident Damage Report"/>
				<Field Name="JobID" Value="2782445855-31268-18229-138-177"/>
			</KnowledgeFields>
		</KnowledgeObject>
	</KnowledgeObjects>
</AutoStore>
