<?xml version="1.0" encoding="utf-8"?>
<AutoStore NSI_SIG2="FD14BBFB6528F49B0FF7F2EED1ADC4E46AF705F6075B77B267F4461A19DC3C0CD2741271458D17F0030D85A143A15820">
	<Header Version="2" DateCreated="2018-01-12" TimeCreated="10:54:16" AUTHOR="" COMMENTS=""/>
	<KnowledgeObjects ObjID="1087582517-63929-18619-155-185">
		<KnowledgeObject ObjID="2310382158-39081-19490-145-104">
			<KnowledgeDocuments>
				<KnowledgeDocument Type="TXT" Name="Patient - De_Jfjd.TXT" ObjID="2286485069-51258-16789-133-228" DocRef="3021103813-13970-16827-172-208.dat"/>
			</KnowledgeDocuments>
			<KnowledgeFields>
				<Field Name="Section" Value="Healthcare\Patient Registration"/>
				<Field Name="JobID" Value="2310382158-39081-19490-145-104"/>
				<Field Name="FormName" Value="New Patient Admittance"/>
				<Field Name="UserHomeFolder" Value="\\NUAN-MOBAD01\HOME\modesto@mhermida.com"/>
				<Field Name="UserEmail" Value="modesto@mhermida.com"/>
				<Field Name="UserName" Value="modesto@mhermida.com"/>
				<Field Name="RenameSchema" Value="Patient - De_Jfjd"/>
				<Field Name="Forename" Value="Jfjd"/>
				<Field Name="Surname" Value="De"/>
				<Field Name="SSN" Value=""/>
				<Field Name="Street" Value="Uu"/>
				<Field Name="City" Value="F"/>
				<Field Name="State" Value="D"/>
				<Field Name="ZIP" Value="Fd"/>
				<Field Name="Reason" Value="Dd"/>
			</KnowledgeFields>
		</KnowledgeObject>
	</KnowledgeObjects>
</AutoStore>
