<?xml version="1.0" encoding="utf-8"?>
<AutoStore NSI_SIG2="A759CE0AE3A138BD9AE8CC89D89119731FE3A1F6AAAF1194C1E76E06275B52598E3EF0E38F1FCC8BEFBBFDA4636324A0">
	<Header Version="2" DateCreated="2018-09-22" TimeCreated="01:10:43" AUTHOR="" COMMENTS=""/>
	<KnowledgeObjects ObjID="1002463410-950-18563-128-25">
		<KnowledgeObject ObjID="2981428249-24891-17029-191-154">
			<KnowledgeDocuments>
				<KnowledgeDocument Type="pdf" Name="Nurse ID Labels.pdf" ObjID="1957445263-29013-19234-186-215" DocRef="1407129120-17230-16649-165-41.dat"/>
				<KnowledgeDocument Type="png" Name="Signature_201809220110374521.png" ObjID="2987815330-48727-19602-173-209" DocRef="505695896-14022-19580-190-123.dat"/>
			</KnowledgeDocuments>
			<KnowledgeFields>
				<Field Name="DeliveryTime" Value="01:10"/>
				<Field Name="DeliveryDate" Value="22/09/2018"/>
				<Field Name="Driver" Value="perry scarcelli"/>
				<Field Name="SignatureName" Value="Smitj"/>
				<Field Name="DeliveryID" Value="3456789012"/>
				<Field Name="Surname" Value="Smith"/>
				<Field Name="Firstname" Value="Sam"/>
				<Field Name="Address" Value="3 The Cottages, Worsley, Manchester"/>
				<Field Name="Postcode" Value="M32 5TQ"/>
				<Field Name="Signature" Value="C:\Nuance\MobileDemo\Home\WebCapture\WORK\d3b37a31-132b-4ee5-b83f-a4dd4053644f\Signature_201809220110374521.png"/>
				<Field Name="GPS" Value="52.1296614455374, -106.66602180121353"/>
				<Field Name="UserName" Value="perry scarcelli"/>
				<Field Name="UserEmail" Value="Perryscarcelli@yahoo.com"/>
				<Field Name="UserHomeFolder" Value="\\NUAN-MOBAD01\HOME\Perry scarcelli"/>
				<Field Name="FormName" Value="Delivery Acceptance"/>
				<Field Name="JobID" Value="2981428249-24891-17029-191-154"/>
			</KnowledgeFields>
		</KnowledgeObject>
	</KnowledgeObjects>
</AutoStore>
