<?xml version="1.0" encoding="utf-8"?>
<AutoStore NSI_SIG2="F33208DB4BD038FF71EE5359E9F87199DEAD8ABF75F92AC2456CB93BFDF74348FE1FAD618CAC825680A8FA145A3D7CD5">
	<Header Version="2" DateCreated="2019-01-03" TimeCreated="06:09:22" AUTHOR="" COMMENTS=""/>
	<KnowledgeObjects ObjID="1677544697-62537-16912-160-152">
		<KnowledgeObject ObjID="3301703615-51404-16992-179-108">
			<KnowledgeDocuments>
				<KnowledgeDocument Type="pdf" Name="POD-1.pdf" ObjID="2232146651-59536-16788-158-218" DocRef="1854560179-57600-19883-130-119.dat"/>
				<KnowledgeDocument Type="png" Name="Signature_201901030609139318.png" ObjID="3448207797-56923-19293-149-5" DocRef="1458179794-15427-16952-135-135.dat"/>
			</KnowledgeDocuments>
			<KnowledgeFields>
				<Field Name="DeliveryTime" Value="06:09"/>
				<Field Name="DeliveryDate" Value="03/01/2019"/>
				<Field Name="Driver" Value="xodice"/>
				<Field Name="SignatureName" Value="Cliff keen 1992"/>
				<Field Name="DeliveryID" Value="https://www.usaw_logo_small.xps.9is6ojzn7veg7_6p2is71uwtd.xps.com"/>
				<Field Name="Surname" Value=""/>
				<Field Name="Firstname" Value=""/>
				<Field Name="Address" Value=""/>
				<Field Name="Postcode" Value=""/>
				<Field Name="Signature" Value="C:\Nuance\MobileDemo\Home\WebCapture\WORK\08bdf3ca-cac2-4600-8691-9d003452907d\Signature_201901030609139318.png"/>
				<Field Name="GPS" Value="43.29964820499642, -72.47394302568347"/>
				<Field Name="UserName" Value="xodice"/>
				<Field Name="UserEmail" Value="Nparillo@ssdvermont.com"/>
				<Field Name="UserHomeFolder" Value="\\NUAN-MOBAD01\HOME\Xodice"/>
				<Field Name="FormName" Value="Delivery Acceptance"/>
				<Field Name="JobID" Value="3301703615-51404-16992-179-108"/>
			</KnowledgeFields>
		</KnowledgeObject>
	</KnowledgeObjects>
</AutoStore>
