<?xml version="1.0" encoding="utf-8"?>
<AutoStore NSI_SIG2="04D8CD5E764D2D8E21B6F65452FDFCE024694B2F971944AC22A0274247B2505DBACD753EE4A6B0DE0977CFBD47B0E64B">
	<Header Version="2" DateCreated="2018-02-06" TimeCreated="12:53:15" AUTHOR="" COMMENTS=""/>
	<KnowledgeObjects ObjID="3352348143-22619-18323-138-215">
		<KnowledgeObject ObjID="1623278611-55533-17432-139-101">
			<KnowledgeDocuments>
				<KnowledgeDocument Type="pdf" Name="Machine ID Labels.pdf" ObjID="4195139529-6056-17950-177-122" DocRef="1598609764-13296-20337-155-252.dat"/>
			</KnowledgeDocuments>
			<KnowledgeFields>
				<Field Name="DocClass" Value="Not Found"/>
				<Field Name="UserName" Value="canonch"/>
				<Field Name="UserEmail" Value="dominic.clancy@canon.ch"/>
				<Field Name="UserHomeFolder" Value="\\NUAN-MOBAD01\HOME\canonch"/>
				<Field Name="FormName" Value="Classification Example"/>
				<Field Name="JobID" Value="1623278611-55533-17432-139-101"/>
				<Field Name="Section" Value="Security and GDPR"/>
				<Field Name="RequestType" Value="Folder"/>
			</KnowledgeFields>
		</KnowledgeObject>
	</KnowledgeObjects>
</AutoStore>
