<?xml version="1.0" encoding="utf-8"?>
<AutoStore NSI_SIG2="D2A8539300CC60E6B81A350FC5370A3E7ED5C0C74D732EA633EBC7916349BFBF0159CDCCFD5E37AFF08CFABCFB284F38">
	<Header Version="2" DateCreated="2018-02-15" TimeCreated="18:00:40" AUTHOR="" COMMENTS=""/>
	<KnowledgeObjects ObjID="1328098535-14340-17483-173-205">
		<KnowledgeObject ObjID="1155670450-56952-16428-182-189">
			<KnowledgeDocuments>
				<KnowledgeDocument Type="pdf" Name="CustomerIDLabels.pdf" ObjID="3177003527-58257-19660-162-41" DocRef="1847966120-596-18199-191-58.dat"/>
			</KnowledgeDocuments>
			<KnowledgeFields>
				<Field Name="DocClass" Value="Not Found"/>
				<Field Name="UserName" Value="ian.dixon"/>
				<Field Name="UserEmail" Value="ian.dixon100@gmail.com"/>
				<Field Name="UserHomeFolder" Value="\\NUAN-MOBAD01\HOME\ian.dixon"/>
				<Field Name="FormName" Value="Classification Example"/>
				<Field Name="JobID" Value="1155670450-56952-16428-182-189"/>
				<Field Name="Section" Value="Security and GDPR"/>
				<Field Name="RequestType" Value="Email"/>
			</KnowledgeFields>
		</KnowledgeObject>
	</KnowledgeObjects>
</AutoStore>
