<?xml version="1.0" encoding="utf-8"?>
<AutoStore NSI_SIG2="C1F99752B6A68E94EDA3C96AA36AC687AE2BEE4BDFED112035F64C9DCF335CF969B647FCB92DEF6870DEC9D5CB6C7300">
	<Header Version="2" DateCreated="2018-06-29" TimeCreated="20:40:25" AUTHOR="" COMMENTS=""/>
	<KnowledgeObjects ObjID="3505398635-46311-18806-137-19">
		<KnowledgeObject ObjID="791863003-31653-16920-182-54">
			<KnowledgeDocuments>
				<KnowledgeDocument Type="png" Name="Signature_201806292040247380.png" ObjID="3554378634-15591-19305-144-94" DocRef="3094302536-42564-18575-135-203.dat"/>
			</KnowledgeDocuments>
			<KnowledgeFields>
				<Field Name="RenameSchema" Value="Site HSE Report - 5336 - 6/29/2018"/>
				<Field Name="Section" Value="Field Service"/>
				<Field Name="UserHomeFolder" Value="\\NUAN-MOBAD01\HOME\feberly"/>
				<Field Name="UserEmail" Value="fred.eberly@tbs.toshiba.com"/>
				<Field Name="UserName" Value="feberly"/>
				<Field Name="FormName" Value="Site Health &amp; Safety Report"/>
				<Field Name="JobID" Value="791863003-31653-16920-182-54"/>
				<Field Name="Job" Value="5336"/>
				<Field Name="GPS" Value="40.1349318, -76.2933731"/>
				<Field Name="ReportDate" Value="6/29/2018"/>
				<Field Name="Access" Value="Good"/>
				<Field Name="General" Value=""/>
				<Field Name="Tidiness" Value=""/>
				<Field Name="Lighting" Value=""/>
				<Field Name="Access1" Value=""/>
				<Field Name="Access2" Value=""/>
				<Field Name="FirstAid" Value=""/>
				<Field Name="Welfare" Value=""/>
				<Field Name="FIre" Value=""/>
				<Field Name="Compliance" Value="Poor"/>
				<Field Name="Inductions" Value=""/>
				<Field Name="Incidents" Value=""/>
				<Field Name="Work" Value=""/>
				<Field Name="Plant" Value=""/>
				<Field Name="PPE" Value=""/>
				<Field Name="Comments" Value="There are no comments"/>
				<Field Name="CompletedBy" Value="Fred Eberly"/>
				<Field Name="Position" Value="Sales"/>
				<Field Name="Signature" Value="C:\Nuance\MobileDemo\Home\WebCapture\WORK\8ece0dc7-4d7b-4db2-956b-051f2b04e944\Signature_201806292040247380.png"/>
			</KnowledgeFields>
		</KnowledgeObject>
	</KnowledgeObjects>
</AutoStore>
