<?xml version="1.0" encoding="utf-8"?>
<AutoStore NSI_SIG2="E4B2B84CD5302B6741B8915FD6D464E7CFE93383160C36B807639789C494FA1F3E6F5FFFC125F7A8AC918893EF96C309">
	<Header Version="2" DateCreated="2017-10-18" TimeCreated="08:30:55" AUTHOR="" COMMENTS=""/>
	<KnowledgeObjects ObjID="3274536177-64667-18337-161-252">
		<KnowledgeObject ObjID="3014375071-52816-19445-190-50">
			<KnowledgeDocuments>
				<KnowledgeDocument Type="pdf" Name="scanFile0003_p.pdf" ObjID="2961758894-6968-17606-142-37" DocRef="3068568850-29774-19847-129-198.dat"/>
			</KnowledgeDocuments>
			<KnowledgeFields>
				<Field Name="NextTask" Value="STM"/>
				<Field Name="ConvertTo" Value="PDF/A"/>
				<Field Name="Convert" Value="STM"/>
				<Field Name="UserDispName" Value="John Campbell-Higgens"/>
				<Field Name="UserHomeFolder" Value="\\AS-OF360\Users\JCH"/>
				<Field Name="UserEmail" Value="jch@ndi-demo.eu"/>
				<Field Name="UserName" Value="JCH"/>
			</KnowledgeFields>
		</KnowledgeObject>
	</KnowledgeObjects>
</AutoStore>
