<?xml version="1.0" encoding="utf-8"?>
<AutoStore NSI_SIG2="40517018B52CD23D887CABF09279855053218D295A73602B55C4C532F1D32FB09F06B7D99E7B2DE1F186141E8A7217E5">
	<Header Version="2" DateCreated="2018-04-25" TimeCreated="20:09:28" AUTHOR="" COMMENTS=""/>
	<KnowledgeObjects ObjID="4012696635-6733-19703-188-88">
		<KnowledgeObject ObjID="3127347882-51438-16680-152-136">
			<KnowledgeDocuments>
				<KnowledgeDocument Type="pdf" Name="Patient ID Labels.pdf" ObjID="63107586-33768-18743-161-84" DocRef="2946881925-9795-18103-171-26.dat"/>
				<KnowledgeDocument Type="png" Name="Signature_201804252009239763.png" ObjID="535311382-30386-19915-150-227" DocRef="3749411916-9998-18323-162-41.dat"/>
			</KnowledgeDocuments>
			<KnowledgeFields>
				<Field Name="DeliveryTime" Value="20:09"/>
				<Field Name="DeliveryDate" Value="25/04/2018"/>
				<Field Name="Driver" Value="jim"/>
				<Field Name="SignatureName" Value="Kitedv"/>
				<Field Name="DeliveryID" Value="Vsyjgfu"/>
				<Field Name="Surname" Value=""/>
				<Field Name="Firstname" Value=""/>
				<Field Name="Address" Value=""/>
				<Field Name="Postcode" Value=""/>
				<Field Name="Signature" Value="C:\Nuance\MobileDemo\Home\WebCapture\WORK\15f6a4d2-4703-4d07-a7cb-f44d7eee307a\Signature_201804252009239763.png"/>
				<Field Name="GPS" Value="33.70326171098063, -117.31942496159532"/>
				<Field Name="UserName" Value="jim"/>
				<Field Name="UserEmail" Value="James.saavedra@nuance.com"/>
				<Field Name="UserHomeFolder" Value="\\NUAN-MOBAD01\HOME\Jim"/>
				<Field Name="FormName" Value="Delivery Acceptance"/>
				<Field Name="JobID" Value="3127347882-51438-16680-152-136"/>
			</KnowledgeFields>
		</KnowledgeObject>
	</KnowledgeObjects>
</AutoStore>
