<?xml version="1.0" encoding="utf-8"?>
<AutoStore NSI_SIG2="B09F7B3D1DCEF81CE31BECB693B62AD73D36B71C187D63F50AE21AB3A92853BED9F32844CF92C7F1406CEBEC745C0EC7">
	<Header Version="2" DateCreated="2018-06-20" TimeCreated="15:02:06" AUTHOR="" COMMENTS=""/>
	<KnowledgeObjects ObjID="142172194-65009-19000-176-243">
		<KnowledgeObject ObjID="1762224586-22333-18784-129-61">
			<KnowledgeDocuments>
				<KnowledgeDocument Type="png" Name="Signature_201806201502060820.png" ObjID="2603867698-52960-17673-186-144" DocRef="1124398620-30678-20228-181-32.dat"/>
			</KnowledgeDocuments>
			<KnowledgeFields>
				<Field Name="RenameSchema" Value="Site HSE Report - Calgary - 6/20/2018"/>
				<Field Name="Section" Value="Field Service"/>
				<Field Name="UserHomeFolder" Value="\\NUAN-MOBAD01\HOME\bingleyr"/>
				<Field Name="UserEmail" Value="rob.bingley@ricoh.ca"/>
				<Field Name="UserName" Value="bingleyr"/>
				<Field Name="FormName" Value="Site Health &amp; Safety Report"/>
				<Field Name="JobID" Value="1762224586-22333-18784-129-61"/>
				<Field Name="Job" Value="Calgary"/>
				<Field Name="GPS" Value="51.00039539918783, -114.0362807698127"/>
				<Field Name="ReportDate" Value="6/20/2018"/>
				<Field Name="Access" Value="Good"/>
				<Field Name="General" Value="Good"/>
				<Field Name="Tidiness" Value="Good"/>
				<Field Name="Lighting" Value="Good"/>
				<Field Name="Access1" Value="Good"/>
				<Field Name="Access2" Value="Good"/>
				<Field Name="FirstAid" Value="Good"/>
				<Field Name="Welfare" Value="Good"/>
				<Field Name="FIre" Value="Good"/>
				<Field Name="Compliance" Value="Good"/>
				<Field Name="Inductions" Value="Yes"/>
				<Field Name="Incidents" Value="Yes"/>
				<Field Name="Work" Value="Yes"/>
				<Field Name="Plant" Value="Yes"/>
				<Field Name="PPE" Value="Yes"/>
				<Field Name="Comments" Value=""/>
				<Field Name="CompletedBy" Value=""/>
				<Field Name="Position" Value=""/>
				<Field Name="Signature" Value="C:\Nuance\MobileDemo\Home\WebCapture\WORK\143323bf-a53a-4b8d-919a-2286a59832ec\Signature_201806201502060820.png"/>
			</KnowledgeFields>
		</KnowledgeObject>
	</KnowledgeObjects>
</AutoStore>
