<?xml version="1.0" encoding="utf-8"?>
<AutoStore NSI_SIG2="28C81B356DAC2D323F4AE50E4BD02F0D3A77EBE38BA10D234F3971F0A0C28BAF6505CF577BE35331AB7056CF272BBFF1">
	<Header Version="2" DateCreated="2018-04-24" TimeCreated="17:55:05" AUTHOR="" COMMENTS=""/>
	<KnowledgeObjects ObjID="3883827073-56127-20255-137-163">
		<KnowledgeObject ObjID="480717321-20526-17020-129-104">
			<KnowledgeDocuments>
				<KnowledgeDocument Type="jpg" Name="cdv_photo_008.jpg" ObjID="1488983165-41636-18390-146-39" DocRef="4250190113-58443-18530-182-63.dat"/>
			</KnowledgeDocuments>
			<KnowledgeFields>
				<Field Name="VisitParking" Value="Yes"/>
				<Field Name="VisitCarReg" Value="Wertyu"/>
				<Field Name="VisitorCompany" Value="Ricoh"/>
				<Field Name="SelectedVisitor" Value="2018_04_24_Smith_Bob_danacendicott_1"/>
				<Field Name="VisitorSurname" Value="Smith"/>
				<Field Name="VisitorFirstname" Value="Bob"/>
				<Field Name="VisitorHost" Value="danacendicott"/>
				<Field Name="VisitDate" Value="2018/04/24"/>
				<Field Name="UserName" Value="danacendicott"/>
				<Field Name="UserEmail" Value="dana.endicott@nuance.com"/>
				<Field Name="UserHomeFolder" Value="\\NUAN-MOBAD01\HOME\danacendicott"/>
				<Field Name="FormName" Value="Visitor Badge"/>
				<Field Name="JodID" Value="480717321-20526-17020-129-104"/>
			</KnowledgeFields>
		</KnowledgeObject>
	</KnowledgeObjects>
</AutoStore>
