<?xml version="1.0" encoding="utf-8"?>
<AutoStore NSI_SIG2="DA09C8E45BF1EA6106CC00E61FC4220D45A2EDE2222261122CF7A5434D83E3C613C1F634E11B8B1D19A2AE102EB9F7FC">
	<Header Version="2" DateCreated="2018-04-26" TimeCreated="22:43:32" AUTHOR="" COMMENTS=""/>
	<KnowledgeObjects ObjID="4094093811-29184-18018-145-222">
		<KnowledgeObject ObjID="1526291125-8646-19551-130-111">
			<KnowledgeDocuments>
				<KnowledgeDocument Type="pdf" Name="POD-Address Labels.pdf" ObjID="1489498620-61931-16680-179-29" DocRef="1643702488-35962-16591-148-4.dat"/>
				<KnowledgeDocument Type="png" Name="Signature_201804262243277556.png" ObjID="2259556656-47168-19816-141-68" DocRef="3019962289-59045-19719-154-28.dat"/>
			</KnowledgeDocuments>
			<KnowledgeFields>
				<Field Name="DeliveryTime" Value="22:43"/>
				<Field Name="DeliveryDate" Value="26/04/2018"/>
				<Field Name="Driver" Value="jesaaved1"/>
				<Field Name="SignatureName" Value="Jim saavedra"/>
				<Field Name="DeliveryID" Value="2345678901"/>
				<Field Name="Surname" Value="Jones"/>
				<Field Name="Firstname" Value="Peter"/>
				<Field Name="Address" Value="High End Farm, Preston Road, Lytham"/>
				<Field Name="Postcode" Value="FY0 1YS"/>
				<Field Name="Signature" Value="C:\Nuance\MobileDemo\Home\WebCapture\WORK\e3d9d222-7968-4463-8a12-60964d948bf8\Signature_201804262243277556.png"/>
				<Field Name="GPS" Value="33.7032476, -117.3191322"/>
				<Field Name="UserName" Value="jesaaved1"/>
				<Field Name="UserEmail" Value="james.saavedra@hotmail.com"/>
				<Field Name="UserHomeFolder" Value="\\NUAN-MOBAD01\HOME\jesaaved1"/>
				<Field Name="FormName" Value="Delivery Acceptance"/>
				<Field Name="JobID" Value="1526291125-8646-19551-130-111"/>
			</KnowledgeFields>
		</KnowledgeObject>
	</KnowledgeObjects>
</AutoStore>
