<?xml version="1.0" encoding="utf-8"?>
<AutoStore NSI_SIG2="C72C1668513046DE12F69B34E096D41E1347668846846370A890409244810A33485AF98D19AFD0DEEFFE8F798F9D7C7D">
	<Header Version="2" DateCreated="2018-04-18" TimeCreated="17:05:49" AUTHOR="" COMMENTS=""/>
	<KnowledgeObjects ObjID="2901353408-20249-18363-133-54">
		<KnowledgeObject ObjID="109337315-12872-19045-139-234">
			<KnowledgeDocuments>
				<KnowledgeDocument Type="pdf" Name="POD-Address Labels.pdf" ObjID="1241475792-55206-16559-186-142" DocRef="2705444315-31498-18597-142-7.dat"/>
				<KnowledgeDocument Type="png" Name="Signature_201804181705418612.png" ObjID="1370486565-22260-16778-162-188" DocRef="2468642428-12930-20073-188-104.dat"/>
			</KnowledgeDocuments>
			<KnowledgeFields>
				<Field Name="DeliveryTime" Value="17:05"/>
				<Field Name="DeliveryDate" Value="18/04/2018"/>
				<Field Name="Driver" Value="perry s1"/>
				<Field Name="SignatureName" Value="Yes"/>
				<Field Name="DeliveryID" Value="1234"/>
				<Field Name="Surname" Value=""/>
				<Field Name="Firstname" Value=""/>
				<Field Name="Address" Value=""/>
				<Field Name="Postcode" Value=""/>
				<Field Name="Signature" Value="C:\Nuance\MobileDemo\Home\WebCapture\WORK\3b0ba67d-bff7-4420-939f-03f00e4d3b1d\Signature_201804181705418612.png"/>
				<Field Name="GPS" Value="51.000173919227464, -114.03645739710652"/>
				<Field Name="UserName" Value="perry s1"/>
				<Field Name="UserEmail" Value="perry.scarcelli@nuance.com"/>
				<Field Name="UserHomeFolder" Value="\\NUAN-MOBAD01\HOME\Perry S1"/>
				<Field Name="FormName" Value="Delivery Acceptance"/>
				<Field Name="JobID" Value="109337315-12872-19045-139-234"/>
			</KnowledgeFields>
		</KnowledgeObject>
	</KnowledgeObjects>
</AutoStore>
