<?xml version="1.0" encoding="utf-8"?>
<AutoStore NSI_SIG2="B29FD70A27C8505192242FBACF6E5DD1AFE11B91F4B98EDDA8A6F06EC4D5400B2F74933C20772BA675E88BD9B30A56A4">
	<Header Version="2" DateCreated="2018-12-15" TimeCreated="16:27:03" AUTHOR="" COMMENTS=""/>
	<KnowledgeObjects ObjID="2445949646-61593-18643-173-117">
		<KnowledgeObject ObjID="3851178516-20065-19341-162-196">
			<KnowledgeDocuments>
				<KnowledgeDocument Type="txt" Name="ActiproSoftwareLLC.562882FEEB491_24pqs290vpjk0.txt" ObjID="19704200-23045-18576-170-76" DocRef="1928706758-7781-17370-161-215.dat"/>
				<KnowledgeDocument Type="png" Name="Signature_201812151626562532.png" ObjID="8144455-39204-19088-153-230" DocRef="1942375861-61171-16438-185-69.dat"/>
			</KnowledgeDocuments>
			<KnowledgeFields>
				<Field Name="DeliveryTime" Value="16:26"/>
				<Field Name="DeliveryDate" Value="15/12/2018"/>
				<Field Name="Driver" Value="xodice"/>
				<Field Name="SignatureName" Value="Cliff keen 1992"/>
				<Field Name="DeliveryID" Value="1849"/>
				<Field Name="Surname" Value=""/>
				<Field Name="Firstname" Value=""/>
				<Field Name="Address" Value=""/>
				<Field Name="Postcode" Value=""/>
				<Field Name="Signature" Value="C:\Nuance\MobileDemo\Home\WebCapture\WORK\b4c292c0-df10-4768-b32e-623ee679cba6\Signature_201812151626562532.png"/>
				<Field Name="GPS" Value="43.29977474290741, -72.47386084876842"/>
				<Field Name="UserName" Value="xodice"/>
				<Field Name="UserEmail" Value="Nparillo@ssdvermont.com"/>
				<Field Name="UserHomeFolder" Value="\\NUAN-MOBAD01\HOME\Xodice"/>
				<Field Name="FormName" Value="Delivery Acceptance"/>
				<Field Name="JobID" Value="3851178516-20065-19341-162-196"/>
			</KnowledgeFields>
		</KnowledgeObject>
	</KnowledgeObjects>
</AutoStore>
