<?xml version="1.0" encoding="utf-8"?>
<AutoStore NSI_SIG2="87E8328057F8089CD40FD4952D6436C396089143D7259E387C66DFCB098428B84E9FC913A32B24BE0437797A151E5592">
	<Header Version="2" DateCreated="2018-02-28" TimeCreated="14:40:13" AUTHOR="" COMMENTS=""/>
	<KnowledgeObjects ObjID="2342979952-34871-19562-170-237">
		<KnowledgeObject ObjID="4243703617-6018-19214-172-36">
			<KnowledgeDocuments>
				<KnowledgeDocument Type="png" Name="Signed_201802281440091235.png" ObjID="1666677999-9103-17289-133-244" DocRef="3350424336-50960-18944-159-4.dat"/>
				<KnowledgeDocument Type="TXT" Name="TimeSheet.TXT" ObjID="2338750668-65465-16725-166-242" DocRef="2981675732-9748-18271-150-103.dat"/>
			</KnowledgeDocuments>
			<KnowledgeFields>
				<Field Name="ContractorName" Value="Jeffpelliconi Jeffpelliconi"/>
				<Field Name="Signature" Value="C:\Nuance\MobileDemo\Home\WebCapture\WORK\683678a5-d077-400a-a2ef-a9d81554bdff\Signed_201802281440091235.png"/>
				<Field Name="ContractorID" Value="jeffpelliconi"/>
				<Field Name="FriHours" Value=""/>
				<Field Name="FriEnd" Value=""/>
				<Field Name="FriStart" Value=""/>
				<Field Name="ThuHours" Value=""/>
				<Field Name="ThuEnd" Value=""/>
				<Field Name="ThuStart" Value=""/>
				<Field Name="WedHours" Value=""/>
				<Field Name="WedEnd" Value=""/>
				<Field Name="WedStart" Value=""/>
				<Field Name="TueHours" Value=""/>
				<Field Name="TueEnd" Value=""/>
				<Field Name="TueStart" Value=""/>
				<Field Name="MonHours" Value=""/>
				<Field Name="MonEnd" Value=""/>
				<Field Name="MonStart" Value=""/>
				<Field Name="WeekEnding" Value="28-02-2018"/>
				<Field Name="TimeSheetID" Value="0000090"/>
				<Field Name="TotalHours" Value=""/>
				<Field Name="Submitted" Value="28-02-2018"/>
				<Field Name="UserName" Value="jeffpelliconi"/>
				<Field Name="UserEmail" Value="Jeffrey.pelliconi@nuance.com"/>
				<Field Name="UserHomeFolder" Value="\\NUAN-MOBAD01\HOME\Jeffpelliconi"/>
				<Field Name="FormName" Value="Submit TimeSheet"/>
				<Field Name="JobID" Value="4243703617-6018-19214-172-36"/>
			</KnowledgeFields>
		</KnowledgeObject>
	</KnowledgeObjects>
</AutoStore>
