<?xml version="1.0" encoding="utf-8"?>
<AutoStore NSI_SIG2="F6AE974F9ACADA08408913B224F7FAF677E340A9D07E131E0A6D0AAAF9478271354149456A2DF2963E888ABE9C14B154">
	<Header Version="2" DateCreated="2018-12-09" TimeCreated="21:09:28" AUTHOR="" COMMENTS=""/>
	<KnowledgeObjects ObjID="437902290-41242-17131-169-68">
		<KnowledgeObject ObjID="2903430749-65430-18263-171-147">
			<KnowledgeDocuments>
				<KnowledgeDocument Type="png" Name="Sketch_201812092109279336.png" ObjID="282143786-48340-17323-163-205" DocRef="2650100872-7050-19763-163-251.dat"/>
			</KnowledgeDocuments>
			<KnowledgeFields>
				<Field Name="WitnessMobile2" Value=""/>
				<Field Name="WitnessPhone2" Value=""/>
				<Field Name="WitnessAddress2" Value=""/>
				<Field Name="WitnessName2" Value=""/>
				<Field Name="WitnessMobile1" Value=""/>
				<Field Name="WitnessPhone1" Value=""/>
				<Field Name="WitnessAddress1" Value=""/>
				<Field Name="WitnessName1" Value=""/>
				<Field Name="OtherInfor" Value=""/>
				<Field Name="BadgeNumber" Value=""/>
				<Field Name="Phone" Value=""/>
				<Field Name="Department" Value=""/>
				<Field Name="OfficerName" Value=""/>
				<Field Name="OtherInjuries" Value=""/>
				<Field Name="OtherPassenger" Value=""/>
				<Field Name="YourInjuries" Value=""/>
				<Field Name="YourPassengers" Value=""/>
				<Field Name="OtherDriverPhone" Value=""/>
				<Field Name="OtherDriverAddress" Value=""/>
				<Field Name="OtherDriverName" Value=""/>
				<Field Name="InsuranceCompany" Value=""/>
				<Field Name="Registration" Value=""/>
				<Field Name="VehicleColour" Value=""/>
				<Field Name="VehicleModel" Value=""/>
				<Field Name="VehicleMake" Value=""/>
				<Field Name="OwnerPhone" Value=""/>
				<Field Name="OwnerAddress" Value=""/>
				<Field Name="OwnerName" Value=""/>
				<Field Name="OtherRecovery" Value="Hhgg"/>
				<Field Name="OtherVehicleDamage" Value="Fff"/>
				<Field Name="YourRecovery" Value="Gghgg"/>
				<Field Name="YourVehicleDamage" Value="Rrr"/>
				<Field Name="AccidentDetails" Value="Hs"/>
				<Field Name="Location" Value="22 Rue du 19 Mars 1962, 59121 Haulchin, France"/>
				<Field Name="Conditions" Value="Humide"/>
				<Field Name="AccidentTime" Value="22h07"/>
				<Field Name="AccidentDate" Value="12/9/2018"/>
				<Field Name="FileCount" Value="1"/>
				<Field Name="RenameSchema" Value="Accident Form - 12/9/2018 22h07"/>
				<Field Name="Section" Value="Insurance and Financial Services"/>
				<Field Name="UserHomeFolder" Value="\\NUAN-MOBAD01\HOME\lporquet-nuance"/>
				<Field Name="UserEmail" Value="ludovic.porquet@nuance.Com"/>
				<Field Name="UserName" Value="lporquet-nuance"/>
				<Field Name="FormName" Value="Accident Damage Report"/>
				<Field Name="JobID" Value="2903430749-65430-18263-171-147"/>
			</KnowledgeFields>
		</KnowledgeObject>
	</KnowledgeObjects>
</AutoStore>
