<?xml version="1.0" encoding="utf-8"?>
<AutoStore NSI_SIG2="4B3A712692813C4EC9B93D8AFCAD64458010579466F505BC4565BDF11D70015DB97EAF21DF4105178DDF11E15263903B">
	<Header Version="2" DateCreated="2018-10-04" TimeCreated="01:32:49" AUTHOR="" COMMENTS=""/>
	<KnowledgeObjects ObjID="40994759-617-20228-132-245">
		<KnowledgeObject ObjID="2963386945-52020-18350-150-143">
			<KnowledgeDocuments>
				<KnowledgeDocument Type="pdf" Name="AdobeOnlineServicesAgreement_Combined-20080505.pdf" ObjID="789905071-4599-19725-149-167" DocRef="1985414046-57792-17593-186-163.dat"/>
				<KnowledgeDocument Type="png" Name="Signature_201810040132377461.png" ObjID="1423440240-53116-17747-187-39" DocRef="113502510-22310-17458-158-97.dat"/>
			</KnowledgeDocuments>
			<KnowledgeFields>
				<Field Name="DeliveryTime" Value="01:32"/>
				<Field Name="DeliveryDate" Value="04/10/2018"/>
				<Field Name="Driver" Value="xodice"/>
				<Field Name="SignatureName" Value="Van"/>
				<Field Name="DeliveryID" Value="ORDER-1"/>
				<Field Name="Surname" Value=""/>
				<Field Name="Firstname" Value=""/>
				<Field Name="Address" Value=""/>
				<Field Name="Postcode" Value=""/>
				<Field Name="Signature" Value="C:\Nuance\MobileDemo\Home\WebCapture\WORK\b2921f77-6b1d-4ef7-a6ce-ed00436140cf\Signature_201810040132377461.png"/>
				<Field Name="GPS" Value="43.299678165425334, -72.4737081720896"/>
				<Field Name="UserName" Value="xodice"/>
				<Field Name="UserEmail" Value="Nparillo@ssdvermont.com"/>
				<Field Name="UserHomeFolder" Value="\\NUAN-MOBAD01\HOME\Xodice"/>
				<Field Name="FormName" Value="Delivery Acceptance"/>
				<Field Name="JobID" Value="2963386945-52020-18350-150-143"/>
			</KnowledgeFields>
		</KnowledgeObject>
	</KnowledgeObjects>
</AutoStore>
