<?xml version="1.0" encoding="utf-8"?>
<AutoStore NSI_SIG2="54F93A91D5B7B4C2AAEAE95142301F44625803B43276139EF2E83DCF1D6F28B55521F7E5A5797F8E55F89953841B257A">
	<Header Version="2" DateCreated="2018-03-08" TimeCreated="18:32:55" AUTHOR="" COMMENTS=""/>
	<KnowledgeObjects ObjID="2601973675-28840-20326-148-106">
		<KnowledgeObject ObjID="2282951604-6605-20476-162-200">
			<KnowledgeDocuments>
				<KnowledgeDocument Type="png" Name="EngineerSignature_201803081832552929.png" ObjID="631553737-36200-19558-162-248" DocRef="1529648355-49802-18211-190-180.dat"/>
				<KnowledgeDocument Type="png" Name="CustomerSignature_201803081832553086.png" ObjID="769462220-61679-18582-184-31" DocRef="2580589384-7912-16784-147-31.dat"/>
			</KnowledgeDocuments>
			<KnowledgeFields>
				<Field Name="VisitDate" Value="03/08/18"/>
				<Field Name="JobID" Value="2282951604-6605-20476-162-200"/>
				<Field Name="FormName" Value="MFP Engineer Report"/>
				<Field Name="UserName" Value="bingleyr"/>
				<Field Name="UserEmail" Value="rob.bingley@ricoh.ca"/>
				<Field Name="UserHomeFolder" Value="\\NUAN-MOBAD01\HOME\bingleyr"/>
				<Field Name="Section" Value="Field Service"/>
				<Field Name="RenameSchema" Value="Engineer Report - Not Found - Not Found "/>
				<Field Name="TimeIn" Value="1"/>
				<Field Name="TimeOut" Value="2"/>
				<Field Name="Engineer" Value="bingleyr bingleyr"/>
				<Field Name="FileCount" Value="2"/>
				<Field Name="CustomerID" Value="123"/>
				<Field Name="CustomerName" Value="Not Found"/>
				<Field Name="Address" Value=""/>
				<Field Name="Contact" Value=""/>
				<Field Name="Phone" Value=""/>
				<Field Name="Mobile" Value=""/>
				<Field Name="MachineID" Value="1"/>
				<Field Name="Make" Value="Not Found "/>
				<Field Name="SerialNo" Value=""/>
				<Field Name="Colour" Value=""/>
				<Field Name="BW" Value=""/>
				<Field Name="WorkDone" Value=""/>
			</KnowledgeFields>
		</KnowledgeObject>
	</KnowledgeObjects>
</AutoStore>
