<?xml version="1.0" encoding="utf-8"?>
<AutoStore NSI_SIG2="D3613F9FC6CE7821480FA9EF6E0B1E619DE9D9A22FECAE7CF7B229E265E2EDE4787EC03038CA259075D6EE377813BDFE">
	<Header Version="2" DateCreated="2018-01-24" TimeCreated="20:53:49" AUTHOR="" COMMENTS=""/>
	<KnowledgeObjects ObjID="1997334137-59243-16624-183-202">
		<KnowledgeObject ObjID="326055267-41977-17927-159-91">
			<KnowledgeDocuments>
				<KnowledgeDocument Type="pdf" Name="1.pdf" ObjID="2783756132-41985-18527-176-51" DocRef="1158130360-2992-18920-161-223.dat"/>
			</KnowledgeDocuments>
			<KnowledgeFields>
				<Field Name="AW" Value="No"/>
				<Field Name="QC" Value="No"/>
				<Field Name="WC" Value="No"/>
				<Field Name="AX" Value="No"/>
				<Field Name="AC" Value="No"/>
				<Field Name="OF" Value="No"/>
				<Field Name="BC" Value="No"/>
				<Field Name="OM" Value="No"/>
				<Field Name="SC" Value="No"/>
				<Field Name="EQ" Value="Yes"/>
				<Field Name="EC" Value="No"/>
				<Field Name="UserName" Value="ian.dixon"/>
				<Field Name="UserHomeFolder" Value="\\NUAN-MOBAD01\HOME\ian.dixon"/>
				<Field Name="UserEmail" Value="ian.dixon100@gmail.com"/>
				<Field Name="FormName" Value="Information Request"/>
				<Field Name="JobID" Value="326055267-41977-17927-159-91"/>
				<Field Name="Fullname" Value="Ian D"/>
				<Field Name="JobTitle" Value="Sales"/>
				<Field Name="Company" Value="Nuance"/>
				<Field Name="EmailAddress" Value="ian.dixon@nuance.com"/>
				<Field Name="PhoneNumber" Value="578898754"/>
				<Field Name="MobileNumber" Value="4577888899"/>
				<Field Name="Consent" Value="1"/>
				<Field Name="Products" Value="1"/>
				<Field Name="Section" Value="Sales\Information Request"/>
			</KnowledgeFields>
		</KnowledgeObject>
	</KnowledgeObjects>
</AutoStore>
