<?xml version="1.0" encoding="utf-8"?>
<AutoStore NSI_SIG2="125C0EC469B24D0CAA3C4B14F4864DA160B49C36C2F744CEFA3548FE830A663E323A05FD1659FC4522AB0E0C81C617CA">
	<Header Version="2" DateCreated="2018-04-27" TimeCreated="18:03:22" AUTHOR="" COMMENTS=""/>
	<KnowledgeObjects ObjID="3286065187-58465-19722-184-58">
		<KnowledgeObject ObjID="2736746544-51951-18156-129-205">
			<KnowledgeDocuments>
				<KnowledgeDocument Type="jpg" Name="1524852193907.jpg" ObjID="41041696-12728-19414-155-255" DocRef="2739594307-48085-19317-159-164.dat"/>
				<KnowledgeDocument Type="png" Name="DriversSignature_201804271803217851.png" ObjID="3505162123-9707-16809-170-218" DocRef="2894240521-34330-19636-166-99.dat"/>
				<KnowledgeDocument Type="png" Name="CustomerSignature_201804271803217851.png" ObjID="1081494769-33676-16385-183-193" DocRef="3608066706-49571-20139-150-156.dat"/>
			</KnowledgeDocuments>
			<KnowledgeFields>
				<Field Name="FileCount" Value="3"/>
				<Field Name="AnimalsDied" Value=""/>
				<Field Name="AnimalsInjured" Value=""/>
				<Field Name="AnimalsAlive" Value=""/>
				<Field Name="DestinationTown" Value="Calgary"/>
				<Field Name="DestinationAddress" Value="999 to cattle road"/>
				<Field Name="JobID" Value="2736746544-51951-18156-129-205"/>
				<Field Name="FormName" Value="Delivery Confirmation"/>
				<Field Name="UserHomeFolder" Value="\\NUAN-MOBAD01\HOME\jdfields"/>
				<Field Name="UserEmail" Value="john.fields@nuance.com"/>
				<Field Name="UserName" Value="jdfields"/>
				<Field Name="VehicleReg" Value="Wer123"/>
				<Field Name="DeliveryDate" Value="27-04-2018"/>
				<Field Name="DeliveryNumber" Value=""/>
				<Field Name="OwnerName" Value="Paul"/>
				<Field Name="OwnerAddress" Value="123 Cowboys Lane"/>
				<Field Name="OwnerTown" Value="Mississauga"/>
				<Field Name="AnimalQty" Value="10"/>
				<Field Name="AnimalType" Value="Cows"/>
				<Field Name="DepartureAddress" Value="123 Cowboys Lane"/>
				<Field Name="DepartureTown" Value="Toronto"/>
				<Field Name="DepartureDate" Value=""/>
				<Field Name="DepatureTime" Value=""/>
				<Field Name="HaulageAssuranceNo" Value="~ASX::%HaulageAssuranceNo%~"/>
				<Field Name="Driver" Value="John"/>
				<Field Name="MAFFAuthorisation" Value="GALLAS/000992"/>
				<Field Name="DataFile" Value="C:\Nuance\MobileDemo\Data\jdfields\Wer123\27-04-2018\Wer123_27-04-2018_12459999.txt"/>
				<Field Name="Section" Value="Logistics\Livestock Transportation"/>
				<Field Name="RenameSchema" Value="Wer123-27-04-2018-C:\Nuance\MobileDemo\Data\jdfields\Wer123\27-04-2018\Wer123_27-04-2018_12459999.txt"/>
			</KnowledgeFields>
		</KnowledgeObject>
	</KnowledgeObjects>
</AutoStore>
