<?xml version="1.0" encoding="utf-8"?>
<AutoStore NSI_SIG2="2C59D98C6CA86F81E0BE15CCDBE8C65225B0D0A11840AB6A68F64B1623CFD1D3D1840A2A2039D1FE54D2B3056E0C2F66">
	<Header Version="2" DateCreated="2019-03-12" TimeCreated="16:34:16" AUTHOR="" COMMENTS=""/>
	<KnowledgeObjects ObjID="3811411121-54484-17755-171-244">
		<KnowledgeObject ObjID="3977013040-52628-17925-145-237">
			<KnowledgeDocuments>
				<KnowledgeDocument Type="jpg" Name="1552408444313.jpg" ObjID="3577636168-20722-17211-181-29" DocRef="4252445485-33983-16477-170-45.dat"/>
			</KnowledgeDocuments>
			<KnowledgeFields>
				<Field Name="VisitParking" Value="No"/>
				<Field Name="VisitCarReg" Value=""/>
				<Field Name="VisitorCompany" Value="Testing"/>
				<Field Name="SelectedVisitor" Value="2019_03_05_Trst_Test_cliff van duijn_1"/>
				<Field Name="VisitorSurname" Value="Trst"/>
				<Field Name="VisitorFirstname" Value="Test"/>
				<Field Name="VisitorHost" Value="cliff van duijn"/>
				<Field Name="VisitDate" Value="2019/03/05"/>
				<Field Name="UserName" Value="cliff van duijn"/>
				<Field Name="UserEmail" Value="cliff.van.duijn@xtandit.nl"/>
				<Field Name="UserHomeFolder" Value="\\NUAN-MOBAD01\HOME\Cliff van Duijn"/>
				<Field Name="FormName" Value="Visitor Badge"/>
				<Field Name="JodID" Value="3977013040-52628-17925-145-237"/>
			</KnowledgeFields>
		</KnowledgeObject>
	</KnowledgeObjects>
</AutoStore>
