<?xml version="1.0" encoding="utf-8"?>
<AutoStore NSI_SIG2="DD26EA1B59F15FDCE7C534CEB085DF75197B5EA1E3CB9A95E7D8378B7C67BFC3B3DEE5F8F08D4BEB09BA56F56EDD9EC6">
	<Header Version="2" DateCreated="2018-09-29" TimeCreated="18:55:53" AUTHOR="" COMMENTS=""/>
	<KnowledgeObjects ObjID="2967514901-57807-17148-133-150">
		<KnowledgeObject ObjID="1013566854-55529-16810-179-10">
			<KnowledgeDocuments>
				<KnowledgeDocument Type="png" Name="Signature_201809291855516621.png" ObjID="4141493847-46041-18021-144-240" DocRef="3741382002-47430-18533-136-202.dat"/>
			</KnowledgeDocuments>
			<KnowledgeFields>
				<Field Name="RenameSchema" Value="Site HSE Report - Wizyta domowa - 9/28/2018"/>
				<Field Name="Section" Value="Field Service"/>
				<Field Name="UserHomeFolder" Value="\\NUAN-MOBAD01\HOME\mjurecki"/>
				<Field Name="UserEmail" Value="marek.jurecki@ediko.pl"/>
				<Field Name="UserName" Value="mjurecki"/>
				<Field Name="FormName" Value="Site Health &amp; Safety Report"/>
				<Field Name="JobID" Value="1013566854-55529-16810-179-10"/>
				<Field Name="Job" Value="Wizyta domowa"/>
				<Field Name="GPS" Value="50.9136669, 21.3851356"/>
				<Field Name="ReportDate" Value="9/28/2018"/>
				<Field Name="Access" Value=""/>
				<Field Name="General" Value="Good"/>
				<Field Name="Tidiness" Value=""/>
				<Field Name="Lighting" Value=""/>
				<Field Name="Access1" Value=""/>
				<Field Name="Access2" Value=""/>
				<Field Name="FirstAid" Value=""/>
				<Field Name="Welfare" Value=""/>
				<Field Name="FIre" Value=""/>
				<Field Name="Compliance" Value=""/>
				<Field Name="Inductions" Value=""/>
				<Field Name="Incidents" Value=""/>
				<Field Name="Work" Value=""/>
				<Field Name="Plant" Value=""/>
				<Field Name="PPE" Value=""/>
				<Field Name="Comments" Value=""/>
				<Field Name="CompletedBy" Value="Mj"/>
				<Field Name="Position" Value=""/>
				<Field Name="Signature" Value="C:\Nuance\MobileDemo\Home\WebCapture\WORK\f0babb1c-2111-4916-bf85-a82e36de9a32\Signature_201809291855516621.png"/>
			</KnowledgeFields>
		</KnowledgeObject>
	</KnowledgeObjects>
</AutoStore>
