<?xml version="1.0" encoding="utf-8"?>
<AutoStore NSI_SIG2="7A2CBA42EF8E61DA57AA815744A3023FC2AF3BFB53A8B56F5E29A4F6E6B6760F7933C25072180D5A7DEC97B43856E28B">
	<Header Version="2" DateCreated="2018-06-26" TimeCreated="16:30:22" AUTHOR="" COMMENTS=""/>
	<KnowledgeObjects ObjID="799024643-62303-19937-146-164">
		<KnowledgeObject ObjID="1642716094-43310-20066-132-205">
			<KnowledgeDocuments>
				<KnowledgeDocument Type="pdf" Name="POD-Address Labels.pdf" ObjID="3403628335-40599-19424-137-124" DocRef="3527869528-38003-20089-132-141.dat"/>
				<KnowledgeDocument Type="png" Name="Signature_201806261630186813.png" ObjID="684754142-18075-18244-163-166" DocRef="4174450540-19846-19495-137-186.dat"/>
			</KnowledgeDocuments>
			<KnowledgeFields>
				<Field Name="DeliveryTime" Value="16:30"/>
				<Field Name="DeliveryDate" Value="26/06/2018"/>
				<Field Name="Driver" Value="twhufhand"/>
				<Field Name="SignatureName" Value="Tyler"/>
				<Field Name="DeliveryID" Value="1234567890"/>
				<Field Name="Surname" Value="Campbell-Higgens"/>
				<Field Name="Firstname" Value="John"/>
				<Field Name="Address" Value="Ainsworth Road, Bolton"/>
				<Field Name="Postcode" Value="BL3 1RB"/>
				<Field Name="Signature" Value="C:\Nuance\MobileDemo\Home\WebCapture\WORK\c1e0e01e-022c-4e82-95ed-e1baebd79d16\Signature_201806261630186813.png"/>
				<Field Name="GPS" Value="36.11108748042139, -115.17792956919025"/>
				<Field Name="UserName" Value="twhufhand"/>
				<Field Name="UserEmail" Value="tyler.hufhand@nuance.com"/>
				<Field Name="UserHomeFolder" Value="\\NUAN-MOBAD01\HOME\twhufhand"/>
				<Field Name="FormName" Value="Delivery Acceptance"/>
				<Field Name="JobID" Value="1642716094-43310-20066-132-205"/>
			</KnowledgeFields>
		</KnowledgeObject>
	</KnowledgeObjects>
</AutoStore>
