<?xml version="1.0" encoding="utf-8"?>
<AutoStore NSI_SIG2="F449C26982DE220AC523B297C911C5D6A712024411145845B914C291B845AA09BBA10B58E54D3EE1CFF7A1DAB1296F9B">
	<Header Version="2" DateCreated="2017-12-16" TimeCreated="20:19:33" AUTHOR="" COMMENTS=""/>
	<KnowledgeObjects ObjID="3251109513-43685-20427-141-85">
		<KnowledgeObject ObjID="80733121-33313-17603-187-15">
			<KnowledgeDocuments>
				<KnowledgeDocument Type="png" Name="Signed_201712162019317941.png" ObjID="891336317-27259-19118-141-200" DocRef="3436259507-39362-20342-186-74.dat"/>
			</KnowledgeDocuments>
			<KnowledgeFields>
				<Field Name="JobID" Value="80733121-33313-17603-187-15"/>
				<Field Name="FormName" Value="Submit TimeSheet"/>
				<Field Name="UserHomeFolder" Value="\\NUAN-MOBAD01\HOME\bill.holley"/>
				<Field Name="UserEmail" Value="bill.holley@nuance.com"/>
				<Field Name="UserName" Value="bill.holley"/>
				<Field Name="Submitted" Value="16-12-2017"/>
				<Field Name="TotalHours" Value="47:00"/>
				<Field Name="TimeSheetID" Value="0000050"/>
				<Field Name="WeekEnding" Value="16-12-2017"/>
				<Field Name="MonStart" Value="8:00"/>
				<Field Name="MonEnd" Value="15:00"/>
				<Field Name="MonHours" Value="07:00"/>
				<Field Name="TueStart" Value="8:00"/>
				<Field Name="TueEnd" Value="18:00"/>
				<Field Name="TueHours" Value="10:00"/>
				<Field Name="WedStart" Value="8:00"/>
				<Field Name="WedEnd" Value="18:00"/>
				<Field Name="WedHours" Value="10:00"/>
				<Field Name="ThuStart" Value="8:00"/>
				<Field Name="ThuEnd" Value="18:00"/>
				<Field Name="ThuHours" Value="10:00"/>
				<Field Name="FriStart" Value="8:00"/>
				<Field Name="FriEnd" Value="18:00"/>
				<Field Name="FriHours" Value="10:00"/>
				<Field Name="ContractorID" Value="bill.holley"/>
				<Field Name="Signature" Value="C:\Nuance\MobileDemo\Home\WebCapture\WORK\9fc14113-abe0-4af9-97d4-2f5d65f439fc\Signed_201712162019317941.png"/>
				<Field Name="ContractorName" Value="bill.holley bill.holley"/>
			</KnowledgeFields>
		</KnowledgeObject>
	</KnowledgeObjects>
</AutoStore>
