<?xml version="1.0" encoding="utf-8"?>
<AutoStore NSI_SIG2="FB2265C84507B9BAFB9EF98C25F8268551248B349603B255449C7FE39BE72CFDBB19F25864FA2E4017568BF35E1DCC35">
	<Header Version="2" DateCreated="2018-10-17" TimeCreated="14:52:38" AUTHOR="" COMMENTS=""/>
	<KnowledgeObjects ObjID="1261828683-21904-18139-138-11">
		<KnowledgeObject ObjID="2697875620-8704-18160-136-144">
			<KnowledgeDocuments>
				<KnowledgeDocument Type="pdf" Name="DOJBOP Nicholas g Parillo - 00001.pdf" ObjID="3181575106-45274-18288-190-230" DocRef="2559883644-40719-20097-128-190.dat"/>
				<KnowledgeDocument Type="png" Name="Signature_201810171452356962.png" ObjID="20914121-29416-17624-191-153" DocRef="3304588989-32303-20271-181-68.dat"/>
			</KnowledgeDocuments>
			<KnowledgeFields>
				<Field Name="DeliveryTime" Value="14:52"/>
				<Field Name="DeliveryDate" Value="17/10/2018"/>
				<Field Name="Driver" Value="xodice"/>
				<Field Name="SignatureName" Value="33 lumbermill road proctorsville,vermont"/>
				<Field Name="DeliveryID" Value="%WH91510146090075279311^PARILLO/NICHOLAS/G^BN610097^PC9999^RGPDPIND^DI10/06/2018?"/>
				<Field Name="Surname" Value=""/>
				<Field Name="Firstname" Value=""/>
				<Field Name="Address" Value=""/>
				<Field Name="Postcode" Value=""/>
				<Field Name="Signature" Value="C:\Nuance\MobileDemo\Home\WebCapture\WORK\ac98f729-8748-4a48-9118-f1c13574f8e5\Signature_201810171452356962.png"/>
				<Field Name="GPS" Value="43.29969546977961, -72.47370475888539"/>
				<Field Name="UserName" Value="xodice"/>
				<Field Name="UserEmail" Value="Nparillo@ssdvermont.com"/>
				<Field Name="UserHomeFolder" Value="\\NUAN-MOBAD01\HOME\Xodice"/>
				<Field Name="FormName" Value="Delivery Acceptance"/>
				<Field Name="JobID" Value="2697875620-8704-18160-136-144"/>
			</KnowledgeFields>
		</KnowledgeObject>
	</KnowledgeObjects>
</AutoStore>
