<?xml version="1.0" encoding="utf-8"?>
<AutoStore NSI_SIG2="8D9C1D41B19DF7F01F91861086CA9E1CC4DB99B8F14253A53507B4501CBF8D95D0314628D85771415AA50BCB3A4108E5">
	<Header Version="2" DateCreated="2017-11-21" TimeCreated="20:50:25" AUTHOR="" COMMENTS=""/>
	<KnowledgeObjects ObjID="1121804387-28708-19487-131-158">
		<KnowledgeObject ObjID="137349370-5150-18841-146-40">
			<KnowledgeDocuments>
				<KnowledgeDocument Type="png" Name="AssessorSignature_201711212050252276.png" ObjID="2655142206-33929-17419-130-4" DocRef="3837801718-33291-16813-161-117.dat"/>
			</KnowledgeDocuments>
			<KnowledgeFields>
				<Field Name="AssessorSignature" Value="C:\Nuance\MobileDemo\Home\WebCapture\WORK\ebf9995b-4271-4c11-a163-09599859130e\AssessorSignature_201711212050252276.png"/>
				<Field Name="AssessorName" Value="John Campbell-Higgens"/>
				<Field Name="Chargeable" Value="No"/>
				<Field Name="Type" Value="Leaking"/>
				<Field Name="Category" Value="Bath"/>
				<Field Name="Urgency" Value="Critical"/>
				<Field Name="VisitDate" Value="21/11/2017"/>
				<Field Name="PostCode" Value="Bl3"/>
				<Field Name="HouseNumber" Value="1234"/>
				<Field Name="RenameSchema" Value="Bl3-1234-Critical-Bath"/>
				<Field Name="Section" Value="Housing and Tenancies\Housing Associations"/>
				<Field Name="FormName" Value="Issue Assessment Form"/>
				<Field Name="JobID" Value="137349370-5150-18841-146-40"/>
				<Field Name="UserHomeFolder" Value="\\as-of360\users\Matt"/>
				<Field Name="UserEmail" Value=""/>
				<Field Name="UserName" Value="matt"/>
				<Field Name="FileCount" Value="1"/>
			</KnowledgeFields>
		</KnowledgeObject>
	</KnowledgeObjects>
</AutoStore>
