<?xml version="1.0" encoding="utf-8"?>
<AutoStore NSI_SIG2="028DAE36FDD34EA64E88E583ED4F462B3DE23D4AA3A605A29583E37E458DCCC8024BCC29A9B25399C552A48FAD0AE6D9">
	<Header Version="2" DateCreated="2019-01-11" TimeCreated="13:42:03" AUTHOR="" COMMENTS=""/>
	<KnowledgeObjects ObjID="5758459-27823-17405-190-60">
		<KnowledgeObject ObjID="1390357508-6136-20264-185-100">
			<KnowledgeDocuments>
				<KnowledgeDocument Type="png" Name="Sketch_201901111342032820.png" ObjID="3190839488-41661-17800-162-90" DocRef="2985764996-43073-18932-181-158.dat"/>
			</KnowledgeDocuments>
			<KnowledgeFields>
				<Field Name="WitnessMobile2" Value=""/>
				<Field Name="WitnessPhone2" Value=""/>
				<Field Name="WitnessAddress2" Value=""/>
				<Field Name="WitnessName2" Value=""/>
				<Field Name="WitnessMobile1" Value=""/>
				<Field Name="WitnessPhone1" Value=""/>
				<Field Name="WitnessAddress1" Value=""/>
				<Field Name="WitnessName1" Value=""/>
				<Field Name="OtherInfor" Value=""/>
				<Field Name="BadgeNumber" Value=""/>
				<Field Name="Phone" Value=""/>
				<Field Name="Department" Value=""/>
				<Field Name="OfficerName" Value=""/>
				<Field Name="OtherInjuries" Value="Gf"/>
				<Field Name="OtherPassenger" Value=""/>
				<Field Name="YourInjuries" Value=""/>
				<Field Name="YourPassengers" Value=""/>
				<Field Name="OtherDriverPhone" Value=""/>
				<Field Name="OtherDriverAddress" Value=""/>
				<Field Name="OtherDriverName" Value=""/>
				<Field Name="InsuranceCompany" Value=""/>
				<Field Name="Registration" Value=""/>
				<Field Name="VehicleColour" Value=""/>
				<Field Name="VehicleModel" Value=""/>
				<Field Name="VehicleMake" Value=""/>
				<Field Name="OwnerPhone" Value=""/>
				<Field Name="OwnerAddress" Value=""/>
				<Field Name="OwnerName" Value=""/>
				<Field Name="OtherRecovery" Value=""/>
				<Field Name="OtherVehicleDamage" Value=""/>
				<Field Name="YourRecovery" Value=""/>
				<Field Name="YourVehicleDamage" Value=""/>
				<Field Name="AccidentDetails" Value="Gfm"/>
				<Field Name="Location" Value="9150 Philips Hwy, Jacksonville, FL 32256, USA"/>
				<Field Name="Conditions" Value="Wet"/>
				<Field Name="AccidentTime" Value="234"/>
				<Field Name="AccidentDate" Value="1/11/2019"/>
				<Field Name="FileCount" Value="1"/>
				<Field Name="RenameSchema" Value="Accident Form - 1/11/2019 234"/>
				<Field Name="Section" Value="Insurance and Financial Services"/>
				<Field Name="UserHomeFolder" Value="\\NUAN-MOBAD01\HOME\trupp@saxon.net"/>
				<Field Name="UserEmail" Value="trupp@saxon.net"/>
				<Field Name="UserName" Value="trupp@saxon.net"/>
				<Field Name="FormName" Value="Accident Damage Report"/>
				<Field Name="JobID" Value="1390357508-6136-20264-185-100"/>
			</KnowledgeFields>
		</KnowledgeObject>
	</KnowledgeObjects>
</AutoStore>
