<?xml version="1.0" encoding="utf-8"?>
<AutoStore NSI_SIG2="399602226006079F0FBC9B907FC4C5421A1359D8ED91E80A908B76D77440921F2DE88117F49AE8DD3256004ED71613DC">
	<Header Version="2" DateCreated="2017-05-15" TimeCreated="16:33:39" AUTHOR="" COMMENTS=""/>
	<KnowledgeObjects ObjID="2487734727-1409-16605-187-72">
		<KnowledgeObject ObjID="278640372-16537-19199-149-174">
			<KnowledgeDocuments>
				<KnowledgeDocument Type="jpg" Name="cdv_photo_001.jpg" ObjID="3816850486-37014-17332-186-136" DocRef="1466453957-41842-17546-167-205.dat"/>
				<KnowledgeDocument Type="png" Name="Signature_201705151633384630.png" ObjID="3461750583-41660-20328-150-13" DocRef="4284621142-24788-17805-168-142.dat"/>
			</KnowledgeDocuments>
			<KnowledgeFields>
				<Field Name="GPS" Value="53.56536917651096, -2.369766468082371"/>
				<Field Name="Signature" Value="C:\Nuance\CompleteDemo\Home\WebCapture\WORK\35048244-513f-4923-85cf-98a760206297\Signature_201705151633384630.png"/>
				<Field Name="Postcode" Value="BL3 1RB"/>
				<Field Name="Address" Value="Ainsworth Road, Bolton"/>
				<Field Name="Firstname" Value="John"/>
				<Field Name="Surname" Value="Campbell-Higgens"/>
				<Field Name="DeliveryID" Value="1235112487"/>
				<Field Name="SignatureName" Value="Campbell Higgens"/>
				<Field Name="Driver" Value="administrator"/>
				<Field Name="DeliveryDate" Value="15/05/2017"/>
				<Field Name="DeliveryTime" Value="16:33"/>
			</KnowledgeFields>
		</KnowledgeObject>
	</KnowledgeObjects>
</AutoStore>
