<?xml version="1.0" encoding="utf-8"?>
<AutoStore NSI_SIG2="78F9929B89CD2C8D265C30852E11D45F87D11A3E1C88E6ACC36F7FC5ACF3664181908416889E1CE6CC0C6CEF4D648E10">
	<Header Version="2" DateCreated="2020-03-07" TimeCreated="03:26:11" AUTHOR="" COMMENTS=""/>
	<KnowledgeObjects ObjID="2226395012-18329-19698-188-151">
		<KnowledgeObject ObjID="3717224235-8310-17544-138-7">
			<KnowledgeDocuments>
				<KnowledgeDocument Type="png" Name="Signature_202003070326106968.png" ObjID="2631833315-64387-17287-145-178" DocRef="567475254-60300-16578-187-96.dat"/>
			</KnowledgeDocuments>
			<KnowledgeFields>
				<Field Name="RenameSchema" Value="Site HSE Report - Test - 3/7/2020"/>
				<Field Name="Section" Value="Field Service"/>
				<Field Name="UserHomeFolder" Value="\\US01VMBCMD01\HOME\mmccauley"/>
				<Field Name="UserEmail" Value="Michel.mccauley@bt.konicaminolta.ca"/>
				<Field Name="UserName" Value="mmccauley"/>
				<Field Name="FormName" Value="Site Health &amp; Safety Report"/>
				<Field Name="JobID" Value="3717224235-8310-17544-138-7"/>
				<Field Name="Job" Value="Test"/>
				<Field Name="GPS" Value="45.52846592247859, -75.49058147675187"/>
				<Field Name="ReportDate" Value="3/7/2020"/>
				<Field Name="Access" Value=""/>
				<Field Name="General" Value=""/>
				<Field Name="Tidiness" Value=""/>
				<Field Name="Lighting" Value=""/>
				<Field Name="Access1" Value=""/>
				<Field Name="Access2" Value=""/>
				<Field Name="FirstAid" Value=""/>
				<Field Name="Welfare" Value=""/>
				<Field Name="FIre" Value=""/>
				<Field Name="Compliance" Value=""/>
				<Field Name="Inductions" Value=""/>
				<Field Name="Incidents" Value=""/>
				<Field Name="Work" Value=""/>
				<Field Name="Plant" Value=""/>
				<Field Name="PPE" Value=""/>
				<Field Name="Comments" Value="Iiii"/>
				<Field Name="CompletedBy" Value="Iiii"/>
				<Field Name="Position" Value="Iieiie"/>
				<Field Name="Signature" Value="C:\Kofax\MobileDemo\Home\WebCapture\WORK\52d47998-62aa-430d-a312-3ff700cca604\Signature_202003070326106968.png"/>
			</KnowledgeFields>
		</KnowledgeObject>
	</KnowledgeObjects>
</AutoStore>
