<?xml version="1.0" encoding="utf-8"?>
<AutoStore NSI_SIG2="C92910181FCAE74109697CB2470BD5B3D0EB7C570C77FC7BE3D06D678BC02B963276ED613DA0152AC77865F53B1D0FA6">
	<Header Version="2" DateCreated="2018-01-18" TimeCreated="11:43:54" AUTHOR="" COMMENTS=""/>
	<KnowledgeObjects ObjID="2032693867-45922-16719-145-39">
		<KnowledgeObject ObjID="3321023644-41866-19216-148-193">
			<KnowledgeDocuments>
				<KnowledgeDocument Type="pdf" Name="11.pdf" ObjID="3971387577-21501-18829-171-198" DocRef="510377071-30225-17912-144-176.dat"/>
			</KnowledgeDocuments>
			<KnowledgeFields>
				<Field Name="AW" Value="Yes"/>
				<Field Name="QC" Value="No"/>
				<Field Name="WC" Value="No"/>
				<Field Name="AX" Value="No"/>
				<Field Name="AC" Value="No"/>
				<Field Name="OF" Value="No"/>
				<Field Name="BC" Value="No"/>
				<Field Name="OM" Value="No"/>
				<Field Name="SC" Value="No"/>
				<Field Name="EQ" Value="No"/>
				<Field Name="EC" Value="No"/>
				<Field Name="UserName" Value="ian.dixon"/>
				<Field Name="UserHomeFolder" Value="\\NUAN-MOBAD01\HOME\ian.dixon"/>
				<Field Name="UserEmail" Value="ian.dixon100@gmail.com"/>
				<Field Name="FormName" Value="Information Request"/>
				<Field Name="JobID" Value="3321023644-41866-19216-148-193"/>
				<Field Name="Fullname" Value="Ian Dixon"/>
				<Field Name="JobTitle" Value="Sales"/>
				<Field Name="Company" Value="Nuance"/>
				<Field Name="EmailAddress" Value="ian.dixon@nuance.com"/>
				<Field Name="PhoneNumber" Value="088473838"/>
				<Field Name="MobileNumber" Value="098485858584"/>
				<Field Name="Consent" Value="1"/>
				<Field Name="Products" Value="11"/>
				<Field Name="Section" Value="Sales\Information Request"/>
			</KnowledgeFields>
		</KnowledgeObject>
	</KnowledgeObjects>
</AutoStore>
