<?xml version="1.0" encoding="utf-8"?>
<AutoStore NSI_SIG2="2C118859006341D155A6DCD900DB74107E6148A4EF35DAEC6315A89B9ACCFB53913654FAA16593D8D8D8EBF9E69B76CD">
	<Header Version="2" DateCreated="2018-12-04" TimeCreated="04:46:05" AUTHOR="" COMMENTS=""/>
	<KnowledgeObjects ObjID="2963483493-8777-20442-128-231">
		<KnowledgeObject ObjID="2499086490-2644-19372-171-48">
			<KnowledgeDocuments>
				<KnowledgeDocument Type="html" Name="ford_429_1@msn.com_(XODICE_(this_PC))_-_Dropbox-4.html" ObjID="3353211584-4412-18769-164-3" DocRef="1112440378-27991-18353-131-45.dat"/>
				<KnowledgeDocument Type="png" Name="Signature_201812040445579270.png" ObjID="311849609-42009-18127-143-124" DocRef="3559302346-55644-17943-185-130.dat"/>
			</KnowledgeDocuments>
			<KnowledgeFields>
				<Field Name="DeliveryTime" Value="04:45"/>
				<Field Name="DeliveryDate" Value="04/12/2018"/>
				<Field Name="Driver" Value="xodice"/>
				<Field Name="SignatureName" Value="P.obox116springfield vermont05156"/>
				<Field Name="DeliveryID" Value="02600000063955"/>
				<Field Name="Surname" Value=""/>
				<Field Name="Firstname" Value=""/>
				<Field Name="Address" Value=""/>
				<Field Name="Postcode" Value=""/>
				<Field Name="Signature" Value="C:\Nuance\MobileDemo\Home\WebCapture\WORK\ffae002d-2151-4df0-b642-5575ae57ce95\Signature_201812040445579270.png"/>
				<Field Name="GPS" Value="43.29984566674423, -72.47385764583078"/>
				<Field Name="UserName" Value="xodice"/>
				<Field Name="UserEmail" Value="Nparillo@ssdvermont.com"/>
				<Field Name="UserHomeFolder" Value="\\NUAN-MOBAD01\HOME\Xodice"/>
				<Field Name="FormName" Value="Delivery Acceptance"/>
				<Field Name="JobID" Value="2499086490-2644-19372-171-48"/>
			</KnowledgeFields>
		</KnowledgeObject>
	</KnowledgeObjects>
</AutoStore>
