<?xml version="1.0" encoding="utf-8"?>
<AutoStore NSI_SIG2="831D39D7FFE4EF5C8C80F87FC955D3B3DE92364ED31BA9D4F36A7D90BE1241D9BEE8451ACED111C33A79B16AAE904389">
	<Header Version="2" DateCreated="2018-01-26" TimeCreated="20:00:43" AUTHOR="" COMMENTS=""/>
	<KnowledgeObjects ObjID="344068822-8294-16392-149-0">
		<KnowledgeObject ObjID="3535259221-14458-16656-128-164">
			<KnowledgeDocuments>
				<KnowledgeDocument Type="png" Name="Signed_201801262000374137.png" ObjID="2635055660-7064-17959-161-152" DocRef="2215739646-42999-19316-158-104.dat"/>
				<KnowledgeDocument Type="TXT" Name="TimeSheet.TXT" ObjID="2555490419-26024-18797-183-39" DocRef="1432299340-13315-16782-180-105.dat"/>
			</KnowledgeDocuments>
			<KnowledgeFields>
				<Field Name="ContractorName" Value="Jeffpelliconi Jeffpelliconi"/>
				<Field Name="Signature" Value="C:\Nuance\MobileDemo\Home\WebCapture\WORK\04e97d99-ef30-4bb3-8c2e-5730c23e3162\Signed_201801262000374137.png"/>
				<Field Name="ContractorID" Value="jeffpelliconi"/>
				<Field Name="FriHours" Value="08:00"/>
				<Field Name="FriEnd" Value="4pm"/>
				<Field Name="FriStart" Value="8am"/>
				<Field Name="ThuHours" Value="08:00"/>
				<Field Name="ThuEnd" Value="4pm"/>
				<Field Name="ThuStart" Value="8am"/>
				<Field Name="WedHours" Value="08:00"/>
				<Field Name="WedEnd" Value="4pm"/>
				<Field Name="WedStart" Value="8am"/>
				<Field Name="TueHours" Value="08:00"/>
				<Field Name="TueEnd" Value="4pm"/>
				<Field Name="TueStart" Value="8am"/>
				<Field Name="MonHours" Value="08:00"/>
				<Field Name="MonEnd" Value="4pm"/>
				<Field Name="MonStart" Value="8am"/>
				<Field Name="WeekEnding" Value="27-01-2018"/>
				<Field Name="TimeSheetID" Value="0000075"/>
				<Field Name="TotalHours" Value="40:00"/>
				<Field Name="Submitted" Value="26-01-2018"/>
				<Field Name="UserName" Value="jeffpelliconi"/>
				<Field Name="UserEmail" Value="Jeffrey.pelliconi@nuance.com"/>
				<Field Name="UserHomeFolder" Value="\\NUAN-MOBAD01\HOME\Jeffpelliconi"/>
				<Field Name="FormName" Value="Submit TimeSheet"/>
				<Field Name="JobID" Value="3535259221-14458-16656-128-164"/>
			</KnowledgeFields>
		</KnowledgeObject>
	</KnowledgeObjects>
</AutoStore>
