<?xml version="1.0" encoding="utf-8"?>
<AutoStore NSI_SIG2="3E19650E2B474742B4AE7BCECB5E041F7FD35B727EFCAB602D9868738508CDAF9209B1305C6EF1499D20BA5E54758B23">
	<Header Version="2" DateCreated="2018-03-08" TimeCreated="10:15:46" AUTHOR="" COMMENTS=""/>
	<KnowledgeObjects ObjID="261784661-8317-20143-164-130">
		<KnowledgeObject ObjID="4185346982-34150-18325-137-32">
			<KnowledgeDocuments>
				<KnowledgeDocument Type="png" Name="DriverSignature_201803081015457014.png" ObjID="2687158455-52164-18057-178-112" DocRef="3315092514-10121-20145-175-127.dat"/>
			</KnowledgeDocuments>
			<KnowledgeFields>
				<Field Name="JobID" Value="4185346982-34150-18325-137-32"/>
				<Field Name="FormName" Value="Vehicle Acceptance Form"/>
				<Field Name="UserName" Value="datatest87"/>
				<Field Name="UserEmail" Value="datatest87@hotmail.com"/>
				<Field Name="UserHomeFolder" Value="\\NUAN-MOBAD01\HOME\datatest87"/>
				<Field Name="Section" Value="Fleet Management"/>
				<Field Name="RenameSchema" Value="-"/>
				<Field Name="FileCount" Value="1"/>
				<Field Name="Make" Value=""/>
				<Field Name="Model" Value=""/>
				<Field Name="RegNo" Value=""/>
				<Field Name="EngineSize" Value=""/>
				<Field Name="Fuel" Value=""/>
				<Field Name="Mileage" Value=""/>
				<Field Name="Driver" Value=""/>
				<Field Name="Branch" Value=""/>
				<Field Name="Position" Value=""/>
				<Field Name="EmailAddress" Value=""/>
				<Field Name="LicenseNumber" Value=""/>
				<Field Name="Radio" Value="0"/>
				<Field Name="WheelTrims" Value="0"/>
				<Field Name="Alloys" Value="1"/>
				<Field Name="ParcelShelf" Value="1"/>
				<Field Name="Spare" Value="1"/>
				<Field Name="ServiceBook" Value="0"/>
				<Field Name="GoodWorkingOrder" Value="0"/>
				<Field Name="CleanOutside" Value="0"/>
				<Field Name="CleanInside" Value="0"/>
				<Field Name="Bodywork" Value="1"/>
				<Field Name="BodyworkDamage" Value=""/>
				<Field Name="Wheels" Value="0"/>
				<Field Name="WheelDamage" Value=""/>
			</KnowledgeFields>
		</KnowledgeObject>
	</KnowledgeObjects>
</AutoStore>
