<?xml version="1.0" encoding="utf-8"?>
<AutoStore NSI_SIG2="B61FCF26A4D116ADD9C579B1D35E2A788D7919ECDB18454B3AF0B52EDB0EB138EB1C9921F69A996CD2DBC3C6AC204C85">
	<Header Version="2" DateCreated="2018-01-17" TimeCreated="20:01:28" AUTHOR="" COMMENTS=""/>
	<KnowledgeObjects ObjID="766692097-38735-18751-188-7">
		<KnowledgeObject ObjID="874279570-20403-19481-167-17">
			<KnowledgeDocuments>
				<KnowledgeDocument Type="png" Name="Signed_201801172001236670.png" ObjID="3672116678-19558-20448-131-131" DocRef="2015273414-1883-17726-168-174.dat"/>
				<KnowledgeDocument Type="TXT" Name="TimeSheet.TXT" ObjID="3547246873-52058-16651-175-17" DocRef="3922400365-23083-18133-179-190.dat"/>
			</KnowledgeDocuments>
			<KnowledgeFields>
				<Field Name="ContractorName" Value="rickshak rickshak"/>
				<Field Name="Signature" Value="C:\Nuance\MobileDemo\Home\WebCapture\WORK\75635284-c9e7-4307-b6c7-ca3ae575e94c\Signed_201801172001236670.png"/>
				<Field Name="ContractorID" Value="rickshak"/>
				<Field Name="FriHours" Value="04:00"/>
				<Field Name="FriEnd" Value="12:00"/>
				<Field Name="FriStart" Value="8:00"/>
				<Field Name="ThuHours" Value="8"/>
				<Field Name="ThuEnd" Value="5:00"/>
				<Field Name="ThuStart" Value="8:00"/>
				<Field Name="WedHours" Value="8"/>
				<Field Name="WedEnd" Value="5:00"/>
				<Field Name="WedStart" Value="8:00"/>
				<Field Name="TueHours" Value="8"/>
				<Field Name="TueEnd" Value="5:00"/>
				<Field Name="TueStart" Value="8:00"/>
				<Field Name="MonHours" Value="8"/>
				<Field Name="MonEnd" Value="5:00"/>
				<Field Name="MonStart" Value="8:00"/>
				<Field Name="WeekEnding" Value="12-01-2018"/>
				<Field Name="TimeSheetID" Value="0000065"/>
				<Field Name="TotalHours" Value="04:00"/>
				<Field Name="Submitted" Value="17-01-2018"/>
				<Field Name="UserName" Value="rickshak"/>
				<Field Name="UserEmail" Value="rkoshak@csa.canon.com"/>
				<Field Name="UserHomeFolder" Value="\\NUAN-MOBAD01\HOME\rickshak"/>
				<Field Name="FormName" Value="Submit TimeSheet"/>
				<Field Name="JobID" Value="874279570-20403-19481-167-17"/>
			</KnowledgeFields>
		</KnowledgeObject>
	</KnowledgeObjects>
</AutoStore>
