<?xml version="1.0" encoding="utf-8"?>
<AutoStore NSI_SIG2="B87A35B2DE9F259A32CFA4AB209F4887D46B39AE495B00B3AD4C04D6ED80EE1715FCEB305F44B5E99ED1C6E6226A2C4A">
	<Header Version="2" DateCreated="2018-11-30" TimeCreated="05:59:51" AUTHOR="" COMMENTS=""/>
	<KnowledgeObjects ObjID="2128195370-58782-18801-134-240">
		<KnowledgeObject ObjID="341853308-47768-19744-152-188">
			<KnowledgeDocuments>
				<KnowledgeDocument Type="htm" Name="Hello,-2.htm" ObjID="1368954288-10923-17847-181-72" DocRef="3272631725-17541-19031-158-111.dat"/>
				<KnowledgeDocument Type="png" Name="Signature_201811300559468540.png" ObjID="2719323538-35098-17315-186-189" DocRef="3169926277-58431-19470-191-175.dat"/>
			</KnowledgeDocuments>
			<KnowledgeFields>
				<Field Name="DeliveryTime" Value="05:59"/>
				<Field Name="DeliveryDate" Value="30/11/2018"/>
				<Field Name="Driver" Value="xodice"/>
				<Field Name="SignatureName" Value="Preston Doane"/>
				<Field Name="DeliveryID" Value="http://www.vermontrxcard.com/index.php"/>
				<Field Name="Surname" Value=""/>
				<Field Name="Firstname" Value=""/>
				<Field Name="Address" Value=""/>
				<Field Name="Postcode" Value=""/>
				<Field Name="Signature" Value="C:\Nuance\MobileDemo\Home\WebCapture\WORK\b65ffcfd-c12c-41c2-b95d-360ecb0467fe\Signature_201811300559468540.png"/>
				<Field Name="GPS" Value="43.29952647275203, -72.4736686870458"/>
				<Field Name="UserName" Value="xodice"/>
				<Field Name="UserEmail" Value="Nparillo@ssdvermont.com"/>
				<Field Name="UserHomeFolder" Value="\\NUAN-MOBAD01\HOME\Xodice"/>
				<Field Name="FormName" Value="Delivery Acceptance"/>
				<Field Name="JobID" Value="341853308-47768-19744-152-188"/>
			</KnowledgeFields>
		</KnowledgeObject>
	</KnowledgeObjects>
</AutoStore>
