<?xml version="1.0" encoding="utf-8"?>
<AutoStore NSI_SIG2="ACE17ADC8EE005898C018E5EA2BE3DFB2DA1D49D01A99131EFFE075C2EE481C6067A0756AE6AF75A26352E1140F71B82">
	<Header Version="2" DateCreated="2018-12-04" TimeCreated="05:17:57" AUTHOR="" COMMENTS=""/>
	<KnowledgeObjects ObjID="1091553828-19422-19747-183-215">
		<KnowledgeObject ObjID="3298037491-50897-18942-140-107">
			<KnowledgeDocuments>
				<KnowledgeDocument Type="html" Name="ford_429_1@msn.com_(XODICE_(this_PC))_-_Dropbox-10.html" ObjID="1022371329-31846-17500-162-195" DocRef="3753235624-33866-16492-186-8.dat"/>
				<KnowledgeDocument Type="png" Name="Signature_201812040517528964.png" ObjID="1033344808-17522-19885-180-148" DocRef="3164628363-623-17171-144-234.dat"/>
			</KnowledgeDocuments>
			<KnowledgeFields>
				<Field Name="DeliveryTime" Value="05:17"/>
				<Field Name="DeliveryDate" Value="04/12/2018"/>
				<Field Name="Driver" Value="xodice"/>
				<Field Name="SignatureName" Value="8028856141"/>
				<Field Name="DeliveryID" Value="https://rightsignature.com/documents/EEYBEBJ9Z5KHYXJX6HGWVI"/>
				<Field Name="Surname" Value=""/>
				<Field Name="Firstname" Value=""/>
				<Field Name="Address" Value=""/>
				<Field Name="Postcode" Value=""/>
				<Field Name="Signature" Value="C:\Nuance\MobileDemo\Home\WebCapture\WORK\2ab93ee6-3373-4d7f-b3af-1463615339b7\Signature_201812040517528964.png"/>
				<Field Name="GPS" Value="43.29989667189035, -72.47369945997815"/>
				<Field Name="UserName" Value="xodice"/>
				<Field Name="UserEmail" Value="Nparillo@ssdvermont.com"/>
				<Field Name="UserHomeFolder" Value="\\NUAN-MOBAD01\HOME\Xodice"/>
				<Field Name="FormName" Value="Delivery Acceptance"/>
				<Field Name="JobID" Value="3298037491-50897-18942-140-107"/>
			</KnowledgeFields>
		</KnowledgeObject>
	</KnowledgeObjects>
</AutoStore>
