<?xml version="1.0" encoding="utf-8"?>
<AutoStore NSI_SIG2="2465BEADBCAC0A51248AB89F684A0BC748330AEE538787289720CABCAA6D6D178860C24A880A4B16E66B7C6DD193238C">
	<Header Version="2" DateCreated="2017-12-18" TimeCreated="14:52:02" AUTHOR="" COMMENTS=""/>
	<KnowledgeObjects ObjID="2002734456-26883-18156-174-8">
		<KnowledgeObject ObjID="1106092197-21570-20461-130-143">
			<KnowledgeDocuments>
				<KnowledgeDocument Type="png" Name="Signed_201712181452015945.png" ObjID="3558737519-15738-17304-181-26" DocRef="1484859627-62168-18510-136-65.dat"/>
			</KnowledgeDocuments>
			<KnowledgeFields>
				<Field Name="JobID" Value="1106092197-21570-20461-130-143"/>
				<Field Name="FormName" Value="Submit TimeSheet"/>
				<Field Name="UserHomeFolder" Value="\\NUAN-MOBAD01\HOME\jabbawoni"/>
				<Field Name="UserEmail" Value="larry.retherford@nuance.com"/>
				<Field Name="UserName" Value="jabbawoni"/>
				<Field Name="Submitted" Value="18-12-2017"/>
				<Field Name="TotalHours" Value=""/>
				<Field Name="TimeSheetID" Value="0000052"/>
				<Field Name="WeekEnding" Value="18-12-2017"/>
				<Field Name="MonStart" Value=""/>
				<Field Name="MonEnd" Value=""/>
				<Field Name="MonHours" Value=""/>
				<Field Name="TueStart" Value=""/>
				<Field Name="TueEnd" Value=""/>
				<Field Name="TueHours" Value=""/>
				<Field Name="WedStart" Value=""/>
				<Field Name="WedEnd" Value=""/>
				<Field Name="WedHours" Value=""/>
				<Field Name="ThuStart" Value=""/>
				<Field Name="ThuEnd" Value=""/>
				<Field Name="ThuHours" Value=""/>
				<Field Name="FriStart" Value=""/>
				<Field Name="FriEnd" Value=""/>
				<Field Name="FriHours" Value=""/>
				<Field Name="ContractorID" Value="jabbawoni"/>
				<Field Name="Signature" Value="C:\Nuance\MobileDemo\Home\WebCapture\WORK\a94b2c80-972e-4cbe-9179-6f73d499ac57\Signed_201712181452015945.png"/>
				<Field Name="ContractorName" Value="~WCC::User,%displayName%~"/>
			</KnowledgeFields>
		</KnowledgeObject>
	</KnowledgeObjects>
</AutoStore>
