<?xml version="1.0" encoding="utf-8"?>
<AutoStore NSI_SIG2="91AD2B27E8546897CAA3A4C5DD1B1F531D239FA3E932FA47F95ACD83FE9A42F8F110CA6A6A70C7A1F2B98E97DADA4F44">
	<Header Version="2" DateCreated="2018-11-30" TimeCreated="05:24:57" AUTHOR="" COMMENTS=""/>
	<KnowledgeObjects ObjID="3045287547-185-19688-169-75">
		<KnowledgeObject ObjID="101363032-3414-20014-155-199">
			<KnowledgeDocuments>
				<KnowledgeDocument Type="htm" Name="Hello,-1.htm" ObjID="845899953-12520-19746-141-195" DocRef="1696573197-12673-18782-142-23.dat"/>
				<KnowledgeDocument Type="png" Name="Signature_201811300524519886.png" ObjID="2264201545-55704-17642-128-107" DocRef="1582882391-58496-17832-128-3.dat"/>
			</KnowledgeDocuments>
			<KnowledgeFields>
				<Field Name="DeliveryTime" Value="05:24"/>
				<Field Name="DeliveryDate" Value="30/11/2018"/>
				<Field Name="Driver" Value="xodice"/>
				<Field Name="SignatureName" Value="Sir Jeffery weitzil"/>
				<Field Name="DeliveryID" Value="http://bit.ly/hfTbX5?r=qr"/>
				<Field Name="Surname" Value=""/>
				<Field Name="Firstname" Value=""/>
				<Field Name="Address" Value=""/>
				<Field Name="Postcode" Value=""/>
				<Field Name="Signature" Value="C:\Nuance\MobileDemo\Home\WebCapture\WORK\a8c2b4ec-f112-4300-9333-5eace9d42155\Signature_201811300524519886.png"/>
				<Field Name="GPS" Value="43.299759825891584, -72.47371463755083"/>
				<Field Name="UserName" Value="xodice"/>
				<Field Name="UserEmail" Value="Nparillo@ssdvermont.com"/>
				<Field Name="UserHomeFolder" Value="\\NUAN-MOBAD01\HOME\Xodice"/>
				<Field Name="FormName" Value="Delivery Acceptance"/>
				<Field Name="JobID" Value="101363032-3414-20014-155-199"/>
			</KnowledgeFields>
		</KnowledgeObject>
	</KnowledgeObjects>
</AutoStore>
