<?xml version="1.0" encoding="utf-8"?>
<AutoStore NSI_SIG2="F3EB28DD5CF6DA1CDDAB3F0D804DED97B6C585752C14FD7B3D5B55561951C883FE314143C32BDC1EE8460DD92120F33A">
	<Header Version="2" DateCreated="2018-05-07" TimeCreated="16:10:30" AUTHOR="" COMMENTS=""/>
	<KnowledgeObjects ObjID="1611366029-54869-17006-132-248">
		<KnowledgeObject ObjID="12243628-48495-19999-177-27">
			<KnowledgeDocuments>
				<KnowledgeDocument Type="jpg" Name="1525709418065.jpg" ObjID="1340976022-35917-19361-184-98" DocRef="1670963662-64716-20008-131-106.dat"/>
			</KnowledgeDocuments>
			<KnowledgeFields>
				<Field Name="VisitParking" Value="Yes"/>
				<Field Name="VisitCarReg" Value="Abc1234"/>
				<Field Name="VisitorCompany" Value="Ricoh"/>
				<Field Name="SelectedVisitor" Value="2018_05_07_Dick_Mike_jdfields_1"/>
				<Field Name="VisitorSurname" Value="Dick"/>
				<Field Name="VisitorFirstname" Value="Mike"/>
				<Field Name="VisitorHost" Value="jdfields"/>
				<Field Name="VisitDate" Value="2018/05/07"/>
				<Field Name="UserName" Value="jdfields"/>
				<Field Name="UserEmail" Value="john.fields@nuance.com"/>
				<Field Name="UserHomeFolder" Value="\\NUAN-MOBAD01\HOME\jdfields"/>
				<Field Name="FormName" Value="Visitor Badge"/>
				<Field Name="JodID" Value="12243628-48495-19999-177-27"/>
			</KnowledgeFields>
		</KnowledgeObject>
	</KnowledgeObjects>
</AutoStore>
