<?xml version="1.0" encoding="utf-8"?>
<AutoStore NSI_SIG2="5F0BDF25179B68FF8B59D39C5B96FBF29D274EE9FDF109257F882469B0BB84034683AB7FCEFF158A2DAAE224975D2829">
	<Header Version="2" DateCreated="2018-09-24" TimeCreated="12:54:27" AUTHOR="" COMMENTS=""/>
	<KnowledgeObjects ObjID="1233133473-27775-19553-151-158">
		<KnowledgeObject ObjID="2312693593-50259-19743-137-213">
			<KnowledgeDocuments>
				<KnowledgeDocument Type="png" Name="Sketch_201809241254258261.png" ObjID="2773830780-28086-20079-181-147" DocRef="767843131-20786-19054-152-223.dat"/>
			</KnowledgeDocuments>
			<KnowledgeFields>
				<Field Name="WitnessMobile2" Value=""/>
				<Field Name="WitnessPhone2" Value=""/>
				<Field Name="WitnessAddress2" Value=""/>
				<Field Name="WitnessName2" Value=""/>
				<Field Name="WitnessMobile1" Value=""/>
				<Field Name="WitnessPhone1" Value=""/>
				<Field Name="WitnessAddress1" Value=""/>
				<Field Name="WitnessName1" Value=""/>
				<Field Name="OtherInfor" Value=""/>
				<Field Name="BadgeNumber" Value=""/>
				<Field Name="Phone" Value=""/>
				<Field Name="Department" Value=""/>
				<Field Name="OfficerName" Value=""/>
				<Field Name="OtherInjuries" Value=""/>
				<Field Name="OtherPassenger" Value=""/>
				<Field Name="YourInjuries" Value=""/>
				<Field Name="YourPassengers" Value=""/>
				<Field Name="OtherDriverPhone" Value=""/>
				<Field Name="OtherDriverAddress" Value=""/>
				<Field Name="OtherDriverName" Value=""/>
				<Field Name="InsuranceCompany" Value=""/>
				<Field Name="Registration" Value=""/>
				<Field Name="VehicleColour" Value=""/>
				<Field Name="VehicleModel" Value=""/>
				<Field Name="VehicleMake" Value=""/>
				<Field Name="OwnerPhone" Value=""/>
				<Field Name="OwnerAddress" Value=""/>
				<Field Name="OwnerName" Value=""/>
				<Field Name="OtherRecovery" Value="Na"/>
				<Field Name="OtherVehicleDamage" Value="Na"/>
				<Field Name="YourRecovery" Value="Point Guard"/>
				<Field Name="YourVehicleDamage" Value="Hyundai"/>
				<Field Name="AccidentDetails" Value="Djjddhsjsjsujx jjdjdud djsjdjs ksjs"/>
				<Field Name="Location" Value="Cll Maga, Hatillo, 00659, Puerto Rico"/>
				<Field Name="Conditions" Value="Good"/>
				<Field Name="AccidentTime" Value="9:45"/>
				<Field Name="AccidentDate" Value="9/24/2018"/>
				<Field Name="FileCount" Value="1"/>
				<Field Name="RenameSchema" Value="Accident Form - 9/24/2018 9:45"/>
				<Field Name="Section" Value="Insurance and Financial Services"/>
				<Field Name="UserHomeFolder" Value="\\NUAN-MOBAD01\HOME\Melvinrh1"/>
				<Field Name="UserEmail" Value="Melvin.rios@systronics-pr.com"/>
				<Field Name="UserName" Value="melvinrh1"/>
				<Field Name="FormName" Value="Accident Damage Report"/>
				<Field Name="JobID" Value="2312693593-50259-19743-137-213"/>
			</KnowledgeFields>
		</KnowledgeObject>
	</KnowledgeObjects>
</AutoStore>
