<?xml version="1.0" encoding="utf-8"?>
<AutoStore NSI_SIG2="DDA0379B0962BF3246AF8C80B9E5697286E82A07A961359C456859486D302FB4BA3985CB8E1ACF696897D3C575B854FA">
	<Header Version="2" DateCreated="2018-04-24" TimeCreated="18:16:50" AUTHOR="" COMMENTS=""/>
	<KnowledgeObjects ObjID="740578040-43774-19939-135-6">
		<KnowledgeObject ObjID="1476674769-45223-20045-191-40">
			<KnowledgeDocuments>
				<KnowledgeDocument Type="pdf" Name="Patient Visit - - - 00001.pdf" ObjID="3567798436-1329-18845-166-1" DocRef="3049398381-49874-19636-142-205.dat"/>
			</KnowledgeDocuments>
			<KnowledgeFields>
				<Field Name="VisitParking" Value="No"/>
				<Field Name="VisitCarReg" Value=""/>
				<Field Name="VisitorCompany" Value=""/>
				<Field Name="SelectedVisitor" Value=""/>
				<Field Name="VisitorSurname" Value=""/>
				<Field Name="VisitorFirstname" Value=""/>
				<Field Name="VisitorHost" Value="daniel_larabie"/>
				<Field Name="VisitDate" Value=""/>
				<Field Name="UserName" Value="daniel_larabie"/>
				<Field Name="UserEmail" Value="daniel.larabie@nuance.com"/>
				<Field Name="UserHomeFolder" Value="\\NUAN-MOBAD01\HOME\DANIEL_LARABIE"/>
				<Field Name="FormName" Value="Visitor Badge"/>
				<Field Name="JodID" Value="1476674769-45223-20045-191-40"/>
			</KnowledgeFields>
		</KnowledgeObject>
	</KnowledgeObjects>
</AutoStore>
