<?xml version="1.0" encoding="utf-8"?>
<AutoStore NSI_SIG2="751C8D7D7FB111EC65FE8DFA2D7A8E6C13AA6DC30511B202AD49E8374BA69BEE9CEC1B1C13DB5579DAA11CA2D6B3212C">
	<Header Version="2" DateCreated="2018-01-18" TimeCreated="12:49:04" AUTHOR="" COMMENTS=""/>
	<KnowledgeObjects ObjID="3555386983-33018-18295-146-222">
		<KnowledgeObject ObjID="2997450952-50952-17851-143-114">
			<KnowledgeDocuments>
				<KnowledgeDocument Type="pdf" Name="11.pdf" ObjID="434128761-7568-18953-173-79" DocRef="436088723-2009-18926-151-156.dat"/>
			</KnowledgeDocuments>
			<KnowledgeFields>
				<Field Name="AW" Value="Yes"/>
				<Field Name="QC" Value="No"/>
				<Field Name="WC" Value="No"/>
				<Field Name="AX" Value="No"/>
				<Field Name="AC" Value="No"/>
				<Field Name="OF" Value="No"/>
				<Field Name="BC" Value="No"/>
				<Field Name="OM" Value="No"/>
				<Field Name="SC" Value="No"/>
				<Field Name="EQ" Value="No"/>
				<Field Name="EC" Value="No"/>
				<Field Name="UserName" Value="ian.dixon"/>
				<Field Name="UserHomeFolder" Value="\\NUAN-MOBAD01\HOME\ian.dixon"/>
				<Field Name="UserEmail" Value="ian.dixon100@gmail.com"/>
				<Field Name="FormName" Value="Information Request"/>
				<Field Name="JobID" Value="2997450952-50952-17851-143-114"/>
				<Field Name="Fullname" Value="Martin"/>
				<Field Name="JobTitle" Value="Sales"/>
				<Field Name="Company" Value="Tisser"/>
				<Field Name="EmailAddress" Value="Ian.dizon@nuancej"/>
				<Field Name="PhoneNumber" Value="Kigifif"/>
				<Field Name="MobileNumber" Value="Cicic"/>
				<Field Name="Consent" Value="1"/>
				<Field Name="Products" Value="11"/>
				<Field Name="Section" Value="Sales\Information Request"/>
			</KnowledgeFields>
		</KnowledgeObject>
	</KnowledgeObjects>
</AutoStore>
