<?xml version="1.0" encoding="utf-8"?>
<AutoStore NSI_SIG2="4E0F14E6B40485B65AF646C64BE648EA25C91B7F5055578F5B11C2A5FB324B95AB96C3E5306121E4CAF9B9A65D954AD2">
	<Header Version="2" DateCreated="2017-05-15" TimeCreated="16:24:54" AUTHOR="" COMMENTS=""/>
	<KnowledgeObjects ObjID="3351899807-1328-18479-151-184">
		<KnowledgeObject ObjID="1957106107-30646-18761-167-193">
			<KnowledgeDocuments>
				<KnowledgeDocument Type="png" Name="Manager.png" ObjID="1009966639-11515-19480-149-99" DocRef="819747462-26034-16810-141-2.dat"/>
				<KnowledgeDocument Type="png" Name="Signature_201705151624537424.png" ObjID="3898280737-37018-18032-157-161" DocRef="2717998042-7484-18369-132-34.dat"/>
			</KnowledgeDocuments>
			<KnowledgeFields>
				<Field Name="GPS" Value="asasd"/>
				<Field Name="Signature" Value="C:\Nuance\CompleteDemo\Home\WebCapture\WORK\212bb374-d5b0-464c-ba0d-94e8b095f804\Signature_201705151624537424.png"/>
				<Field Name="Postcode" Value="BL3 1RB"/>
				<Field Name="Address" Value="Ainsworth Road, Bolton"/>
				<Field Name="Firstname" Value="John"/>
				<Field Name="Surname" Value="Campbell-Higgens"/>
				<Field Name="DeliveryID" Value="1235112445"/>
				<Field Name="SignatureName" Value="Test 1"/>
				<Field Name="Driver" Value="administrator"/>
				<Field Name="DeliveryDate" Value="15/05/2017"/>
				<Field Name="DeliveryTime" Value="16:24"/>
			</KnowledgeFields>
		</KnowledgeObject>
	</KnowledgeObjects>
</AutoStore>
