<?xml version="1.0" encoding="utf-8"?>
<AutoStore NSI_SIG2="40479DE70F86FB4B03248591E6616BD90A0AEEE43438D2BB797AF4562D88F35D9031A20526A0B6709666EC15CA335DB9">
	<Header Version="2" DateCreated="2017-06-10" TimeCreated="11:49:46" AUTHOR="" COMMENTS=""/>
	<KnowledgeObjects ObjID="1804793915-54299-17595-146-159">
		<KnowledgeObject ObjID="1522541989-64389-16808-132-189">
			<KnowledgeDocuments>
				<KnowledgeDocument Type="pdf" Name="43_PO-0003_0.pdf" ObjID="3707654755-1875-17132-141-186" DocRef="1784788187-58483-19708-191-61.dat"/>
			</KnowledgeDocuments>
			<KnowledgeFields>
				<Field Name="PO_TABLE" Value="&quot;qty&quot;,&quot;code&quot;,&quot;description&quot;,&quot;unit price&quot;,&quot;total&quot;
&quot;26&quot;,&quot;07AS001A3M1&quot;,&quot;AS Device License (25 to 49) + lyr Maint&quot;,&quot;919.96&quot;,&quot;23918.96&quot;
&quot;1&quot;,&quot;07AS024A1M1&quot;,&quot;2D Barcode + 1 Yr Maint&quot;,&quot;225.48&quot;,&quot;225.48&quot;
&quot;&quot;,&quot;&quot;,&quot;&quot;,&quot;&quot;,&quot;24144.44&quot;
"/>
				<Field Name="PO_TOTAL_PRICE" Value="&quot;total&quot;
&quot;23918.96&quot;
&quot;225.48&quot;
&quot;24144.44&quot;
"/>
				<Field Name="PO_UNIT_PRICE" Value="&quot;unit price&quot;
&quot;919.96&quot;
&quot;225.48&quot;
&quot;&quot;
"/>
				<Field Name="PO_DESCRIPTION" Value="&quot;description&quot;
&quot;AS Device License (25 to 49) + lyr Maint&quot;
&quot;2D Barcode + 1 Yr Maint&quot;
&quot;&quot;
"/>
				<Field Name="PO_CODE" Value="&quot;code&quot;
&quot;07AS001A3M1&quot;
&quot;07AS024A1M1&quot;
&quot;&quot;
"/>
				<Field Name="PO_QTY" Value="&quot;qty&quot;
&quot;26&quot;
&quot;1&quot;
&quot;&quot;
"/>
				<Field Name="PO_ItemCount" Value="4"/>
				<Field Name="PO_Customer_Name" Value="Document Processing Solutions Ltd"/>
				<Field Name="PO_Customer_ID" Value="15001"/>
				<Field Name="PO_Currency" Value="EUR"/>
				<Field Name="PO_TotalValue" Value="24144.44"/>
				<Field Name="PO_Date" Value="16-05-2017"/>
				<Field Name="PO_Number" Value="4351222"/>
				<Field Name="PO_Signed" Value="SIGNED"/>
			</KnowledgeFields>
		</KnowledgeObject>
	</KnowledgeObjects>
</AutoStore>
