<?xml version="1.0" encoding="utf-8"?>
<AutoStore NSI_SIG2="61227AEF36AC09FC6646C6FBF3CD0B8AEB88877D93039545FA679DB687BD3532C282F4DA833829187026ED51F8AFCB0B">
	<Header Version="2" DateCreated="2018-04-24" TimeCreated="18:29:54" AUTHOR="" COMMENTS=""/>
	<KnowledgeObjects ObjID="1216410881-53871-18943-160-31">
		<KnowledgeObject ObjID="4015995490-7522-19026-144-28">
			<KnowledgeDocuments>
				<KnowledgeDocument Type="pdf" Name="Prob11H - Nicholas g Parillo - 00001.pdf" ObjID="4004817528-25395-20108-174-240" DocRef="4282054560-16382-17283-177-20.dat"/>
				<KnowledgeDocument Type="png" Name="Signature_201804241829503549.png" ObjID="4197376236-15834-16969-155-212" DocRef="2605871544-6423-18631-138-170.dat"/>
			</KnowledgeDocuments>
			<KnowledgeFields>
				<Field Name="DeliveryTime" Value="18:29"/>
				<Field Name="DeliveryDate" Value="24/04/2018"/>
				<Field Name="Driver" Value="xodice"/>
				<Field Name="SignatureName" Value="Mister"/>
				<Field Name="DeliveryID" Value="http://qr1.at/jK"/>
				<Field Name="Surname" Value=""/>
				<Field Name="Firstname" Value=""/>
				<Field Name="Address" Value=""/>
				<Field Name="Postcode" Value=""/>
				<Field Name="Signature" Value="C:\Nuance\MobileDemo\Home\WebCapture\WORK\ae77fe64-5bba-4976-be26-6d25971534f0\Signature_201804241829503549.png"/>
				<Field Name="GPS" Value="43.299783325933674, -72.47370067224865"/>
				<Field Name="UserName" Value="xodice"/>
				<Field Name="UserEmail" Value="Nparillo@ssdvermont.com"/>
				<Field Name="UserHomeFolder" Value="\\NUAN-MOBAD01\HOME\Xodice"/>
				<Field Name="FormName" Value="Delivery Acceptance"/>
				<Field Name="JobID" Value="4015995490-7522-19026-144-28"/>
			</KnowledgeFields>
		</KnowledgeObject>
	</KnowledgeObjects>
</AutoStore>
