<?xml version="1.0" encoding="utf-8"?>
<AutoStore NSI_SIG2="43B68AFA3E0D91A413A9024FCEC0054F4AFBDB034F8838756AC553CF6205DFE7B90AB573F2784758C452D3E80B4CED5D">
	<Header Version="2" DateCreated="2018-11-29" TimeCreated="16:28:18" AUTHOR="" COMMENTS=""/>
	<KnowledgeObjects ObjID="3771752692-47869-16423-147-208">
		<KnowledgeObject ObjID="2546796001-5097-19399-150-199">
			<KnowledgeDocuments>
				<KnowledgeDocument Type="png" Name="Signature_201811291628176246.png" ObjID="2308298443-57935-17206-178-157" DocRef="584097463-24941-17065-186-132.dat"/>
			</KnowledgeDocuments>
			<KnowledgeFields>
				<Field Name="RenameSchema" Value="Site HSE Report - Philly - 11/29/2018"/>
				<Field Name="Section" Value="Field Service"/>
				<Field Name="UserHomeFolder" Value="\\NUAN-MOBAD01\HOME\bwalbridge2"/>
				<Field Name="UserEmail" Value="bryanwalbridge@gmail.com"/>
				<Field Name="UserName" Value="bwalbridge2"/>
				<Field Name="FormName" Value="Site Health &amp; Safety Report"/>
				<Field Name="JobID" Value="2546796001-5097-19399-150-199"/>
				<Field Name="Job" Value="Philly"/>
				<Field Name="GPS" Value="40.17642108851437, -75.52875185318851"/>
				<Field Name="ReportDate" Value="11/29/2018"/>
				<Field Name="Access" Value="Excellent"/>
				<Field Name="General" Value="Average"/>
				<Field Name="Tidiness" Value="Poor"/>
				<Field Name="Lighting" Value="Good"/>
				<Field Name="Access1" Value=""/>
				<Field Name="Access2" Value=""/>
				<Field Name="FirstAid" Value=""/>
				<Field Name="Welfare" Value=""/>
				<Field Name="FIre" Value=""/>
				<Field Name="Compliance" Value=""/>
				<Field Name="Inductions" Value=""/>
				<Field Name="Incidents" Value=""/>
				<Field Name="Work" Value="Yes"/>
				<Field Name="Plant" Value=""/>
				<Field Name="PPE" Value=""/>
				<Field Name="Comments" Value=""/>
				<Field Name="CompletedBy" Value=""/>
				<Field Name="Position" Value=""/>
				<Field Name="Signature" Value="C:\Nuance\MobileDemo\Home\WebCapture\WORK\8bfda93c-9fc6-4d90-8c78-e7c746e23d76\Signature_201811291628176246.png"/>
			</KnowledgeFields>
		</KnowledgeObject>
	</KnowledgeObjects>
</AutoStore>
