<?xml version="1.0" encoding="utf-8"?>
<AutoStore NSI_SIG2="C2E7E46324D4D276F0CAC9E7C3E41EFDD1BDD28605FAC23896DE7A2764A7FC52BE830D897CF3CA1A958FD74A5FCE7A6F">
	<Header Version="2" DateCreated="2018-03-13" TimeCreated="14:28:00" AUTHOR="" COMMENTS=""/>
	<KnowledgeObjects ObjID="2008235937-21238-17389-180-54">
		<KnowledgeObject ObjID="1896900278-15111-16465-134-156">
			<KnowledgeDocuments>
				<KnowledgeDocument Type="pdf" Name="Patient - Walbridge_Bryan.pdf" ObjID="1352090786-8404-16429-180-237" DocRef="3308872653-29569-17661-140-231.dat"/>
			</KnowledgeDocuments>
			<KnowledgeFields>
				<Field Name="DocClass" Value="Not Found"/>
				<Field Name="UserName" Value="bwalbridge2"/>
				<Field Name="UserEmail" Value="bryanwalbridge@gmail.com"/>
				<Field Name="UserHomeFolder" Value="\\NUAN-MOBAD01\HOME\bwalbridge2"/>
				<Field Name="FormName" Value="Classification Example"/>
				<Field Name="JobID" Value="1896900278-15111-16465-134-156"/>
				<Field Name="Section" Value="Security and GDPR"/>
				<Field Name="RequestType" Value="Email"/>
			</KnowledgeFields>
		</KnowledgeObject>
	</KnowledgeObjects>
</AutoStore>
