<?xml version="1.0" encoding="utf-8"?>
<AutoStore NSI_SIG2="CDC8F4A00C8788565E1F83FF66AE1B8B03548F7C08932A7E6E55C072F667F64934DF035F7800E44EC1DDDEEA56B53325">
	<Header Version="2" DateCreated="2018-10-17" TimeCreated="03:35:32" AUTHOR="" COMMENTS=""/>
	<KnowledgeObjects ObjID="3237947837-13303-16439-130-166">
		<KnowledgeObject ObjID="869695466-62180-19649-167-211">
			<KnowledgeDocuments>
				<KnowledgeDocument Type="htm" Name="Captured File - 00001.htm" ObjID="1405526381-12747-16432-149-77" DocRef="747744705-45144-19425-136-214.dat"/>
				<KnowledgeDocument Type="png" Name="Signature_201810170335262970.png" ObjID="3015721860-48087-18517-131-40" DocRef="3496447990-6996-17390-132-33.dat"/>
			</KnowledgeDocuments>
			<KnowledgeFields>
				<Field Name="DeliveryTime" Value="03:35"/>
				<Field Name="DeliveryDate" Value="17/10/2018"/>
				<Field Name="Driver" Value="xodice"/>
				<Field Name="SignatureName" Value="Mister Nicholas g Parillo"/>
				<Field Name="DeliveryID" Value="%WH91510146090075279311^PARILLO/NICHOLAS/G^BN610097^PC9999^RGPDPIND^DI10/06/2018?"/>
				<Field Name="Surname" Value=""/>
				<Field Name="Firstname" Value=""/>
				<Field Name="Address" Value=""/>
				<Field Name="Postcode" Value=""/>
				<Field Name="Signature" Value="C:\Nuance\MobileDemo\Home\WebCapture\WORK\562b70a7-1e3a-4b83-9dee-8ea47705c6c0\Signature_201810170335262970.png"/>
				<Field Name="GPS" Value="43.299692715920216, -72.47370553922734"/>
				<Field Name="UserName" Value="xodice"/>
				<Field Name="UserEmail" Value="Nparillo@ssdvermont.com"/>
				<Field Name="UserHomeFolder" Value="\\NUAN-MOBAD01\HOME\Xodice"/>
				<Field Name="FormName" Value="Delivery Acceptance"/>
				<Field Name="JobID" Value="869695466-62180-19649-167-211"/>
			</KnowledgeFields>
		</KnowledgeObject>
	</KnowledgeObjects>
</AutoStore>
