<?xml version="1.0" encoding="utf-8"?>
<AutoStore NSI_SIG2="A43AA99CD14831569A7E12A5A839ACA8E00460972B002194F290CCE943AF1B00E4AB082EF791EEC782C6DD7765C59FC0">
	<Header Version="2" DateCreated="2018-03-08" TimeCreated="06:56:06" AUTHOR="" COMMENTS=""/>
	<KnowledgeObjects ObjID="550776397-52051-20158-180-252">
		<KnowledgeObject ObjID="3866800185-41451-19182-153-18">
			<KnowledgeDocuments>
				<KnowledgeDocument Type="png" Name="DriverSignature_201803080656058106.png" ObjID="3181677994-58134-19264-173-157" DocRef="2334257686-13272-16646-180-75.dat"/>
				<KnowledgeDocument Type="png" Name="ManagerSignature_201803080656058246.png" ObjID="2386430833-31432-17880-159-233" DocRef="3614093050-63769-18776-173-141.dat"/>
			</KnowledgeDocuments>
			<KnowledgeFields>
				<Field Name="JobID" Value="3866800185-41451-19182-153-18"/>
				<Field Name="FormName" Value="Vehicle Acceptance Form"/>
				<Field Name="UserName" Value="datatest87"/>
				<Field Name="UserEmail" Value="datatest87@hotmail.com"/>
				<Field Name="UserHomeFolder" Value="\\NUAN-MOBAD01\HOME\datatest87"/>
				<Field Name="Section" Value="Fleet Management"/>
				<Field Name="RenameSchema" Value="We47 3xb-Ian"/>
				<Field Name="FileCount" Value="2"/>
				<Field Name="Make" Value="Ford"/>
				<Field Name="Model" Value="Mondeo"/>
				<Field Name="RegNo" Value="We47 3xb"/>
				<Field Name="EngineSize" Value="1600"/>
				<Field Name="Fuel" Value="Diesel"/>
				<Field Name="Mileage" Value="23"/>
				<Field Name="Driver" Value="Ian"/>
				<Field Name="Branch" Value="London"/>
				<Field Name="Position" Value="Managet"/>
				<Field Name="EmailAddress" Value="Ianbacon49@hotmail.com"/>
				<Field Name="LicenseNumber" Value="1235"/>
				<Field Name="Radio" Value="1"/>
				<Field Name="WheelTrims" Value="0"/>
				<Field Name="Alloys" Value="1"/>
				<Field Name="ParcelShelf" Value="0"/>
				<Field Name="Spare" Value="0"/>
				<Field Name="ServiceBook" Value="0"/>
				<Field Name="GoodWorkingOrder" Value="1"/>
				<Field Name="CleanOutside" Value="1"/>
				<Field Name="CleanInside" Value="1"/>
				<Field Name="Bodywork" Value="0"/>
				<Field Name="BodyworkDamage" Value=""/>
				<Field Name="Wheels" Value="0"/>
				<Field Name="WheelDamage" Value=""/>
			</KnowledgeFields>
		</KnowledgeObject>
	</KnowledgeObjects>
</AutoStore>
