<?xml version="1.0" encoding="utf-8"?>
<AutoStore NSI_SIG2="2811005830CFEB5903856D0F89D4CC34547680475E68E7E7A62978CA38BEABAEA66AF901AF1DD4D5BCCE0C8CC257A474">
	<Header Version="2" DateCreated="2019-04-28" TimeCreated="03:15:34" AUTHOR="" COMMENTS=""/>
	<KnowledgeObjects ObjID="3268393916-65322-16785-145-234">
		<KnowledgeObject ObjID="3874782413-61075-19143-139-42">
			<KnowledgeDocuments>
				<KnowledgeDocument Type="eml" Name="http www.facebook.com Twonky.eml" ObjID="2149551894-30832-19370-140-220" DocRef="3902357664-7163-19872-187-0.dat"/>
				<KnowledgeDocument Type="pdf" Name="5.pdf" ObjID="1826864371-14483-20219-191-108" DocRef="539411147-56096-17728-137-187.dat"/>
			</KnowledgeDocuments>
			<KnowledgeFields>
				<Field Name="AW" Value="No"/>
				<Field Name="QC" Value="No"/>
				<Field Name="WC" Value="No"/>
				<Field Name="AX" Value="No"/>
				<Field Name="AC" Value="No"/>
				<Field Name="OF" Value="No"/>
				<Field Name="BC" Value="Yes"/>
				<Field Name="OM" Value="No"/>
				<Field Name="SC" Value="No"/>
				<Field Name="EQ" Value="No"/>
				<Field Name="EC" Value="No"/>
				<Field Name="Section" Value="Sales\Information Request"/>
				<Field Name="Products" Value="5"/>
				<Field Name="Consent" Value="1"/>
				<Field Name="MobileNumber" Value="None"/>
				<Field Name="PhoneNumber" Value="8028856141"/>
				<Field Name="EmailAddress" Value="Nparillo@ssdvermont.com"/>
				<Field Name="Company" Value="&lt;ASX VERSION=&quot;3.0&quot;&gt;&lt;PARAM name=&quot;encoding&quot; value=&quot;utf-8&quot; /&gt;&lt;TITLE&gt;Big R Radio - 70s and 80s Pop Mix&lt;/TITLE&gt;&lt;ABSTRACT&gt;80s, Top 40, and Classic R&amp;B music.&lt;/ABSTRACT&gt;&lt;MOREINFO HREF=&quot;http://www.bigrradio.com&quot; /&gt;&lt;PARAM NAME=&quot;logoURL&quot; VALUE=&quot;67428191-5148-4bd0-a"/>
				<Field Name="JobTitle" Value="Custodian"/>
				<Field Name="Fullname" Value="Nicholas g Parillo"/>
				<Field Name="JobID" Value="3874782413-61075-19143-139-42"/>
				<Field Name="FormName" Value="Information Request"/>
				<Field Name="UserEmail" Value="Nparillo@ssdvermont.com"/>
				<Field Name="UserHomeFolder" Value="\\NUAN-MOBAD01\HOME\Xodice"/>
				<Field Name="UserName" Value="Xodice"/>
			</KnowledgeFields>
		</KnowledgeObject>
	</KnowledgeObjects>
</AutoStore>
