<?xml version="1.0" encoding="utf-8"?>
<AutoStore NSI_SIG2="C45EC31BAE540363E50E416DA02E8143298FDE9F9B2971365C178B4090806FF8A16CB223B0E474020F0F6923489B3ED8">
	<Header Version="2" DateCreated="2018-05-19" TimeCreated="22:24:40" AUTHOR="" COMMENTS=""/>
	<KnowledgeObjects ObjID="340164371-11676-17058-178-95">
		<KnowledgeObject ObjID="877169946-32968-20232-172-105">
			<KnowledgeDocuments>
				<KnowledgeDocument Type="htm" Name="Twonky_Server.htm" ObjID="3224743351-28821-16853-168-159" DocRef="1141079456-53256-16497-140-187.dat"/>
				<KnowledgeDocument Type="png" Name="Signature_201805192224366605.png" ObjID="3126439483-47984-18791-148-55" DocRef="2820297922-18862-20314-159-255.dat"/>
			</KnowledgeDocuments>
			<KnowledgeFields>
				<Field Name="DeliveryTime" Value="22:24"/>
				<Field Name="DeliveryDate" Value="19/05/2018"/>
				<Field Name="Driver" Value="xodice"/>
				<Field Name="SignatureName" Value="Mister"/>
				<Field Name="DeliveryID" Value="0764608005187"/>
				<Field Name="Surname" Value=""/>
				<Field Name="Firstname" Value=""/>
				<Field Name="Address" Value=""/>
				<Field Name="Postcode" Value=""/>
				<Field Name="Signature" Value="C:\Nuance\MobileDemo\Home\WebCapture\WORK\6edae368-7551-4880-ad78-8dc372001a4b\Signature_201805192224366605.png"/>
				<Field Name="GPS" Value="43.29959611971422, -72.47373092153416"/>
				<Field Name="UserName" Value="xodice"/>
				<Field Name="UserEmail" Value="Nparillo@ssdvermont.com"/>
				<Field Name="UserHomeFolder" Value="\\NUAN-MOBAD01\HOME\Xodice"/>
				<Field Name="FormName" Value="Delivery Acceptance"/>
				<Field Name="JobID" Value="877169946-32968-20232-172-105"/>
			</KnowledgeFields>
		</KnowledgeObject>
	</KnowledgeObjects>
</AutoStore>
