<?xml version="1.0" encoding="utf-8"?>
<AutoStore NSI_SIG2="06D9410D1C99DED0CD8EB670C0D002EC895D67949FC74EAA1F7F1423D6323C2501FCDF3E7FF3AFCF2CB50031829247B6">
	<Header Version="2" DateCreated="2018-10-17" TimeCreated="14:59:35" AUTHOR="" COMMENTS=""/>
	<KnowledgeObjects ObjID="708505119-34083-17234-133-157">
		<KnowledgeObject ObjID="2945954280-50630-19872-177-76">
			<KnowledgeDocuments>
				<KnowledgeDocument Type="pdf" Name="Gml 591-Nicholas parillo - 00001.pdf" ObjID="3387258879-338-18638-185-51" DocRef="1225372375-60295-16572-135-255.dat"/>
				<KnowledgeDocument Type="png" Name="Signature_201810171459306955.png" ObjID="4223478652-5180-18621-176-51" DocRef="3677450672-26491-19267-153-190.dat"/>
			</KnowledgeDocuments>
			<KnowledgeFields>
				<Field Name="DeliveryTime" Value="14:59"/>
				<Field Name="DeliveryDate" Value="17/10/2018"/>
				<Field Name="Driver" Value="xodice"/>
				<Field Name="SignatureName" Value="Thomas Watkins bellows road Springfield,Vermont 05156-0116"/>
				<Field Name="DeliveryID" Value="%WH91510146090075279311^PARILLO/NICHOLAS/G^BN610097^PC9999^RGPDPIND^DI10/06/2018?"/>
				<Field Name="Surname" Value=""/>
				<Field Name="Firstname" Value=""/>
				<Field Name="Address" Value=""/>
				<Field Name="Postcode" Value=""/>
				<Field Name="Signature" Value="C:\Nuance\MobileDemo\Home\WebCapture\WORK\6e49eb5b-a514-43e0-b712-59aec95e5da5\Signature_201810171459306955.png"/>
				<Field Name="GPS" Value="43.299698355482015, -72.4737046635854"/>
				<Field Name="UserName" Value="xodice"/>
				<Field Name="UserEmail" Value="Nparillo@ssdvermont.com"/>
				<Field Name="UserHomeFolder" Value="\\NUAN-MOBAD01\HOME\Xodice"/>
				<Field Name="FormName" Value="Delivery Acceptance"/>
				<Field Name="JobID" Value="2945954280-50630-19872-177-76"/>
			</KnowledgeFields>
		</KnowledgeObject>
	</KnowledgeObjects>
</AutoStore>
