<?xml version="1.0" encoding="utf-8"?>
<AutoStore NSI_SIG2="C8E2191C4AAC587183103940ECEE60D4B6520E03D43850532DC0047F9FA55D3B89A5959228770D799A8B98B9194FC05B">
	<Header Version="2" DateCreated="2018-02-22" TimeCreated="05:58:51" AUTHOR="" COMMENTS=""/>
	<KnowledgeObjects ObjID="1422992141-37805-16547-155-22">
		<KnowledgeObject ObjID="1955595648-16695-16482-129-211">
			<KnowledgeDocuments>
				<KnowledgeDocument Type="png" Name="Signed_201802220558492468.png" ObjID="877424495-56497-18979-172-26" DocRef="1567746321-10510-18998-173-213.dat"/>
				<KnowledgeDocument Type="TXT" Name="TimeSheet.TXT" ObjID="1908675781-23887-20260-142-32" DocRef="3514769742-17255-20375-160-55.dat"/>
			</KnowledgeDocuments>
			<KnowledgeFields>
				<Field Name="ContractorName" Value="gregorysbuckner gregorysbuckner"/>
				<Field Name="Signature" Value="C:\Nuance\MobileDemo\Home\WebCapture\WORK\68c3201a-6ea2-4b6d-a330-a82638e2feda\Signed_201802220558492468.png"/>
				<Field Name="ContractorID" Value="gregorysbuckner"/>
				<Field Name="FriHours" Value="09:00"/>
				<Field Name="FriEnd" Value="5:00pm"/>
				<Field Name="FriStart" Value="8:00am"/>
				<Field Name="ThuHours" Value="09:00"/>
				<Field Name="ThuEnd" Value="5:00pm"/>
				<Field Name="ThuStart" Value="8:00am"/>
				<Field Name="WedHours" Value="09:00"/>
				<Field Name="WedEnd" Value="5:00pm"/>
				<Field Name="WedStart" Value="8:00am"/>
				<Field Name="TueHours" Value="09:00"/>
				<Field Name="TueEnd" Value="5:00pm"/>
				<Field Name="TueStart" Value="8:00am"/>
				<Field Name="MonHours" Value="09:00"/>
				<Field Name="MonEnd" Value="5:00pm"/>
				<Field Name="MonStart" Value="8:00am"/>
				<Field Name="WeekEnding" Value="24-02-2018"/>
				<Field Name="TimeSheetID" Value="0000082"/>
				<Field Name="TotalHours" Value="45:00"/>
				<Field Name="Submitted" Value="22-02-2018"/>
				<Field Name="UserName" Value="gregorysbuckner"/>
				<Field Name="UserEmail" Value="Gregory.buckner@nuance.com"/>
				<Field Name="UserHomeFolder" Value="\\NUAN-MOBAD01\HOME\gregorysbuckner"/>
				<Field Name="FormName" Value="Submit TimeSheet"/>
				<Field Name="JobID" Value="1955595648-16695-16482-129-211"/>
			</KnowledgeFields>
		</KnowledgeObject>
	</KnowledgeObjects>
</AutoStore>
