<?xml version="1.0" encoding="utf-8"?>
<AutoStore NSI_SIG2="70B883D55E657F08AEFDC24E2F23E5B98571237C99738D64DC32558BE2E8071669CA42C66C76BC43A683E82431B8CB4A">
	<Header Version="2" DateCreated="2018-04-06" TimeCreated="03:45:11" AUTHOR="" COMMENTS=""/>
	<KnowledgeObjects ObjID="1103075718-12667-16826-191-13">
		<KnowledgeObject ObjID="3722919290-51046-17338-183-139">
			<KnowledgeDocuments>
				<KnowledgeDocument Type="jpg" Name="cdv_photo_001.jpg" ObjID="1215579835-15623-20144-158-109" DocRef="1140443649-31617-19463-156-225.dat"/>
			</KnowledgeDocuments>
			<KnowledgeFields>
				<Field Name="VisitParking" Value="Yes"/>
				<Field Name="VisitCarReg" Value="Lsa012"/>
				<Field Name="VisitorCompany" Value="Nuance"/>
				<Field Name="SelectedVisitor" Value=""/>
				<Field Name="VisitorSurname" Value="Roken"/>
				<Field Name="VisitorFirstname" Value="Joachim"/>
				<Field Name="VisitorHost" Value="joachim_roken"/>
				<Field Name="VisitDate" Value="21/10/2018"/>
				<Field Name="UserName" Value="joachim_roken"/>
				<Field Name="UserEmail" Value="joachim.roken@nuance.com"/>
				<Field Name="UserHomeFolder" Value="\\NUAN-MOBAD01\HOME\joachim_roken"/>
				<Field Name="FormName" Value="Visitor Badge"/>
				<Field Name="JodID" Value="3722919290-51046-17338-183-139"/>
			</KnowledgeFields>
		</KnowledgeObject>
	</KnowledgeObjects>
</AutoStore>
