<?xml version="1.0" encoding="utf-8"?>
<AutoStore NSI_SIG2="23BF80E4135F2BAD2F0240FEA88C5128C672641600DD57A3215B1221FBE4AF3BF6E0A1F3591C821FA77F1DBD63DA37D0">
	<Header Version="2" DateCreated="2018-01-05" TimeCreated="11:29:04" AUTHOR="" COMMENTS=""/>
	<KnowledgeObjects ObjID="3782718260-41316-19893-129-28">
		<KnowledgeObject ObjID="525662575-18072-17420-187-249">
			<KnowledgeDocuments>
				<KnowledgeDocument Type="TXT" Name="Patient - Jimenez_Tito.TXT" ObjID="2114503658-61159-18107-134-104" DocRef="838163891-55702-18041-143-12.dat"/>
			</KnowledgeDocuments>
			<KnowledgeFields>
				<Field Name="Section" Value="Healthcare\Patient Registration"/>
				<Field Name="JobID" Value="525662575-18072-17420-187-249"/>
				<Field Name="FormName" Value="New Patient Admittance"/>
				<Field Name="UserHomeFolder" Value="\\NUAN-MOBAD01\HOME\modesto@mhermida.com"/>
				<Field Name="UserEmail" Value="modesto@mhermida.com"/>
				<Field Name="UserName" Value="modesto@mhermida.com"/>
				<Field Name="RenameSchema" Value="Patient - Jimenez_Tito"/>
				<Field Name="Forename" Value="Tito"/>
				<Field Name="Surname" Value="Jimenez"/>
				<Field Name="SSN" Value="123456"/>
				<Field Name="Street" Value="z"/>
				<Field Name="City" Value="Fuenla"/>
				<Field Name="State" Value="Spain"/>
				<Field Name="ZIP" Value="28941"/>
				<Field Name="Reason" Value="Dolor abdominal"/>
			</KnowledgeFields>
		</KnowledgeObject>
	</KnowledgeObjects>
</AutoStore>
