<?xml version="1.0" encoding="utf-8"?>
<AutoStore NSI_SIG2="20ED8A25A8508F9097427B53132174CB23856F1ABA490F84760712FA79908739DE30B3CE9F41A85A597196989AD8783A">
	<Header Version="2" DateCreated="2017-12-15" TimeCreated="16:39:47" AUTHOR="" COMMENTS=""/>
	<KnowledgeObjects ObjID="3548967317-34263-18131-133-51">
		<KnowledgeObject ObjID="38187618-2828-19272-161-255">
			<KnowledgeDocuments>
				<KnowledgeDocument Type="pdf" Name="1.pdf" ObjID="3149958024-14436-16772-166-148" DocRef="778975631-16979-19027-167-191.dat"/>
			</KnowledgeDocuments>
			<KnowledgeFields>
				<Field Name="AW" Value="No"/>
				<Field Name="QC" Value="No"/>
				<Field Name="WC" Value="No"/>
				<Field Name="AX" Value="No"/>
				<Field Name="AC" Value="No"/>
				<Field Name="OF" Value="No"/>
				<Field Name="BC" Value="No"/>
				<Field Name="OM" Value="No"/>
				<Field Name="SC" Value="No"/>
				<Field Name="EQ" Value="Yes"/>
				<Field Name="EC" Value="No"/>
				<Field Name="Section" Value="Sales\Information Request"/>
				<Field Name="Products" Value="1"/>
				<Field Name="Consent" Value="1"/>
				<Field Name="MobileNumber" Value="3025555555"/>
				<Field Name="PhoneNumber" Value="302555555"/>
				<Field Name="EmailAddress" Value="Jerry@nuance.com"/>
				<Field Name="Company" Value="Nuance"/>
				<Field Name="JobTitle" Value="SE"/>
				<Field Name="Fullname" Value="Jerry Marley"/>
				<Field Name="JobID" Value="38187618-2828-19272-161-255"/>
				<Field Name="FormName" Value="Information Request"/>
				<Field Name="UserEmail" Value="jerry@nuance.com"/>
				<Field Name="UserHomeFolder" Value="\\NUAN-MOBAD01\HOME\jerrymarley"/>
				<Field Name="UserName" Value="jerrymarley"/>
			</KnowledgeFields>
		</KnowledgeObject>
	</KnowledgeObjects>
</AutoStore>
