<?xml version="1.0" encoding="utf-8"?>
<AutoStore NSI_SIG2="479ACB9FECE251E877860541AC60B13DD9FE7F911E5C86B429D8E78588FB2589DAB0EE569E8A330BEA76D3368A65CCA8">
	<Header Version="2" DateCreated="2018-05-21" TimeCreated="14:58:23" AUTHOR="" COMMENTS=""/>
	<KnowledgeObjects ObjID="653004706-49077-19902-158-135">
		<KnowledgeObject ObjID="1452408680-15438-18394-155-149">
			<KnowledgeDocuments>
				<KnowledgeDocument Type="png" Name="Signature_201805211458226641.png" ObjID="3981847488-20177-16752-157-2" DocRef="1554133411-40172-17956-190-78.dat"/>
			</KnowledgeDocuments>
			<KnowledgeFields>
				<Field Name="RenameSchema" Value="Site HSE Report - Booton - 5/21/2018"/>
				<Field Name="Section" Value="Field Service"/>
				<Field Name="UserHomeFolder" Value="\\NUAN-MOBAD01\HOME\JCHNuance"/>
				<Field Name="UserEmail" Value="jch@nuance.com"/>
				<Field Name="UserName" Value="jchnuance"/>
				<Field Name="FormName" Value="Site Health &amp; Safety Report"/>
				<Field Name="JobID" Value="1452408680-15438-18394-155-149"/>
				<Field Name="Job" Value="Booton"/>
				<Field Name="GPS" Value="53.56530993808133, -2.369805246356659"/>
				<Field Name="ReportDate" Value="5/21/2018"/>
				<Field Name="Access" Value="Excellent"/>
				<Field Name="General" Value=""/>
				<Field Name="Tidiness" Value=""/>
				<Field Name="Lighting" Value=""/>
				<Field Name="Access1" Value=""/>
				<Field Name="Access2" Value=""/>
				<Field Name="FirstAid" Value=""/>
				<Field Name="Welfare" Value=""/>
				<Field Name="FIre" Value=""/>
				<Field Name="Compliance" Value=""/>
				<Field Name="Inductions" Value=""/>
				<Field Name="Incidents" Value=""/>
				<Field Name="Work" Value=""/>
				<Field Name="Plant" Value=""/>
				<Field Name="PPE" Value=""/>
				<Field Name="Comments" Value=""/>
				<Field Name="CompletedBy" Value=""/>
				<Field Name="Position" Value=""/>
				<Field Name="Signature" Value="C:\Nuance\MobileDemo\Home\WebCapture\WORK\761f49a6-6174-4792-a11e-1147094cd374\Signature_201805211458226641.png"/>
			</KnowledgeFields>
		</KnowledgeObject>
	</KnowledgeObjects>
</AutoStore>
