<?xml version="1.0" encoding="utf-8"?>
<AutoStore NSI_SIG2="458384DD1A10A8D7EE8D42897CA6F910FCF7DC616B30EF541D98CEEF6181212073932F89E808FE8F809FEE1AE6E8E68E">
	<Header Version="2" DateCreated="2019-03-13" TimeCreated="12:41:10" AUTHOR="" COMMENTS=""/>
	<KnowledgeObjects ObjID="2696340033-41808-17242-152-61">
		<KnowledgeObject ObjID="2090074475-13994-20073-134-211">
			<KnowledgeDocuments>
				<KnowledgeDocument Type="jpg" Name="1552480833804.jpg" ObjID="3817567953-6708-17245-134-36" DocRef="1431276786-36374-18572-133-58.dat"/>
			</KnowledgeDocuments>
			<KnowledgeFields>
				<Field Name="WitnessMobile2" Value=""/>
				<Field Name="WitnessPhone2" Value=""/>
				<Field Name="WitnessAddress2" Value=""/>
				<Field Name="WitnessName2" Value=""/>
				<Field Name="WitnessMobile1" Value=""/>
				<Field Name="WitnessPhone1" Value=""/>
				<Field Name="WitnessAddress1" Value=""/>
				<Field Name="WitnessName1" Value=""/>
				<Field Name="OtherInfor" Value=""/>
				<Field Name="BadgeNumber" Value=""/>
				<Field Name="Phone" Value=""/>
				<Field Name="Department" Value=""/>
				<Field Name="OfficerName" Value=""/>
				<Field Name="OtherInjuries" Value=""/>
				<Field Name="OtherPassenger" Value=""/>
				<Field Name="YourInjuries" Value=""/>
				<Field Name="YourPassengers" Value=""/>
				<Field Name="OtherDriverPhone" Value=""/>
				<Field Name="OtherDriverAddress" Value=""/>
				<Field Name="OtherDriverName" Value=""/>
				<Field Name="InsuranceCompany" Value=""/>
				<Field Name="Registration" Value=""/>
				<Field Name="VehicleColour" Value=""/>
				<Field Name="VehicleModel" Value=""/>
				<Field Name="VehicleMake" Value=""/>
				<Field Name="OwnerPhone" Value=""/>
				<Field Name="OwnerAddress" Value=""/>
				<Field Name="OwnerName" Value=""/>
				<Field Name="OtherRecovery" Value="Xxx"/>
				<Field Name="OtherVehicleDamage" Value="Xxx"/>
				<Field Name="YourRecovery" Value="Xxx"/>
				<Field Name="YourVehicleDamage" Value="Xxx"/>
				<Field Name="AccidentDetails" Value="Auto aan de linkerkant beschadigd"/>
				<Field Name="Location" Value="Industriepark-west 73, 9100 Sint-Niklaas, België"/>
				<Field Name="Conditions" Value="Rainy"/>
				<Field Name="AccidentTime" Value="14:30"/>
				<Field Name="AccidentDate" Value="3/12/2019"/>
				<Field Name="FileCount" Value="1"/>
				<Field Name="RenameSchema" Value="Accident Form - 3/12/2019 14:30"/>
				<Field Name="Section" Value="Insurance and Financial Services"/>
				<Field Name="UserHomeFolder" Value="\\NUAN-MOBAD01\HOME\ValentinoAragona"/>
				<Field Name="UserEmail" Value="Valentino.aragona@breex.be"/>
				<Field Name="UserName" Value="valentinoaragona"/>
				<Field Name="FormName" Value="Accident Damage Report"/>
				<Field Name="JobID" Value="2090074475-13994-20073-134-211"/>
			</KnowledgeFields>
		</KnowledgeObject>
	</KnowledgeObjects>
</AutoStore>
