<?xml version="1.0" encoding="utf-8"?>
<AutoStore NSI_SIG2="EE40E0BF8F952A690F118697CEF3EA03E86C506890230970144595F7A72B45A1CFC0A0C61F2A81F236175F128D8F7123">
	<Header Version="2" DateCreated="2018-04-23" TimeCreated="19:45:36" AUTHOR="" COMMENTS=""/>
	<KnowledgeObjects ObjID="589003963-25851-19530-171-142">
		<KnowledgeObject ObjID="2738172799-13575-19710-160-235">
			<KnowledgeDocuments>
				<KnowledgeDocument Type="png" Name="Sketch_201804231945364854.png" ObjID="3803896735-3697-18374-169-185" DocRef="1288940799-36332-17846-147-165.dat"/>
			</KnowledgeDocuments>
			<KnowledgeFields>
				<Field Name="WitnessMobile2" Value=""/>
				<Field Name="WitnessPhone2" Value=""/>
				<Field Name="WitnessAddress2" Value=""/>
				<Field Name="WitnessName2" Value=""/>
				<Field Name="WitnessMobile1" Value=""/>
				<Field Name="WitnessPhone1" Value=""/>
				<Field Name="WitnessAddress1" Value=""/>
				<Field Name="WitnessName1" Value=""/>
				<Field Name="OtherInfor" Value=""/>
				<Field Name="BadgeNumber" Value=""/>
				<Field Name="Phone" Value=""/>
				<Field Name="Department" Value=""/>
				<Field Name="OfficerName" Value=""/>
				<Field Name="OtherInjuries" Value=""/>
				<Field Name="OtherPassenger" Value=""/>
				<Field Name="YourInjuries" Value=""/>
				<Field Name="YourPassengers" Value=""/>
				<Field Name="OtherDriverPhone" Value=""/>
				<Field Name="OtherDriverAddress" Value="White house"/>
				<Field Name="OtherDriverName" Value="Donald trump"/>
				<Field Name="InsuranceCompany" Value=""/>
				<Field Name="Registration" Value=""/>
				<Field Name="VehicleColour" Value=""/>
				<Field Name="VehicleModel" Value=""/>
				<Field Name="VehicleMake" Value=""/>
				<Field Name="OwnerPhone" Value=""/>
				<Field Name="OwnerAddress" Value=""/>
				<Field Name="OwnerName" Value=""/>
				<Field Name="OtherRecovery" Value="Not sure"/>
				<Field Name="OtherVehicleDamage" Value="Tesla"/>
				<Field Name="YourRecovery" Value="Allstate"/>
				<Field Name="YourVehicleDamage" Value="Ford"/>
				<Field Name="AccidentDetails" Value="Lost control in curve, very icy conditions ahead"/>
				<Field Name="Location" Value="117 Chemin Guénette, Val-des-Bois, QC J0X 3C0, Canada"/>
				<Field Name="Conditions" Value="Icy"/>
				<Field Name="AccidentTime" Value="10:43"/>
				<Field Name="AccidentDate" Value="4/23/2018"/>
				<Field Name="FileCount" Value="1"/>
				<Field Name="RenameSchema" Value="Accident Form - 4/23/2018 10:43"/>
				<Field Name="Section" Value="Insurance and Financial Services"/>
				<Field Name="UserHomeFolder" Value="\\NUAN-MOBAD01\HOME\DANIEL_LARABIE"/>
				<Field Name="UserEmail" Value="daniel.larabie@nuance.com"/>
				<Field Name="UserName" Value="daniel_larabie"/>
				<Field Name="FormName" Value="Accident Damage Report"/>
				<Field Name="JobID" Value="2738172799-13575-19710-160-235"/>
			</KnowledgeFields>
		</KnowledgeObject>
	</KnowledgeObjects>
</AutoStore>
