<?xml version="1.0" encoding="utf-8"?>
<AutoStore NSI_SIG2="66BF7F6C38D678E3EA24D2F38ED97C32D285E863C86B3251DF3E8BA9F8D732D6F3E73077C8EEBD74FB5DFD2842B2087E">
	<Header Version="2" DateCreated="2017-12-19" TimeCreated="11:00:41" AUTHOR="" COMMENTS=""/>
	<KnowledgeObjects ObjID="2044069807-28825-19629-159-152">
		<KnowledgeObject ObjID="3506397745-5307-17025-154-138">
			<KnowledgeDocuments>
				<KnowledgeDocument Type="png" Name="Signed_201712191100403015.png" ObjID="3357666971-52617-16596-172-89" DocRef="238729650-21248-16848-156-116.dat"/>
			</KnowledgeDocuments>
			<KnowledgeFields>
				<Field Name="JobID" Value="3506397745-5307-17025-154-138"/>
				<Field Name="FormName" Value="Submit TimeSheet"/>
				<Field Name="UserHomeFolder" Value="\\NUAN-MOBAD01\HOME\MattyMah"/>
				<Field Name="UserEmail" Value="matt.mahoney@nuance.com"/>
				<Field Name="UserName" Value="mattymah"/>
				<Field Name="Submitted" Value="19-12-2017"/>
				<Field Name="TotalHours" Value="51:15"/>
				<Field Name="TimeSheetID" Value="0000053"/>
				<Field Name="WeekEnding" Value="22-12-2017"/>
				<Field Name="MonStart" Value="8:00"/>
				<Field Name="MonEnd" Value="18:30"/>
				<Field Name="MonHours" Value="10:30"/>
				<Field Name="TueStart" Value="8:00"/>
				<Field Name="TueEnd" Value="18:30"/>
				<Field Name="TueHours" Value="10:30"/>
				<Field Name="WedStart" Value="8:00"/>
				<Field Name="WedEnd" Value="18:30"/>
				<Field Name="WedHours" Value="10:30"/>
				<Field Name="ThuStart" Value="8:00"/>
				<Field Name="ThuEnd" Value="18:30"/>
				<Field Name="ThuHours" Value="10:30"/>
				<Field Name="FriStart" Value="8:00"/>
				<Field Name="FriEnd" Value="18:55"/>
				<Field Name="FriHours" Value="10:55"/>
				<Field Name="ContractorID" Value="mattymah"/>
				<Field Name="Signature" Value="C:\Nuance\MobileDemo\Home\WebCapture\WORK\d42561ba-a1c0-4f4a-b805-deda4a9c89d6\Signed_201712191100403015.png"/>
				<Field Name="ContractorName" Value="MattyMah MattyMah"/>
			</KnowledgeFields>
		</KnowledgeObject>
	</KnowledgeObjects>
</AutoStore>
