<?xml version="1.0" encoding="utf-8"?>
<AutoStore NSI_SIG2="EC85A887A01D92E40F108D5655A7A785A346DE491D9F3C3386B71C98C303025014228999FF37387C1660CB3BC809560D">
	<Header Version="2" DateCreated="2018-01-26" TimeCreated="15:33:59" AUTHOR="" COMMENTS=""/>
	<KnowledgeObjects ObjID="2878418262-54030-17270-178-222">
		<KnowledgeObject ObjID="3478769630-36078-17945-164-77">
			<KnowledgeDocuments>
				<KnowledgeDocument Type="png" Name="Signed_201801261533536740.png" ObjID="1319045865-11446-19096-139-0" DocRef="1837079057-37339-17965-129-88.dat"/>
				<KnowledgeDocument Type="TXT" Name="TimeSheet.TXT" ObjID="1641763287-45602-17143-145-42" DocRef="4001153930-24528-18938-189-158.dat"/>
			</KnowledgeDocuments>
			<KnowledgeFields>
				<Field Name="ContractorName" Value="jpitelephone jpitelephone"/>
				<Field Name="Signature" Value="C:\Nuance\MobileDemo\Home\WebCapture\WORK\517d7691-4f7e-468d-b978-51afe460fea7\Signed_201801261533536740.png"/>
				<Field Name="ContractorID" Value="jpitelephone"/>
				<Field Name="FriHours" Value="09:00"/>
				<Field Name="FriEnd" Value="5pm"/>
				<Field Name="FriStart" Value="8am"/>
				<Field Name="ThuHours" Value="09:00"/>
				<Field Name="ThuEnd" Value="5pm"/>
				<Field Name="ThuStart" Value="8am"/>
				<Field Name="WedHours" Value="09:00"/>
				<Field Name="WedEnd" Value="5pm"/>
				<Field Name="WedStart" Value="8am"/>
				<Field Name="TueHours" Value="09:00"/>
				<Field Name="TueEnd" Value="5pm"/>
				<Field Name="TueStart" Value="8am"/>
				<Field Name="MonHours" Value="09:00"/>
				<Field Name="MonEnd" Value="5pm"/>
				<Field Name="MonStart" Value="8am"/>
				<Field Name="WeekEnding" Value="27-01-2018"/>
				<Field Name="TimeSheetID" Value="0000073"/>
				<Field Name="TotalHours" Value="45:00"/>
				<Field Name="Submitted" Value="26-01-2018"/>
				<Field Name="UserName" Value="jpitelephone"/>
				<Field Name="UserEmail" Value="jeffrey.pelliconi@nuance.com"/>
				<Field Name="UserHomeFolder" Value="\\NUAN-MOBAD01\HOME\jpitelephone"/>
				<Field Name="FormName" Value="Submit TimeSheet"/>
				<Field Name="JobID" Value="3478769630-36078-17945-164-77"/>
			</KnowledgeFields>
		</KnowledgeObject>
	</KnowledgeObjects>
</AutoStore>
