<?xml version="1.0" encoding="utf-8"?>
<AutoStore NSI_SIG2="E341541235D4A8DE39487E77E1C51F2E7095CDB10E7C9B1A7BB9BE285F49E0B09326BB7049DD2A91B7C17F25B67D8E0E">
	<Header Version="2" DateCreated="2019-06-03" TimeCreated="14:10:03" AUTHOR="" COMMENTS=""/>
	<KnowledgeObjects ObjID="3199506085-51054-19847-154-116">
		<KnowledgeObject ObjID="182079046-12634-18027-147-216">
			<KnowledgeDocuments>
				<KnowledgeDocument Type="jpg" Name="1559570801344.jpg" ObjID="3230972514-47048-16537-164-48" DocRef="457018397-2619-19515-148-123.dat"/>
			</KnowledgeDocuments>
			<KnowledgeFields>
				<Field Name="FileCount" Value="1"/>
				<Field Name="RenameSchema" Value="KYC - Joshua wuceda"/>
				<Field Name="Section" Value="Insurance and Financial Services"/>
				<Field Name="UserHomeFolder" Value="\\NUAN-MOBAD01\HOME\joshuaeuceda"/>
				<Field Name="UserEmail" Value="jeuceda@saxon.net"/>
				<Field Name="UserName" Value="joshuaeuceda"/>
				<Field Name="FormName" Value="KYC - Proof of Identity"/>
				<Field Name="JobID" Value="182079046-12634-18027-147-216"/>
				<Field Name="FullName" Value="Joshua wuceda"/>
				<Field Name="SpouseName" Value="Jorge Euceda"/>
				<Field Name="Gender" Value="Male"/>
				<Field Name="MaritalStatus" Value="Single"/>
				<Field Name="DateOfBirth" Value="5/15/2019"/>
				<Field Name="Nationality" Value="Cuban"/>
				<Field Name="Status" Value="Resident Individual"/>
				<Field Name="PAN" Value=""/>
				<Field Name="PANProof" Value=""/>
				<Field Name="Address" Value=""/>
				<Field Name="City" Value=""/>
				<Field Name="State" Value=""/>
				<Field Name="Country" Value=""/>
				<Field Name="PinCode" Value=""/>
				<Field Name="PhoneWork" Value=""/>
				<Field Name="PhoneHome" Value=""/>
				<Field Name="Mobile" Value=""/>
				<Field Name="Fax" Value=""/>
				<Field Name="EmailAddress" Value=""/>
				<Field Name="ProofOfAddress" Value=""/>
				<Field Name="PermAddress" Value=""/>
				<Field Name="PermCity" Value=""/>
				<Field Name="PermState" Value=""/>
				<Field Name="PermCountry" Value=""/>
				<Field Name="PermPinCode" Value=""/>
				<Field Name="PermProof" Value=""/>
			</KnowledgeFields>
		</KnowledgeObject>
	</KnowledgeObjects>
</AutoStore>
