<?xml version="1.0" encoding="utf-8"?>
<AutoStore NSI_SIG2="4CF6261DED81CCF5117C1B22508AEA7EE3E5B014D5835FD0DD31FDDAE015DEC162FED9B148548CC87A0C5E93B7A4E2EC">
	<Header Version="2" DateCreated="2018-07-15" TimeCreated="00:34:57" AUTHOR="" COMMENTS=""/>
	<KnowledgeObjects ObjID="3608876677-25246-17212-132-198">
		<KnowledgeObject ObjID="2842162093-8929-16925-147-156">
			<KnowledgeDocuments>
				<KnowledgeDocument Type="png" Name="Signature_201807150034567295.png" ObjID="1848765821-12060-19117-163-9" DocRef="2629563905-59289-16521-173-104.dat"/>
			</KnowledgeDocuments>
			<KnowledgeFields>
				<Field Name="JobID" Value="2842162093-8929-16925-147-156"/>
				<Field Name="FormName" Value="Standing Order Amendment Form"/>
				<Field Name="UserName" Value="daniel_larabie"/>
				<Field Name="UserEmail" Value="daniel.larabie@nuance.com"/>
				<Field Name="UserHomeFolder" Value="\\NUAN-MOBAD01\HOME\DANIEL_LARABIE"/>
				<Field Name="Section" Value="Insurance and Financial Services"/>
				<Field Name="RenameSchema" Value="SO Amendment - Jjj - Bb"/>
				<Field Name="FileCount" Value="1"/>
				<Field Name="Fullname" Value="Ffg"/>
				<Field Name="Sortcode" Value="Jjj"/>
				<Field Name="Account" Value="Bb"/>
				<Field Name="ContactPhone" Value="Hbb"/>
				<Field Name="BranchName" Value=""/>
				<Field Name="Type" Value=""/>
				<Field Name="Amount" Value=""/>
				<Field Name="RecipentsName" Value=""/>
				<Field Name="PayReference" Value=""/>
				<Field Name="SOReference" Value=""/>
				<Field Name="SortCode2" Value=""/>
				<Field Name="Account2" Value=""/>
				<Field Name="NewPayRef" Value=""/>
				<Field Name="NewRecName" Value=""/>
				<Field Name="NewRecBank" Value=""/>
				<Field Name="NewRecSortCode" Value=""/>
				<Field Name="NewRecAccount" Value=""/>
				<Field Name="NewAmount" Value=""/>
				<Field Name="NextDueDate" Value=""/>
				<Field Name="FinalAmount" Value=""/>
				<Field Name="FinalDate" Value=""/>
				<Field Name="Frequency" Value=""/>
				<Field Name="Instructions" Value=""/>
			</KnowledgeFields>
		</KnowledgeObject>
	</KnowledgeObjects>
</AutoStore>
