<?xml version="1.0" encoding="utf-8"?>
<AutoStore NSI_SIG2="19F9E2FC31CD709B1A4947746C9F39DFABE3A7F269E4CF8A51C54831270B1E9BF171580B0F71B362BA78528FF890D869">
	<Header Version="2" DateCreated="2018-08-01" TimeCreated="19:02:03" AUTHOR="" COMMENTS=""/>
	<KnowledgeObjects ObjID="2073715755-60280-17979-189-160">
		<KnowledgeObject ObjID="425304545-50366-18279-167-137">
			<KnowledgeDocuments>
				<KnowledgeDocument Type="jpg" Name="1533150108687.jpg" ObjID="2215031274-16884-17525-146-118" DocRef="3203727108-37693-16402-169-190.dat"/>
			</KnowledgeDocuments>
			<KnowledgeFields>
				<Field Name="VisitParking" Value="Yes"/>
				<Field Name="VisitCarReg" Value="Al373sh"/>
				<Field Name="VisitorCompany" Value="Nuance"/>
				<Field Name="SelectedVisitor" Value=""/>
				<Field Name="VisitorSurname" Value="Jimenez"/>
				<Field Name="VisitorFirstname" Value="Dilberth"/>
				<Field Name="VisitorHost" Value="dilberthj"/>
				<Field Name="VisitDate" Value="8/2/18"/>
				<Field Name="UserName" Value="dilberthj"/>
				<Field Name="UserEmail" Value="dilberth.jimenez@nuance.com"/>
				<Field Name="UserHomeFolder" Value="\\NUAN-MOBAD01\HOME\Dilberthj"/>
				<Field Name="FormName" Value="Visitor Badge"/>
				<Field Name="JodID" Value="425304545-50366-18279-167-137"/>
			</KnowledgeFields>
		</KnowledgeObject>
	</KnowledgeObjects>
</AutoStore>
