<?xml version="1.0" encoding="utf-8"?>
<AutoStore NSI_SIG2="7AE1C37697F828D2EB6BA2427079420CB8AB3794618A465840BF8C41B8BAC33327B80AC061222787D9ED2D2EA6B7FA27">
	<Header Version="2" DateCreated="2018-05-21" TimeCreated="13:05:20" AUTHOR="" COMMENTS=""/>
	<KnowledgeObjects ObjID="1767193219-37676-18446-163-72">
		<KnowledgeObject ObjID="2541556852-52654-20084-157-248">
			<KnowledgeDocuments>
				<KnowledgeDocument Type="pdf" Name="POD-Address Labels.pdf" ObjID="2462432770-31090-20406-149-29" DocRef="3734675900-23065-16865-172-41.dat"/>
				<KnowledgeDocument Type="png" Name="Signature_201805211305149602.png" ObjID="247898328-64283-19461-176-198" DocRef="3842314224-31042-18791-190-1.dat"/>
			</KnowledgeDocuments>
			<KnowledgeFields>
				<Field Name="DeliveryTime" Value="13:05"/>
				<Field Name="DeliveryDate" Value="21/05/2018"/>
				<Field Name="Driver" Value="gerard.mcgarrigle"/>
				<Field Name="SignatureName" Value="Test"/>
				<Field Name="DeliveryID" Value="1234"/>
				<Field Name="Surname" Value=""/>
				<Field Name="Firstname" Value=""/>
				<Field Name="Address" Value=""/>
				<Field Name="Postcode" Value=""/>
				<Field Name="Signature" Value="C:\Nuance\MobileDemo\Home\WebCapture\WORK\e542bb07-decb-4e91-947f-ba9f89923728\Signature_201805211305149602.png"/>
				<Field Name="GPS" Value="53.4491553, -6.2193179"/>
				<Field Name="UserName" Value="gerard.mcgarrigle"/>
				<Field Name="UserEmail" Value="Gerard.mcgarrigle@ricoh.ie"/>
				<Field Name="UserHomeFolder" Value="\\NUAN-MOBAD01\HOME\Gerard.mcgarrigle"/>
				<Field Name="FormName" Value="Delivery Acceptance"/>
				<Field Name="JobID" Value="2541556852-52654-20084-157-248"/>
			</KnowledgeFields>
		</KnowledgeObject>
	</KnowledgeObjects>
</AutoStore>
