<?xml version="1.0" encoding="utf-8"?>
<AutoStore NSI_SIG2="AC919E07F725DBE757005892CEC697FD9A44181AC23FA389B97FC22A67F85F0745D110FAACAE1BD438B4BC3F4B0C8838">
	<Header Version="2" DateCreated="2020-03-05" TimeCreated="12:34:13" AUTHOR="" COMMENTS=""/>
	<KnowledgeObjects ObjID="4167695953-28618-18947-153-246">
		<KnowledgeObject ObjID="1231398025-15818-19678-133-217">
			<KnowledgeDocuments>
				<KnowledgeDocument Type="pdf" Name="POD_1234567890_1.pdf" ObjID="2838134295-64495-17879-161-17" DocRef="1810535533-63029-20360-169-249.dat"/>
				<KnowledgeDocument Type="png" Name="Signature_202003051234107025.png" ObjID="3184825815-61605-19174-162-157" DocRef="3217612948-46005-19577-164-249.dat"/>
			</KnowledgeDocuments>
			<KnowledgeFields>
				<Field Name="DeliveryTime" Value="12:34"/>
				<Field Name="DeliveryDate" Value="05/03/2020"/>
				<Field Name="Driver" Value="ChrisStyles"/>
				<Field Name="SignatureName" Value="Chris"/>
				<Field Name="DeliveryID" Value="1234567890"/>
				<Field Name="Surname" Value="Campbell-Higgens"/>
				<Field Name="Firstname" Value="John"/>
				<Field Name="Address" Value="Ainsworth Road, Bolton"/>
				<Field Name="Postcode" Value="BL3 1RB"/>
				<Field Name="Signature" Value="C:\Kofax\MobileDemo\Home\WebCapture\WORK\ee69edb9-54ea-439e-9f76-b33717f43ede\Signature_202003051234107025.png"/>
				<Field Name="GPS" Value="35.02118704540657, -82.38554208905332"/>
				<Field Name="UserName" Value="ChrisStyles"/>
				<Field Name="UserEmail" Value="chris.styles@kofax.com"/>
				<Field Name="UserHomeFolder" Value="\\US01VMBCMD01\HOME\ChrisStyles"/>
				<Field Name="FormName" Value="Delivery Acceptance"/>
				<Field Name="JobID" Value="1231398025-15818-19678-133-217"/>
			</KnowledgeFields>
		</KnowledgeObject>
	</KnowledgeObjects>
</AutoStore>
