<?xml version="1.0" encoding="utf-8"?>
<AutoStore NSI_SIG2="98265BDFDC0DE9A6EC49E3581EB6D845F03EB08785789D47B6F093674A2121890E8B7E52E03584648A66AA53961A793B">
	<Header Version="2" DateCreated="2018-02-23" TimeCreated="15:29:40" AUTHOR="" COMMENTS=""/>
	<KnowledgeObjects ObjID="2059044565-30555-16904-169-158">
		<KnowledgeObject ObjID="69097233-26576-18036-144-164">
			<KnowledgeDocuments>
				<KnowledgeDocument Type="png" Name="Signed_201802231529369467.png" ObjID="4246537963-55576-17869-182-192" DocRef="4045270427-2522-18408-175-114.dat"/>
				<KnowledgeDocument Type="TXT" Name="TimeSheet.TXT" ObjID="848066351-3142-18754-136-166" DocRef="2458851319-11487-16771-130-19.dat"/>
			</KnowledgeDocuments>
			<KnowledgeFields>
				<Field Name="ContractorName" Value="jerrymarley jerrymarley"/>
				<Field Name="Signature" Value="C:\Nuance\MobileDemo\Home\WebCapture\WORK\ce99c4bc-bdb3-4534-a522-ef87263e106c\Signed_201802231529369467.png"/>
				<Field Name="ContractorID" Value="jerrymarley"/>
				<Field Name="FriHours" Value="09:00"/>
				<Field Name="FriEnd" Value="17:00"/>
				<Field Name="FriStart" Value="8:00"/>
				<Field Name="ThuHours" Value="09:00"/>
				<Field Name="ThuEnd" Value="17:00"/>
				<Field Name="ThuStart" Value="8:00"/>
				<Field Name="WedHours" Value="09:00"/>
				<Field Name="WedEnd" Value="17:00"/>
				<Field Name="WedStart" Value="8:00"/>
				<Field Name="TueHours" Value="09:00"/>
				<Field Name="TueEnd" Value="17:00"/>
				<Field Name="TueStart" Value="8:00"/>
				<Field Name="MonHours" Value="08:00"/>
				<Field Name="MonEnd" Value="17:00"/>
				<Field Name="MonStart" Value="9:00"/>
				<Field Name="WeekEnding" Value="23-02-2018"/>
				<Field Name="TimeSheetID" Value="0000085"/>
				<Field Name="TotalHours" Value="44:00"/>
				<Field Name="Submitted" Value="23-02-2018"/>
				<Field Name="UserName" Value="jerrymarley"/>
				<Field Name="UserEmail" Value="jerry@nuance.com"/>
				<Field Name="UserHomeFolder" Value="\\NUAN-MOBAD01\HOME\jerrymarley"/>
				<Field Name="FormName" Value="Submit TimeSheet"/>
				<Field Name="JobID" Value="69097233-26576-18036-144-164"/>
			</KnowledgeFields>
		</KnowledgeObject>
	</KnowledgeObjects>
</AutoStore>
