<?xml version="1.0" encoding="utf-8"?>
<AutoStore NSI_SIG2="52DEED98F9D0E893753FFDDC38F21DB2872B0576E89879B0F48AC29671186EDEB8C612C9C875FFDB454A41CD284D1F8D">
	<Header Version="2" DateCreated="2018-12-04" TimeCreated="06:11:47" AUTHOR="" COMMENTS=""/>
	<KnowledgeObjects ObjID="1240826153-14260-16571-185-169">
		<KnowledgeObject ObjID="2906972804-58612-19921-171-94">
			<KnowledgeDocuments>
				<KnowledgeDocument Type="html" Name="ford_429_1@msn.com_(XODICE_(this_PC))_-_Dropbox-14.html" ObjID="1124787298-60699-19785-175-99" DocRef="576828603-28221-17217-128-101.dat"/>
				<KnowledgeDocument Type="png" Name="Signature_201812040611428563.png" ObjID="4065138957-42838-16452-185-71" DocRef="2505521495-41164-16685-165-204.dat"/>
			</KnowledgeDocuments>
			<KnowledgeFields>
				<Field Name="DeliveryTime" Value="06:11"/>
				<Field Name="DeliveryDate" Value="04/12/2018"/>
				<Field Name="Driver" Value="xodice"/>
				<Field Name="SignatureName" Value="Irving brisling"/>
				<Field Name="DeliveryID" Value="0086600707860"/>
				<Field Name="Surname" Value=""/>
				<Field Name="Firstname" Value=""/>
				<Field Name="Address" Value=""/>
				<Field Name="Postcode" Value=""/>
				<Field Name="Signature" Value="C:\Nuance\MobileDemo\Home\WebCapture\WORK\86fa2605-b892-4ad3-95f2-076adc0de718\Signature_201812040611428563.png"/>
				<Field Name="GPS" Value="43.29963339788897, -72.47370513410513"/>
				<Field Name="UserName" Value="xodice"/>
				<Field Name="UserEmail" Value="Nparillo@ssdvermont.com"/>
				<Field Name="UserHomeFolder" Value="\\NUAN-MOBAD01\HOME\Xodice"/>
				<Field Name="FormName" Value="Delivery Acceptance"/>
				<Field Name="JobID" Value="2906972804-58612-19921-171-94"/>
			</KnowledgeFields>
		</KnowledgeObject>
	</KnowledgeObjects>
</AutoStore>
