<?xml version="1.0" encoding="utf-8"?>
<AutoStore NSI_SIG2="1A8ED95062A89264128A68EE5D07FD37743902DA452889102D9A5F8579CBD9749696BECD63CC87259880B310B4000813">
	<Header Version="2" DateCreated="2018-10-17" TimeCreated="17:51:14" AUTHOR="" COMMENTS=""/>
	<KnowledgeObjects ObjID="1369612391-23572-17787-154-110">
		<KnowledgeObject ObjID="2113386386-57253-19156-130-168">
			<KnowledgeDocuments>
				<KnowledgeDocument Type="htm" Name="Captured File - 00001.htm" ObjID="949269725-61728-16942-156-79" DocRef="2957776644-17809-18436-175-151.dat"/>
				<KnowledgeDocument Type="png" Name="Signature_201810171751105817.png" ObjID="4128500329-38848-17278-185-123" DocRef="1958266285-15600-16480-175-168.dat"/>
			</KnowledgeDocuments>
			<KnowledgeFields>
				<Field Name="DeliveryTime" Value="17:51"/>
				<Field Name="DeliveryDate" Value="17/10/2018"/>
				<Field Name="Driver" Value="xodice"/>
				<Field Name="SignatureName" Value="Thomas P. Harrington ascutney,vermont"/>
				<Field Name="DeliveryID" Value="%WH91510146090075279311^PARILLO/NICHOLAS/G^BN610097^PC9999^RGPDPIND^DI10/06/2018?"/>
				<Field Name="Surname" Value=""/>
				<Field Name="Firstname" Value=""/>
				<Field Name="Address" Value=""/>
				<Field Name="Postcode" Value=""/>
				<Field Name="Signature" Value="C:\Nuance\MobileDemo\Home\WebCapture\WORK\45503051-2275-42f2-8367-7c4de7b93896\Signature_201810171751105817.png"/>
				<Field Name="GPS" Value="43.29972209856399, -72.47394170379488"/>
				<Field Name="UserName" Value="xodice"/>
				<Field Name="UserEmail" Value="Nparillo@ssdvermont.com"/>
				<Field Name="UserHomeFolder" Value="\\NUAN-MOBAD01\HOME\Xodice"/>
				<Field Name="FormName" Value="Delivery Acceptance"/>
				<Field Name="JobID" Value="2113386386-57253-19156-130-168"/>
			</KnowledgeFields>
		</KnowledgeObject>
	</KnowledgeObjects>
</AutoStore>
