<?xml version="1.0" encoding="utf-8"?>
<AutoStore NSI_SIG2="0620DE8FD5EA9F288CB90D25F1983D2ADED6F6A1F746F9CBB5D6ECD0D9484A38BCCC54B2637E0E5D4D5BF70D9D2866C1">
	<Header Version="2" DateCreated="2018-10-18" TimeCreated="19:23:29" AUTHOR="" COMMENTS=""/>
	<KnowledgeObjects ObjID="1448648374-58058-19259-183-120">
		<KnowledgeObject ObjID="429504968-41496-19053-166-165">
			<KnowledgeDocuments>
				<KnowledgeDocument Type="jpg" Name="cdv_photo_001.jpg" ObjID="1245251410-29527-18951-176-60" DocRef="305325761-43831-17885-134-47.dat"/>
			</KnowledgeDocuments>
			<KnowledgeFields>
				<Field Name="VisitParking" Value="No"/>
				<Field Name="VisitCarReg" Value=""/>
				<Field Name="VisitorCompany" Value=""/>
				<Field Name="SelectedVisitor" Value=""/>
				<Field Name="VisitorSurname" Value=""/>
				<Field Name="VisitorFirstname" Value=""/>
				<Field Name="VisitorHost" Value="guy.berton@d-p-s.be"/>
				<Field Name="VisitDate" Value=""/>
				<Field Name="UserName" Value="guy.berton@d-p-s.be"/>
				<Field Name="UserEmail" Value="guy.berton@d-p-s.be"/>
				<Field Name="UserHomeFolder" Value="\\NUAN-MOBAD01\HOME\guy.berton@d-p-s.be"/>
				<Field Name="FormName" Value="Visitor Badge"/>
				<Field Name="JodID" Value="429504968-41496-19053-166-165"/>
			</KnowledgeFields>
		</KnowledgeObject>
	</KnowledgeObjects>
</AutoStore>
