<?xml version="1.0" encoding="utf-8"?>
<AutoStore NSI_SIG2="97BB69137106CF73DEF0C69298F33A29A79C12B2C1FAE63094EFBED58567AC9F816F77D3A502C32BB19C1A106876B078">
	<Header Version="2" DateCreated="2018-06-20" TimeCreated="19:57:46" AUTHOR="" COMMENTS=""/>
	<KnowledgeObjects ObjID="287839141-62116-17663-138-86">
		<KnowledgeObject ObjID="1034437911-7623-17884-190-210">
			<KnowledgeDocuments>
				<KnowledgeDocument Type="jpg" Name="1529524651169.jpg" ObjID="2411398409-55849-19283-171-91" DocRef="504074792-38283-16988-160-239.dat"/>
				<KnowledgeDocument Type="png" Name="Sketch_201806201957457992.png" ObjID="3896394340-40765-18547-145-129" DocRef="1268771394-714-20444-154-139.dat"/>
			</KnowledgeDocuments>
			<KnowledgeFields>
				<Field Name="WitnessMobile2" Value=""/>
				<Field Name="WitnessPhone2" Value=""/>
				<Field Name="WitnessAddress2" Value=""/>
				<Field Name="WitnessName2" Value=""/>
				<Field Name="WitnessMobile1" Value=""/>
				<Field Name="WitnessPhone1" Value=""/>
				<Field Name="WitnessAddress1" Value=""/>
				<Field Name="WitnessName1" Value=""/>
				<Field Name="OtherInfor" Value=""/>
				<Field Name="BadgeNumber" Value=""/>
				<Field Name="Phone" Value=""/>
				<Field Name="Department" Value=""/>
				<Field Name="OfficerName" Value=""/>
				<Field Name="OtherInjuries" Value=""/>
				<Field Name="OtherPassenger" Value=""/>
				<Field Name="YourInjuries" Value=""/>
				<Field Name="YourPassengers" Value=""/>
				<Field Name="OtherDriverPhone" Value=""/>
				<Field Name="OtherDriverAddress" Value=""/>
				<Field Name="OtherDriverName" Value=""/>
				<Field Name="InsuranceCompany" Value=""/>
				<Field Name="Registration" Value=""/>
				<Field Name="VehicleColour" Value=""/>
				<Field Name="VehicleModel" Value=""/>
				<Field Name="VehicleMake" Value=""/>
				<Field Name="OwnerPhone" Value=""/>
				<Field Name="OwnerAddress" Value="Colombia"/>
				<Field Name="OwnerName" Value="Sergio"/>
				<Field Name="OtherRecovery" Value="Xx"/>
				<Field Name="OtherVehicleDamage" Value="Xx"/>
				<Field Name="YourRecovery" Value="Ok"/>
				<Field Name="YourVehicleDamage" Value="Ok"/>
				<Field Name="AccidentDetails" Value="Nothing"/>
				<Field Name="Location" Value="13450 W Sunrise Blvd, Sunrise, FL 33323, EE. UU."/>
				<Field Name="Conditions" Value="Well"/>
				<Field Name="AccidentTime" Value="1300"/>
				<Field Name="AccidentDate" Value="6/20/2018"/>
				<Field Name="FileCount" Value="2"/>
				<Field Name="RenameSchema" Value="Accident Form - 6/20/2018 1300"/>
				<Field Name="Section" Value="Insurance and Financial Services"/>
				<Field Name="UserHomeFolder" Value="\\NUAN-MOBAD01\HOME\sjsotelog"/>
				<Field Name="UserEmail" Value="sergio.jos.sotelo@hp.com"/>
				<Field Name="UserName" Value="sjsotelog"/>
				<Field Name="FormName" Value="Accident Damage Report"/>
				<Field Name="JobID" Value="1034437911-7623-17884-190-210"/>
			</KnowledgeFields>
		</KnowledgeObject>
	</KnowledgeObjects>
</AutoStore>
