<?xml version="1.0" encoding="utf-8"?>
<AutoStore NSI_SIG2="C4BE90673F85F5D8A3E9ECCE82E5A9961C61C3E084E4879A95DF2A2715C76E8E808F6A241193E7D2BE7BDA39A5D2A50A">
	<Header Version="2" DateCreated="2018-02-23" TimeCreated="17:10:24" AUTHOR="" COMMENTS=""/>
	<KnowledgeObjects ObjID="678937817-22514-16869-163-46">
		<KnowledgeObject ObjID="74583440-33572-19243-149-47">
			<KnowledgeDocuments>
				<KnowledgeDocument Type="png" Name="Signed_201802231710216617.png" ObjID="1152011360-29183-16442-148-162" DocRef="4199724337-12857-17888-140-104.dat"/>
				<KnowledgeDocument Type="TXT" Name="TimeSheet.TXT" ObjID="2076362052-29481-19906-168-229" DocRef="1659108397-43787-16702-169-51.dat"/>
			</KnowledgeDocuments>
			<KnowledgeFields>
				<Field Name="ContractorName" Value="jerrymarley jerrymarley"/>
				<Field Name="Signature" Value="C:\Nuance\MobileDemo\Home\WebCapture\WORK\cd29e36c-366d-449b-b381-578c30a73fb4\Signed_201802231710216617.png"/>
				<Field Name="ContractorID" Value="jerrymarley"/>
				<Field Name="FriHours" Value="09:00"/>
				<Field Name="FriEnd" Value="17:00"/>
				<Field Name="FriStart" Value="8:00"/>
				<Field Name="ThuHours" Value="09:00"/>
				<Field Name="ThuEnd" Value="17:00"/>
				<Field Name="ThuStart" Value="8:00"/>
				<Field Name="WedHours" Value="09:00"/>
				<Field Name="WedEnd" Value="17:00"/>
				<Field Name="WedStart" Value="8:00"/>
				<Field Name="TueHours" Value="09:00"/>
				<Field Name="TueEnd" Value="17:00"/>
				<Field Name="TueStart" Value="8:00"/>
				<Field Name="MonHours" Value="09:00"/>
				<Field Name="MonEnd" Value="17:00"/>
				<Field Name="MonStart" Value="8:00"/>
				<Field Name="WeekEnding" Value="23-02-2018"/>
				<Field Name="TimeSheetID" Value="0000086"/>
				<Field Name="TotalHours" Value="45:00"/>
				<Field Name="Submitted" Value="23-02-2018"/>
				<Field Name="UserName" Value="jerrymarley"/>
				<Field Name="UserEmail" Value="jerry@nuance.com"/>
				<Field Name="UserHomeFolder" Value="\\NUAN-MOBAD01\HOME\jerrymarley"/>
				<Field Name="FormName" Value="Submit TimeSheet"/>
				<Field Name="JobID" Value="74583440-33572-19243-149-47"/>
			</KnowledgeFields>
		</KnowledgeObject>
	</KnowledgeObjects>
</AutoStore>
