<?xml version="1.0" encoding="utf-8"?>
<AutoStore NSI_SIG2="7DBB29DF5104313AF377B291A897F921360E3BF076BC9183D64CA349BC1333DD1D76FBFED646DB7310DFE25D93DF542F">
	<Header Version="2" DateCreated="2018-02-19" TimeCreated="14:28:48" AUTHOR="" COMMENTS=""/>
	<KnowledgeObjects ObjID="2947595370-20724-18051-135-248">
		<KnowledgeObject ObjID="771297459-52109-17674-189-122">
			<KnowledgeDocuments>
				<KnowledgeDocument Type="jpg" Name="cdv_photo_001.jpg" ObjID="3421200697-38346-19256-148-249" DocRef="3371354130-16344-16401-154-141.dat"/>
			</KnowledgeDocuments>
			<KnowledgeFields>
				<Field Name="VisitParking" Value="Yes"/>
				<Field Name="VisitCarReg" Value="ZE1970"/>
				<Field Name="VisitorCompany" Value="Nuance"/>
				<Field Name="SelectedVisitor" Value=""/>
				<Field Name="VisitorSurname" Value="Walbridge"/>
				<Field Name="VisitorFirstname" Value="Bryan"/>
				<Field Name="VisitorHost" Value="bwalbridge2"/>
				<Field Name="VisitDate" Value="2/19/2018"/>
				<Field Name="UserName" Value="bwalbridge2"/>
				<Field Name="UserEmail" Value="bryanwalbridge@gmail.com"/>
				<Field Name="UserHomeFolder" Value="\\NUAN-MOBAD01\HOME\bwalbridge2"/>
				<Field Name="FormName" Value="Visitor Badge"/>
				<Field Name="JodID" Value="771297459-52109-17674-189-122"/>
			</KnowledgeFields>
		</KnowledgeObject>
	</KnowledgeObjects>
</AutoStore>
