<?xml version="1.0" encoding="utf-8"?>
<AutoStore NSI_SIG2="64A0F146579FB080BC82F8176328189E2613E8CB8AB9E908E141582F9C59ABB6749F5E1D5EE9A43A223EFFBD5118714B">
	<Header Version="2" DateCreated="2017-11-21" TimeCreated="20:49:25" AUTHOR="" COMMENTS=""/>
	<KnowledgeObjects ObjID="1974658978-17101-17431-159-10">
		<KnowledgeObject ObjID="4133366543-31713-19461-188-190">
			<KnowledgeDocuments>
				<KnowledgeDocument Type="png" Name="AssessorSignature_201711212049252422.png" ObjID="883838314-59894-18667-129-219" DocRef="3877298892-22134-17903-135-34.dat"/>
			</KnowledgeDocuments>
			<KnowledgeFields>
				<Field Name="AssessorSignature" Value="C:\Nuance\MobileDemo\Home\WebCapture\WORK\caddd5e0-cce0-4b0f-a15f-48b053311f95\AssessorSignature_201711212049252422.png"/>
				<Field Name="AssessorName" Value="John Campbell-Higgens"/>
				<Field Name="Chargeable" Value="No"/>
				<Field Name="Type" Value="Leaking"/>
				<Field Name="Category" Value="Mains Power"/>
				<Field Name="Urgency" Value="Critical"/>
				<Field Name="VisitDate" Value="21/11/2017"/>
				<Field Name="PostCode" Value="Bl3"/>
				<Field Name="HouseNumber" Value="1234"/>
				<Field Name="RenameSchema" Value="Bl3-1234-Critical-Mains Power"/>
				<Field Name="Section" Value="Housing and Tenancies\Housing Associations"/>
				<Field Name="FormName" Value="Issue Assessment Form"/>
				<Field Name="JobID" Value="4133366543-31713-19461-188-190"/>
				<Field Name="UserHomeFolder" Value="\\as-of360\users\Matt"/>
				<Field Name="UserEmail" Value=""/>
				<Field Name="UserName" Value="matt"/>
				<Field Name="FileCount" Value="1"/>
			</KnowledgeFields>
		</KnowledgeObject>
	</KnowledgeObjects>
</AutoStore>
