<?xml version="1.0" encoding="utf-8"?>
<AutoStore NSI_SIG2="69A57BEF07D0A5DEC132D866FD0077BC42C61ACD1619705846176712428C1B9F697695C9691EF8C6AADB255CAC6E203F">
	<Header Version="2" DateCreated="2018-09-22" TimeCreated="00:29:54" AUTHOR="" COMMENTS=""/>
	<KnowledgeObjects ObjID="662341708-419-16990-174-88">
		<KnowledgeObject ObjID="1330049808-8456-16816-149-115">
			<KnowledgeDocuments>
				<KnowledgeDocument Type="pdf" Name="Machine ID Labels.pdf" ObjID="196227045-6026-18119-166-221" DocRef="1769294189-44903-16900-176-9.dat"/>
				<KnowledgeDocument Type="png" Name="Signature_201809220029475168.png" ObjID="3855894377-51585-20458-148-26" DocRef="475223694-7886-19054-174-41.dat"/>
			</KnowledgeDocuments>
			<KnowledgeFields>
				<Field Name="DeliveryTime" Value="00:29"/>
				<Field Name="DeliveryDate" Value="22/09/2018"/>
				<Field Name="Driver" Value="perry scarcelli"/>
				<Field Name="SignatureName" Value="Jones"/>
				<Field Name="DeliveryID" Value="3456789012"/>
				<Field Name="Surname" Value="Smith"/>
				<Field Name="Firstname" Value="Sam"/>
				<Field Name="Address" Value="3 The Cottages, Worsley, Manchester"/>
				<Field Name="Postcode" Value="M32 5TQ"/>
				<Field Name="Signature" Value="C:\Nuance\MobileDemo\Home\WebCapture\WORK\4e7180a7-42d0-43ef-b825-40b00599a19d\Signature_201809220029475168.png"/>
				<Field Name="GPS" Value="52.128314172915125, -106.66686252315245"/>
				<Field Name="UserName" Value="perry scarcelli"/>
				<Field Name="UserEmail" Value="Perryscarcelli@yahoo.com"/>
				<Field Name="UserHomeFolder" Value="\\NUAN-MOBAD01\HOME\Perry scarcelli"/>
				<Field Name="FormName" Value="Delivery Acceptance"/>
				<Field Name="JobID" Value="1330049808-8456-16816-149-115"/>
			</KnowledgeFields>
		</KnowledgeObject>
	</KnowledgeObjects>
</AutoStore>
