<?xml version="1.0" encoding="utf-8"?>
<AutoStore NSI_SIG2="16160A502C02F9CE0198111A1278060EC0536353688C643C2C6A039A8E3568CFD8D21A3F048ECCDB7476B88557A847CC">
	<Header Version="2" DateCreated="2018-03-22" TimeCreated="23:48:33" AUTHOR="" COMMENTS=""/>
	<KnowledgeObjects ObjID="1131943124-8254-20341-191-158">
		<KnowledgeObject ObjID="860450709-30288-17698-159-136">
			<KnowledgeDocuments>
				<KnowledgeDocument Type="pdf" Name="nc_0406990001.pdf" ObjID="1992065517-26210-17954-146-49" DocRef="2859902831-60704-19969-146-216.dat"/>
			</KnowledgeDocuments>
			<KnowledgeFields>
				<Field Name="RenameSchema" Value="Protected File"/>
				<Field Name="Section" Value="Security and GDPR"/>
				<Field Name="UserHomeFolder" Value="\\NUAN-MOBAD01\HOME\buxaozip007"/>
				<Field Name="UserEmail" Value="escritorio.tf2017@gmail.com"/>
				<Field Name="UserName" Value="buxaozip007"/>
				<Field Name="FormName" Value="Protected PDF"/>
				<Field Name="JobID" Value="860450709-30288-17698-159-136"/>
				<Field Name="OwnerPassword" Value="8451"/>
				<Field Name="UserPassword" Value="8451"/>
			</KnowledgeFields>
		</KnowledgeObject>
	</KnowledgeObjects>
</AutoStore>
