<?xml version="1.0" encoding="utf-8"?>
<AutoStore NSI_SIG2="E845FC40B2107760ED663A11ABC1CDA40A2EBF7BD16250842C010288FFB23F1810F8FFE5223A3F9D99325AEE4ABBD33D">
	<Header Version="2" DateCreated="2018-05-21" TimeCreated="13:08:02" AUTHOR="" COMMENTS=""/>
	<KnowledgeObjects ObjID="2632465359-42555-18482-162-104">
		<KnowledgeObject ObjID="3148687360-38722-19740-184-26">
			<KnowledgeDocuments>
				<KnowledgeDocument Type="pdf" Name="POD-Address Labels.pdf" ObjID="308553559-35995-20439-153-239" DocRef="999761485-11215-18630-158-40.dat"/>
				<KnowledgeDocument Type="png" Name="Signature_201805211307580120.png" ObjID="3371074760-31399-17606-132-66" DocRef="4038389467-8265-19620-149-128.dat"/>
			</KnowledgeDocuments>
			<KnowledgeFields>
				<Field Name="DeliveryTime" Value="13:07"/>
				<Field Name="DeliveryDate" Value="21/05/2018"/>
				<Field Name="Driver" Value="gerard.mcgarrigle"/>
				<Field Name="SignatureName" Value="Test"/>
				<Field Name="DeliveryID" Value="Test"/>
				<Field Name="Surname" Value=""/>
				<Field Name="Firstname" Value=""/>
				<Field Name="Address" Value=""/>
				<Field Name="Postcode" Value=""/>
				<Field Name="Signature" Value="C:\Nuance\MobileDemo\Home\WebCapture\WORK\3a875e55-1c7b-4001-ae85-7eaa02dd0cf9\Signature_201805211307580120.png"/>
				<Field Name="GPS" Value="53.449155, -6.2193162"/>
				<Field Name="UserName" Value="gerard.mcgarrigle"/>
				<Field Name="UserEmail" Value="Gerard.mcgarrigle@ricoh.ie"/>
				<Field Name="UserHomeFolder" Value="\\NUAN-MOBAD01\HOME\Gerard.mcgarrigle"/>
				<Field Name="FormName" Value="Delivery Acceptance"/>
				<Field Name="JobID" Value="3148687360-38722-19740-184-26"/>
			</KnowledgeFields>
		</KnowledgeObject>
	</KnowledgeObjects>
</AutoStore>
