<?xml version="1.0" encoding="utf-8"?>
<AutoStore NSI_SIG2="CB5B72BCACF2A46E7A8EC09289CF992B3EC1843D6D990049063560BB72292FE8915E2C1D8B8537422362F054D97F746B">
	<Header Version="2" DateCreated="2018-04-26" TimeCreated="22:11:02" AUTHOR="" COMMENTS=""/>
	<KnowledgeObjects ObjID="3664177107-62440-18633-154-6">
		<KnowledgeObject ObjID="3364902742-45196-17537-149-64">
			<KnowledgeDocuments>
				<KnowledgeDocument Type="pdf" Name="POD-Address Labels.pdf" ObjID="1493944243-24070-17089-165-249" DocRef="2481737551-48761-18226-134-186.dat"/>
				<KnowledgeDocument Type="png" Name="Signature_201804262210577734.png" ObjID="2696733416-5073-20089-139-241" DocRef="2357800941-59194-19379-190-210.dat"/>
			</KnowledgeDocuments>
			<KnowledgeFields>
				<Field Name="DeliveryTime" Value="22:10"/>
				<Field Name="DeliveryDate" Value="26/04/2018"/>
				<Field Name="Driver" Value="jesaaved1"/>
				<Field Name="SignatureName" Value="Jim saavedra"/>
				<Field Name="DeliveryID" Value="1234567890"/>
				<Field Name="Surname" Value="Campbell-Higgens"/>
				<Field Name="Firstname" Value="John"/>
				<Field Name="Address" Value="Ainsworth Road, Bolton"/>
				<Field Name="Postcode" Value="BL3 1RB"/>
				<Field Name="Signature" Value="C:\Nuance\MobileDemo\Home\WebCapture\WORK\07eaf894-2517-42f9-90ba-063bf044d98a\Signature_201804262210577734.png"/>
				<Field Name="GPS" Value="33.7032682, -117.3191629"/>
				<Field Name="UserName" Value="jesaaved1"/>
				<Field Name="UserEmail" Value="james.saavedra@hotmail.com"/>
				<Field Name="UserHomeFolder" Value="\\NUAN-MOBAD01\HOME\jesaaved1"/>
				<Field Name="FormName" Value="Delivery Acceptance"/>
				<Field Name="JobID" Value="3364902742-45196-17537-149-64"/>
			</KnowledgeFields>
		</KnowledgeObject>
	</KnowledgeObjects>
</AutoStore>
