<?xml version="1.0" encoding="utf-8"?>
<AutoStore NSI_SIG2="B2D2D577071C8914DE2A1F233E566A58B5351D92E352AFDB9671068BDE5B417907DED4ABDBCBD90487216E0340E9FC73">
	<Header Version="2" DateCreated="2018-06-14" TimeCreated="19:48:14" AUTHOR="" COMMENTS=""/>
	<KnowledgeObjects ObjID="842085365-59547-17100-173-157">
		<KnowledgeObject ObjID="4081226745-32517-20318-164-223">
			<KnowledgeDocuments>
				<KnowledgeDocument Type="png" Name="Signature_201806141948138560.png" ObjID="3130665185-18133-18674-160-109" DocRef="3438878500-19720-17866-155-172.dat"/>
			</KnowledgeDocuments>
			<KnowledgeFields>
				<Field Name="RenameSchema" Value="Site HSE Report - Walmart - 6/14/2018"/>
				<Field Name="Section" Value="Field Service"/>
				<Field Name="UserHomeFolder" Value="\\NUAN-MOBAD01\HOME\Kyle.gillette"/>
				<Field Name="UserEmail" Value="Kyle.gillette@nuance.com"/>
				<Field Name="UserName" Value="kyle.gillette"/>
				<Field Name="FormName" Value="Site Health &amp; Safety Report"/>
				<Field Name="JobID" Value="4081226745-32517-20318-164-223"/>
				<Field Name="Job" Value="Walmart"/>
				<Field Name="GPS" Value="34.0356515, -117.0771274"/>
				<Field Name="ReportDate" Value="6/14/2018"/>
				<Field Name="Access" Value=""/>
				<Field Name="General" Value=""/>
				<Field Name="Tidiness" Value=""/>
				<Field Name="Lighting" Value=""/>
				<Field Name="Access1" Value=""/>
				<Field Name="Access2" Value=""/>
				<Field Name="FirstAid" Value=""/>
				<Field Name="Welfare" Value=""/>
				<Field Name="FIre" Value=""/>
				<Field Name="Compliance" Value=""/>
				<Field Name="Inductions" Value=""/>
				<Field Name="Incidents" Value=""/>
				<Field Name="Work" Value=""/>
				<Field Name="Plant" Value=""/>
				<Field Name="PPE" Value=""/>
				<Field Name="Comments" Value=""/>
				<Field Name="CompletedBy" Value=""/>
				<Field Name="Position" Value=""/>
				<Field Name="Signature" Value="C:\Nuance\MobileDemo\Home\WebCapture\WORK\c6b138ea-c733-4ae8-b4ce-33daccc8a905\Signature_201806141948138560.png"/>
			</KnowledgeFields>
		</KnowledgeObject>
	</KnowledgeObjects>
</AutoStore>
