<?xml version="1.0" encoding="utf-8"?>
<AutoStore NSI_SIG2="7538E34F3DE5DCB0E81B632DE687E0F9C3DDE481C9D3AC509F44ED4F8F7F262450636DDFE40C858F424BE1D4DEA5A0CC">
	<Header Version="2" DateCreated="2018-10-28" TimeCreated="16:59:17" AUTHOR="" COMMENTS=""/>
	<KnowledgeObjects ObjID="2016429511-49024-19683-164-151">
		<KnowledgeObject ObjID="319426929-37917-18548-160-227">
			<KnowledgeDocuments>
				<KnowledgeDocument Type="pdf" Name="Prob11H - Nicholas g Parillo - 00001.pdf" ObjID="1965583468-41349-19756-189-71" DocRef="2330997803-30918-18420-174-44.dat"/>
				<KnowledgeDocument Type="png" Name="Signature_201810281659131219.png" ObjID="608668636-53916-17053-146-230" DocRef="1088484607-44487-19876-179-29.dat"/>
			</KnowledgeDocuments>
			<KnowledgeFields>
				<Field Name="DeliveryTime" Value="16:59"/>
				<Field Name="DeliveryDate" Value="28/10/2018"/>
				<Field Name="Driver" Value="xodice"/>
				<Field Name="SignatureName" Value="Nicholas g Parillo"/>
				<Field Name="DeliveryID" Value="https://rightsignature.com/documents/EEYBEBJ9Z5KHYXJX6HGWVI"/>
				<Field Name="Surname" Value=""/>
				<Field Name="Firstname" Value=""/>
				<Field Name="Address" Value=""/>
				<Field Name="Postcode" Value=""/>
				<Field Name="Signature" Value="C:\Nuance\MobileDemo\Home\WebCapture\WORK\cf8ceb6c-1697-4587-826f-a90e144b330c\Signature_201810281659131219.png"/>
				<Field Name="GPS" Value="43.299760853157764, -72.47369630703554"/>
				<Field Name="UserName" Value="xodice"/>
				<Field Name="UserEmail" Value="Nparillo@ssdvermont.com"/>
				<Field Name="UserHomeFolder" Value="\\NUAN-MOBAD01\HOME\Xodice"/>
				<Field Name="FormName" Value="Delivery Acceptance"/>
				<Field Name="JobID" Value="319426929-37917-18548-160-227"/>
			</KnowledgeFields>
		</KnowledgeObject>
	</KnowledgeObjects>
</AutoStore>
