<?xml version="1.0" encoding="utf-8"?>
<AutoStore NSI_SIG2="1B9C636D82FD4CD1132FE25BB7FF7FBA9563CAA4B4D144A8DFBAA73C211AEE93DAC7ABBE8CE0995DEB5830C7222F8086">
	<Header Version="2" DateCreated="2018-05-19" TimeCreated="22:28:20" AUTHOR="" COMMENTS=""/>
	<KnowledgeObjects ObjID="2873828251-28930-18401-183-101">
		<KnowledgeObject ObjID="2923084481-54643-16745-155-204">
			<KnowledgeDocuments>
				<KnowledgeDocument Type="htm" Name="Twonky_Server.htm" ObjID="3723780328-16183-18702-161-11" DocRef="1269684456-17366-17027-172-172.dat"/>
				<KnowledgeDocument Type="png" Name="Signature_201805192228166363.png" ObjID="3145207290-23758-20451-171-81" DocRef="2326564347-27623-19602-185-227.dat"/>
			</KnowledgeDocuments>
			<KnowledgeFields>
				<Field Name="DeliveryTime" Value="22:28"/>
				<Field Name="DeliveryDate" Value="19/05/2018"/>
				<Field Name="Driver" Value="xodice"/>
				<Field Name="SignatureName" Value="Mistee"/>
				<Field Name="DeliveryID" Value="http://goo.gl/2gmgg"/>
				<Field Name="Surname" Value=""/>
				<Field Name="Firstname" Value=""/>
				<Field Name="Address" Value=""/>
				<Field Name="Postcode" Value=""/>
				<Field Name="Signature" Value="C:\Nuance\MobileDemo\Home\WebCapture\WORK\a25d44fb-55b0-41b9-b139-1c0a6bfd1874\Signature_201805192228166363.png"/>
				<Field Name="GPS" Value="43.29958768814411, -72.47387207567988"/>
				<Field Name="UserName" Value="xodice"/>
				<Field Name="UserEmail" Value="Nparillo@ssdvermont.com"/>
				<Field Name="UserHomeFolder" Value="\\NUAN-MOBAD01\HOME\Xodice"/>
				<Field Name="FormName" Value="Delivery Acceptance"/>
				<Field Name="JobID" Value="2923084481-54643-16745-155-204"/>
			</KnowledgeFields>
		</KnowledgeObject>
	</KnowledgeObjects>
</AutoStore>
