<?xml version="1.0" encoding="utf-8"?>
<AutoStore NSI_SIG2="E22E1A9CF177153871794D87F7B4C15F64FB2DEB42F81C0A4CD8E98FBD241AC708724BDF1B948FA99775894D2430FB2A">
	<Header Version="2" DateCreated="2019-02-21" TimeCreated="11:34:26" AUTHOR="" COMMENTS=""/>
	<KnowledgeObjects ObjID="273643862-36253-16539-168-47">
		<KnowledgeObject ObjID="1904502610-16098-18914-142-217">
			<KnowledgeDocuments>
				<KnowledgeDocument Type="jpg" Name="1550748858723.jpg" ObjID="400115320-59060-18434-164-52" DocRef="2295591584-52199-18318-168-186.dat"/>
				<KnowledgeDocument Type="png" Name="Signature_201902211134258942.png" ObjID="111412494-52692-19813-165-6" DocRef="320475525-44074-19234-167-48.dat"/>
			</KnowledgeDocuments>
			<KnowledgeFields>
				<Field Name="RenameSchema" Value="Site HSE Report - Yrst - 2/20/2019"/>
				<Field Name="Section" Value="Field Service"/>
				<Field Name="UserHomeFolder" Value="\\NUAN-MOBAD01\HOME\Ajanta"/>
				<Field Name="UserEmail" Value="christian.dubourg@kleegroup.com"/>
				<Field Name="UserName" Value="ajanta"/>
				<Field Name="FormName" Value="Site Health &amp; Safety Report"/>
				<Field Name="JobID" Value="1904502610-16098-18914-142-217"/>
				<Field Name="Job" Value="Yrst"/>
				<Field Name="GPS" Value="48.8718045, 2.2287434"/>
				<Field Name="ReportDate" Value="2/20/2019"/>
				<Field Name="Access" Value=""/>
				<Field Name="General" Value=""/>
				<Field Name="Tidiness" Value=""/>
				<Field Name="Lighting" Value=""/>
				<Field Name="Access1" Value=""/>
				<Field Name="Access2" Value=""/>
				<Field Name="FirstAid" Value=""/>
				<Field Name="Welfare" Value=""/>
				<Field Name="FIre" Value=""/>
				<Field Name="Compliance" Value=""/>
				<Field Name="Inductions" Value=""/>
				<Field Name="Incidents" Value=""/>
				<Field Name="Work" Value=""/>
				<Field Name="Plant" Value=""/>
				<Field Name="PPE" Value=""/>
				<Field Name="Comments" Value=""/>
				<Field Name="CompletedBy" Value=""/>
				<Field Name="Position" Value=""/>
				<Field Name="Signature" Value="C:\Nuance\MobileDemo\Home\WebCapture\WORK\0bea6a1d-804e-4d57-9fd5-2187364a2d14\Signature_201902211134258942.png"/>
			</KnowledgeFields>
		</KnowledgeObject>
	</KnowledgeObjects>
</AutoStore>
