<?xml version="1.0" encoding="utf-8"?>
<AutoStore NSI_SIG2="F7E8F6B72EE2C35AD96F838A2BB4061E865E491D69EDD2F32E42D13EEEB3400DA877E3EF4CAEB6ECBE7538B7B8CF56BA">
	<Header Version="2" DateCreated="2017-12-21" TimeCreated="12:43:37" AUTHOR="" COMMENTS=""/>
	<KnowledgeObjects ObjID="790042133-27229-18583-145-66">
		<KnowledgeObject ObjID="291878304-49433-19211-158-222">
			<KnowledgeDocuments>
				<KnowledgeDocument Type="png" Name="Signed_201712211243368856.png" ObjID="363989244-44711-17083-136-14" DocRef="3968528873-56261-17426-133-101.dat"/>
			</KnowledgeDocuments>
			<KnowledgeFields>
				<Field Name="JobID" Value="291878304-49433-19211-158-222"/>
				<Field Name="FormName" Value="Submit TimeSheet"/>
				<Field Name="UserHomeFolder" Value="\\NUAN-MOBAD01\HOME\izadyarf"/>
				<Field Name="UserEmail" Value="izadyar.fassa@nuance.com"/>
				<Field Name="UserName" Value="izadyarf"/>
				<Field Name="Submitted" Value="21-12-2017"/>
				<Field Name="TotalHours" Value=""/>
				<Field Name="TimeSheetID" Value="0000054"/>
				<Field Name="WeekEnding" Value="20-12-2017"/>
				<Field Name="MonStart" Value=""/>
				<Field Name="MonEnd" Value=""/>
				<Field Name="MonHours" Value=""/>
				<Field Name="TueStart" Value=""/>
				<Field Name="TueEnd" Value=""/>
				<Field Name="TueHours" Value=""/>
				<Field Name="WedStart" Value=""/>
				<Field Name="WedEnd" Value=""/>
				<Field Name="WedHours" Value=""/>
				<Field Name="ThuStart" Value=""/>
				<Field Name="ThuEnd" Value=""/>
				<Field Name="ThuHours" Value=""/>
				<Field Name="FriStart" Value=""/>
				<Field Name="FriEnd" Value=""/>
				<Field Name="FriHours" Value=""/>
				<Field Name="ContractorID" Value="izadyarf"/>
				<Field Name="Signature" Value="C:\Nuance\MobileDemo\Home\WebCapture\WORK\dd55c93f-e897-4986-8ea8-9b4e139a1287\Signed_201712211243368856.png"/>
				<Field Name="ContractorName" Value="izadyarf izadyarf"/>
			</KnowledgeFields>
		</KnowledgeObject>
	</KnowledgeObjects>
</AutoStore>
