<?xml version="1.0" encoding="utf-8"?>
<AutoStore NSI_SIG2="A4199B6BE986BE7D137D98447C7FC80174E122803BB72DBE7506A0F98094CB42198660F7424CED37AE866659EF14F377">
	<Header Version="2" DateCreated="2018-04-26" TimeCreated="11:43:58" AUTHOR="" COMMENTS=""/>
	<KnowledgeObjects ObjID="3757206937-30858-18733-169-194">
		<KnowledgeObject ObjID="1742680529-47905-17420-148-247">
			<KnowledgeDocuments>
				<KnowledgeDocument Type="htm" Name="Commercial-Terms.htm" ObjID="1429196970-5773-16395-149-155" DocRef="3932588681-4257-18566-188-3.dat"/>
			</KnowledgeDocuments>
			<KnowledgeFields>
				<Field Name="VisitParking" Value="Yes"/>
				<Field Name="VisitCarReg" Value="Gml591"/>
				<Field Name="VisitorCompany" Value="ActiproSoftwareLLC.562882FEEB491_24pqs290vpjk0"/>
				<Field Name="SelectedVisitor" Value="2018_04_25_Mister_Nicholas_xodice_1"/>
				<Field Name="VisitorSurname" Value="Mister"/>
				<Field Name="VisitorFirstname" Value="Nicholas"/>
				<Field Name="VisitorHost" Value="xodice"/>
				<Field Name="VisitDate" Value="2018/04/26"/>
				<Field Name="UserName" Value="xodice"/>
				<Field Name="UserEmail" Value="Nparillo@ssdvermont.com"/>
				<Field Name="UserHomeFolder" Value="\\NUAN-MOBAD01\HOME\Xodice"/>
				<Field Name="FormName" Value="Visitor Badge"/>
				<Field Name="JodID" Value="1742680529-47905-17420-148-247"/>
			</KnowledgeFields>
		</KnowledgeObject>
	</KnowledgeObjects>
</AutoStore>
