<?xml version="1.0" encoding="utf-8"?>
<AutoStore NSI_SIG2="A2D929A9533429A72E05EC44CD43D40EEA5853D0CF554DBBD341E4D6C5EEC7B9B6A9B47A984832B0BA643BA4C5AE2CC5">
	<Header Version="2" DateCreated="2018-03-07" TimeCreated="21:43:22" AUTHOR="" COMMENTS=""/>
	<KnowledgeObjects ObjID="1123631400-49549-18289-159-220">
		<KnowledgeObject ObjID="2245475376-1411-19857-156-208">
			<KnowledgeDocuments>
				<KnowledgeDocument Type="TXT" Name="Patient - _.TXT" ObjID="269580322-61758-18232-186-104" DocRef="2007349332-50284-18735-183-98.dat"/>
			</KnowledgeDocuments>
			<KnowledgeFields>
				<Field Name="Section" Value="Healthcare\Patient Registration"/>
				<Field Name="JobID" Value="2245475376-1411-19857-156-208"/>
				<Field Name="FormName" Value="New Patient Admittance"/>
				<Field Name="UserHomeFolder" Value="\\NUAN-MOBAD01\HOME\loganlyles"/>
				<Field Name="UserEmail" Value="llyles@fbponline.com"/>
				<Field Name="UserName" Value="loganlyles"/>
				<Field Name="RenameSchema" Value="Patient - _"/>
				<Field Name="Forename" Value=""/>
				<Field Name="Surname" Value=""/>
				<Field Name="SSN" Value=""/>
				<Field Name="Street" Value=""/>
				<Field Name="City" Value=""/>
				<Field Name="State" Value=""/>
				<Field Name="ZIP" Value=""/>
				<Field Name="Reason" Value=""/>
			</KnowledgeFields>
		</KnowledgeObject>
	</KnowledgeObjects>
</AutoStore>
