<?xml version="1.0" encoding="utf-8"?>
<AutoStore NSI_SIG2="965E8D1E30A6DC989882006905973DD06037FEFA74EDCF1A453FC9C80F1DC57B9DC25400A9D012F849F1DA28BEAE5496">
	<Header Version="2" DateCreated="2018-04-26" TimeCreated="14:31:56" AUTHOR="" COMMENTS=""/>
	<KnowledgeObjects ObjID="1670943661-7969-18657-169-21">
		<KnowledgeObject ObjID="3004038377-49606-18301-189-16">
			<KnowledgeDocuments>
				<KnowledgeDocument Type="pdf" Name="10001Hazardous Waste-Stevenage - 00001.pdf" ObjID="765251191-59681-18203-179-84" DocRef="3018292061-32688-18764-140-174.dat"/>
				<KnowledgeDocument Type="png" Name="Signature_201804261431530477.png" ObjID="3451669404-60081-17261-162-122" DocRef="2282664281-17470-17993-187-132.dat"/>
			</KnowledgeDocuments>
			<KnowledgeFields>
				<Field Name="DeliveryTime" Value="14:31"/>
				<Field Name="DeliveryDate" Value="26/04/2018"/>
				<Field Name="Driver" Value="daniel_larabie"/>
				<Field Name="SignatureName" Value="Joe bloe"/>
				<Field Name="DeliveryID" Value="3456789012"/>
				<Field Name="Surname" Value="Smith"/>
				<Field Name="Firstname" Value="Sam"/>
				<Field Name="Address" Value="3 The Cottages, Worsley, Manchester"/>
				<Field Name="Postcode" Value="M32 5TQ"/>
				<Field Name="Signature" Value="C:\Nuance\MobileDemo\Home\WebCapture\WORK\b62089b4-6b90-4589-b3dc-96784d4b929a\Signature_201804261431530477.png"/>
				<Field Name="GPS" Value="45.38337262292678, -73.59015908756616"/>
				<Field Name="UserName" Value="daniel_larabie"/>
				<Field Name="UserEmail" Value="daniel.larabie@nuance.com"/>
				<Field Name="UserHomeFolder" Value="\\NUAN-MOBAD01\HOME\DANIEL_LARABIE"/>
				<Field Name="FormName" Value="Delivery Acceptance"/>
				<Field Name="JobID" Value="3004038377-49606-18301-189-16"/>
			</KnowledgeFields>
		</KnowledgeObject>
	</KnowledgeObjects>
</AutoStore>
