<?xml version="1.0" encoding="utf-8"?>
<AutoStore NSI_SIG2="F0947CDED86A08FC0D10308C9F55943ECA5BC651AB9497F2CE1C7E5365BDB1F1131AE77E48742120DEC3F195C16D1087">
	<Header Version="2" DateCreated="2018-05-21" TimeCreated="14:53:28" AUTHOR="" COMMENTS=""/>
	<KnowledgeObjects ObjID="2449535105-14876-18324-155-5">
		<KnowledgeObject ObjID="3598073608-18482-18629-183-61">
			<KnowledgeDocuments>
				<KnowledgeDocument Type="png" Name="Signature_201805211453276499.png" ObjID="1661369324-49610-19293-131-165" DocRef="378710820-31644-20473-190-199.dat"/>
			</KnowledgeDocuments>
			<KnowledgeFields>
				<Field Name="RenameSchema" Value="Site HSE Report - Bolton - 5/21/2018"/>
				<Field Name="Section" Value="Field Service"/>
				<Field Name="UserHomeFolder" Value="\\NUAN-MOBAD01\HOME\JCHNuance"/>
				<Field Name="UserEmail" Value="jch@nuance.com"/>
				<Field Name="UserName" Value="jchnuance"/>
				<Field Name="FormName" Value="Site Health &amp; Safety Report"/>
				<Field Name="JobID" Value="3598073608-18482-18629-183-61"/>
				<Field Name="Job" Value="Bolton"/>
				<Field Name="GPS" Value="53.56531007463322, -2.369804081656476"/>
				<Field Name="ReportDate" Value="5/21/2018"/>
				<Field Name="Access" Value="Excellent"/>
				<Field Name="General" Value=""/>
				<Field Name="Tidiness" Value=""/>
				<Field Name="Lighting" Value=""/>
				<Field Name="Access1" Value=""/>
				<Field Name="Access2" Value=""/>
				<Field Name="FirstAid" Value=""/>
				<Field Name="Welfare" Value=""/>
				<Field Name="FIre" Value=""/>
				<Field Name="Compliance" Value=""/>
				<Field Name="Inductions" Value=""/>
				<Field Name="Incidents" Value=""/>
				<Field Name="Work" Value=""/>
				<Field Name="Plant" Value=""/>
				<Field Name="PPE" Value=""/>
				<Field Name="Comments" Value=""/>
				<Field Name="CompletedBy" Value="Johnathan"/>
				<Field Name="Position" Value="Supervisor"/>
				<Field Name="Signature" Value="C:\Nuance\MobileDemo\Home\WebCapture\WORK\576589c9-54c0-4840-bd4d-063d2a9fcd92\Signature_201805211453276499.png"/>
			</KnowledgeFields>
		</KnowledgeObject>
	</KnowledgeObjects>
</AutoStore>
