<?xml version="1.0" encoding="utf-8"?>
<AutoStore NSI_SIG2="FDC2F75D9E2BDEB1903ABC7EFF23336F73C821FC5BA579948B0B94CF8C2BB02E8718E5B53F46F84CBCA47A5CA1FCBC2B">
	<Header Version="2" DateCreated="2018-08-10" TimeCreated="15:05:09" AUTHOR="" COMMENTS=""/>
	<KnowledgeObjects ObjID="1516812968-17772-16956-191-234">
		<KnowledgeObject ObjID="1899030604-33881-19395-137-56">
			<KnowledgeDocuments>
				<KnowledgeDocument Type="pdf" Name="Blood Bag ID Labels.pdf" ObjID="183105057-23436-18055-151-158" DocRef="2174945243-15466-20212-128-250.dat"/>
				<KnowledgeDocument Type="png" Name="Signature_201808101505012738.png" ObjID="2622037119-21924-20407-135-188" DocRef="1106966603-64559-19620-140-253.dat"/>
			</KnowledgeDocuments>
			<KnowledgeFields>
				<Field Name="DeliveryTime" Value="15:05"/>
				<Field Name="DeliveryDate" Value="10/08/2018"/>
				<Field Name="Driver" Value="terry"/>
				<Field Name="SignatureName" Value="Amyitt"/>
				<Field Name="DeliveryID" Value="C077CC000613"/>
				<Field Name="Surname" Value=""/>
				<Field Name="Firstname" Value=""/>
				<Field Name="Address" Value=""/>
				<Field Name="Postcode" Value=""/>
				<Field Name="Signature" Value="C:\Nuance\MobileDemo\Home\WebCapture\WORK\564954a6-e99f-4271-b412-3420e4b8f161\Signature_201808101505012738.png"/>
				<Field Name="GPS" Value="49.2652064, -123.014941"/>
				<Field Name="UserName" Value="terry"/>
				<Field Name="UserEmail" Value="terry.amyott@ricoh.ca"/>
				<Field Name="UserHomeFolder" Value="\\NUAN-MOBAD01\HOME\Terry"/>
				<Field Name="FormName" Value="Delivery Acceptance"/>
				<Field Name="JobID" Value="1899030604-33881-19395-137-56"/>
			</KnowledgeFields>
		</KnowledgeObject>
	</KnowledgeObjects>
</AutoStore>
