<?xml version="1.0" encoding="utf-8"?>
<AutoStore NSI_SIG2="86F421321B43413BB957CF5569C0ABAF4B72A762782C13C9A97D84CCAB77AD17361D2CEA17CBF91FE889CFA418EB4A6A">
	<Header Version="2" DateCreated="2018-09-22" TimeCreated="00:34:03" AUTHOR="" COMMENTS=""/>
	<KnowledgeObjects ObjID="2427245489-24947-16743-156-34">
		<KnowledgeObject ObjID="3794324333-8887-17568-165-65">
			<KnowledgeDocuments>
				<KnowledgeDocument Type="pdf" Name="Machine ID Labels.pdf" ObjID="2069782325-24345-19344-161-177" DocRef="3881987078-50966-17222-173-35.dat"/>
				<KnowledgeDocument Type="png" Name="Signature_201809220033574757.png" ObjID="2822553504-56751-18652-168-30" DocRef="3979883620-65192-18310-155-227.dat"/>
			</KnowledgeDocuments>
			<KnowledgeFields>
				<Field Name="DeliveryTime" Value="00:33"/>
				<Field Name="DeliveryDate" Value="22/09/2018"/>
				<Field Name="Driver" Value="perry scarcelli"/>
				<Field Name="SignatureName" Value="Jones"/>
				<Field Name="DeliveryID" Value="3456789012"/>
				<Field Name="Surname" Value="Smith"/>
				<Field Name="Firstname" Value="Sam"/>
				<Field Name="Address" Value="3 The Cottages, Worsley, Manchester"/>
				<Field Name="Postcode" Value="M32 5TQ"/>
				<Field Name="Signature" Value="C:\Nuance\MobileDemo\Home\WebCapture\WORK\308af9d2-83aa-47c4-ba31-9a71cd084cf4\Signature_201809220033574757.png"/>
				<Field Name="GPS" Value="52.128314172915125, -106.66686252315245"/>
				<Field Name="UserName" Value="perry scarcelli"/>
				<Field Name="UserEmail" Value="Perryscarcelli@yahoo.com"/>
				<Field Name="UserHomeFolder" Value="\\NUAN-MOBAD01\HOME\Perry scarcelli"/>
				<Field Name="FormName" Value="Delivery Acceptance"/>
				<Field Name="JobID" Value="3794324333-8887-17568-165-65"/>
			</KnowledgeFields>
		</KnowledgeObject>
	</KnowledgeObjects>
</AutoStore>
