<?xml version="1.0" encoding="utf-8"?>
<AutoStore NSI_SIG2="442138C3225B0B882EBE92C490C6F1134C3752767BE7B3A1FEFA8AC2567342AA6C52BCFB50B359FF5E95BB31B9008C48">
	<Header Version="2" DateCreated="2018-02-03" TimeCreated="02:20:38" AUTHOR="" COMMENTS=""/>
	<KnowledgeObjects ObjID="1240808787-65022-16632-168-14">
		<KnowledgeObject ObjID="1407152589-29996-19763-181-116">
			<KnowledgeDocuments>
				<KnowledgeDocument Type="png" Name="Signed_201802030220355833.png" ObjID="1502991347-6523-18632-184-115" DocRef="2741225993-5850-20315-168-78.dat"/>
				<KnowledgeDocument Type="TXT" Name="TimeSheet.TXT" ObjID="1572100345-43571-19470-186-177" DocRef="3265575291-31227-17974-139-234.dat"/>
			</KnowledgeDocuments>
			<KnowledgeFields>
				<Field Name="ContractorName" Value="gregorysbuckner gregorysbuckner"/>
				<Field Name="Signature" Value="C:\Nuance\MobileDemo\Home\WebCapture\WORK\7d0d03f1-4efa-46bc-bad0-5aec68b5b42f\Signed_201802030220355833.png"/>
				<Field Name="ContractorID" Value="gregorysbuckner"/>
				<Field Name="FriHours" Value="08:00"/>
				<Field Name="FriEnd" Value="5pm"/>
				<Field Name="FriStart" Value="9am"/>
				<Field Name="ThuHours" Value="08:00"/>
				<Field Name="ThuEnd" Value="5pm"/>
				<Field Name="ThuStart" Value="9am"/>
				<Field Name="WedHours" Value="08:00"/>
				<Field Name="WedEnd" Value="5pm"/>
				<Field Name="WedStart" Value="9am"/>
				<Field Name="TueHours" Value="08:00"/>
				<Field Name="TueEnd" Value="5pm"/>
				<Field Name="TueStart" Value="9am"/>
				<Field Name="MonHours" Value="08:00"/>
				<Field Name="MonEnd" Value="5pm"/>
				<Field Name="MonStart" Value="9am"/>
				<Field Name="WeekEnding" Value="03-02-2018"/>
				<Field Name="TimeSheetID" Value="0000076"/>
				<Field Name="TotalHours" Value="40:00"/>
				<Field Name="Submitted" Value="03-02-2018"/>
				<Field Name="UserName" Value="gregorysbuckner"/>
				<Field Name="UserEmail" Value="Gregory.buckner@nuance.com"/>
				<Field Name="UserHomeFolder" Value="\\NUAN-MOBAD01\HOME\gregorysbuckner"/>
				<Field Name="FormName" Value="Submit TimeSheet"/>
				<Field Name="JobID" Value="1407152589-29996-19763-181-116"/>
			</KnowledgeFields>
		</KnowledgeObject>
	</KnowledgeObjects>
</AutoStore>
