<?xml version="1.0" encoding="utf-8"?>
<AutoStore NSI_SIG2="61473B2B87D4E311D00C9B7B84C15552A8E4710E55FFC55DAAC4BC4A4F0DD6404F771BEB2063BE3AD1B6D738A09CE739">
	<Header Version="2" DateCreated="2017-12-26" TimeCreated="18:46:33" AUTHOR="" COMMENTS=""/>
	<KnowledgeObjects ObjID="3348022609-8667-18253-181-196">
		<KnowledgeObject ObjID="3914677357-57664-19441-130-237">
			<KnowledgeDocuments>
				<KnowledgeDocument Type="png" Name="Signature_201712261846330950.png" ObjID="4097654837-12476-18811-160-84" DocRef="2118718086-56093-19233-167-12.dat"/>
			</KnowledgeDocuments>
			<KnowledgeFields>
				<Field Name="JobID" Value="3914677357-57664-19441-130-237"/>
				<Field Name="FormName" Value="Standing Order Amendment Form"/>
				<Field Name="UserName" Value="kmlucero"/>
				<Field Name="UserEmail" Value="ken.lucero@ricoh-usa.com"/>
				<Field Name="UserHomeFolder" Value="\\NUAN-MOBAD01\HOME\kmlucero"/>
				<Field Name="Section" Value="Insurance and Financial Services"/>
				<Field Name="RenameSchema" Value="SO Amendment - 12 - 146"/>
				<Field Name="FileCount" Value="1"/>
				<Field Name="Fullname" Value="K"/>
				<Field Name="Sortcode" Value="12"/>
				<Field Name="Account" Value="146"/>
				<Field Name="ContactPhone" Value="333.666.6767"/>
				<Field Name="BranchName" Value=""/>
				<Field Name="Type" Value="SO"/>
				<Field Name="Amount" Value="124"/>
				<Field Name="RecipentsName" Value="Lu"/>
				<Field Name="PayReference" Value="12"/>
				<Field Name="SOReference" Value="A"/>
				<Field Name="SortCode2" Value="Abc"/>
				<Field Name="Account2" Value="126"/>
				<Field Name="NewPayRef" Value="177"/>
				<Field Name="NewRecName" Value=""/>
				<Field Name="NewRecBank" Value=""/>
				<Field Name="NewRecSortCode" Value=""/>
				<Field Name="NewRecAccount" Value=""/>
				<Field Name="NewAmount" Value=""/>
				<Field Name="NextDueDate" Value=""/>
				<Field Name="FinalAmount" Value=""/>
				<Field Name="FinalDate" Value=""/>
				<Field Name="Frequency" Value=""/>
				<Field Name="Instructions" Value=""/>
			</KnowledgeFields>
		</KnowledgeObject>
	</KnowledgeObjects>
</AutoStore>
