<?xml version="1.0" encoding="utf-8"?>
<AutoStore NSI_SIG2="91FA7EF11BD7FD5C7DC559E95A76D6A8B572834F3C8345836FD19BD236977EE30B737AAD1FFBB5D8FD2B63F8EAD13737">
	<Header Version="2" DateCreated="2017-11-21" TimeCreated="20:43:54" AUTHOR="" COMMENTS=""/>
	<KnowledgeObjects ObjID="5034458-30799-19914-162-140">
		<KnowledgeObject ObjID="1733211838-52391-17998-134-16">
			<KnowledgeDocuments>
				<KnowledgeDocument Type="png" Name="AssessorSignature_201711212043538867.png" ObjID="125922776-23016-18541-138-132" DocRef="1640074935-12491-20389-184-100.dat"/>
			</KnowledgeDocuments>
			<KnowledgeFields>
				<Field Name="AssessorSignature" Value="C:\Nuance\MobileDemo\Home\WebCapture\WORK\aa4dee28-297a-47d7-af15-db35bb01f429\AssessorSignature_201711212043538867.png"/>
				<Field Name="AssessorName" Value="John Campbell-Higgens"/>
				<Field Name="Chargeable" Value="No"/>
				<Field Name="Type" Value="Normal Wear &amp; Tear"/>
				<Field Name="Category" Value="Doors"/>
				<Field Name="Urgency" Value="Medium"/>
				<Field Name="VisitDate" Value="21/11/2017"/>
				<Field Name="PostCode" Value="Bl3"/>
				<Field Name="HouseNumber" Value="1234"/>
				<Field Name="RenameSchema" Value="Bl3-1234-Medium-Doors"/>
				<Field Name="Section" Value="Housing and Tenancies\Housing Associations"/>
				<Field Name="FormName" Value="Issue Assessment Form"/>
				<Field Name="JobID" Value="1733211838-52391-17998-134-16"/>
				<Field Name="UserHomeFolder" Value="\\as-of360\users\Matt"/>
				<Field Name="UserEmail" Value=""/>
				<Field Name="UserName" Value="matt"/>
				<Field Name="FileCount" Value="1"/>
			</KnowledgeFields>
		</KnowledgeObject>
	</KnowledgeObjects>
</AutoStore>
