<?xml version="1.0" encoding="utf-8"?>
<AutoStore NSI_SIG2="556E460B5C6B10386F43403AF6EF18DD2FDE3AF81B1C2A631A2359F97C33457DB2870D6ADF7F9EEFE2293ECD76A7C140">
	<Header Version="2" DateCreated="2018-02-13" TimeCreated="01:08:53" AUTHOR="" COMMENTS=""/>
	<KnowledgeObjects ObjID="2000389086-1640-17287-187-94">
		<KnowledgeObject ObjID="2122908678-46622-18262-146-214">
			<KnowledgeDocuments>
				<KnowledgeDocument Type="pdf" Name="CustomerIDLabels.pdf" ObjID="2239407176-15799-16474-131-213" DocRef="554570899-55279-18980-178-53.dat"/>
			</KnowledgeDocuments>
			<KnowledgeFields>
				<Field Name="UserName" Value="shasselmann"/>
				<Field Name="UserEmail" Value="sandra.hasselmann@ricoh.ca"/>
				<Field Name="UserHomeFolder" Value="\\NUAN-MOBAD01\HOME\shasselmann"/>
				<Field Name="UserDispName" Value="shasselmann shasselmann"/>
				<Field Name="Convert" Value="p_0024"/>
				<Field Name="ConvertTo" Value="XLSX"/>
				<Field Name="NextTask" Value="p_0027"/>
				<Field Name="FormName" Value="Send to Email"/>
				<Field Name="JobID" Value="2122908678-46622-18262-146-214"/>
				<Field Name="RenameSchema" Value="Captured File"/>
				<Field Name="Section" Value="General Office Productivity"/>
			</KnowledgeFields>
		</KnowledgeObject>
	</KnowledgeObjects>
</AutoStore>
