<?xml version="1.0" encoding="utf-8"?>
<AutoStore NSI_SIG2="D46456F40EB20393E685E337B56E5417A1B96FC00CDF5E463466AE9C8B6E5E87B66D53B0EF4300EE4327A6B5B0EA07F3">
	<Header Version="2" DateCreated="2019-05-06" TimeCreated="15:30:26" AUTHOR="" COMMENTS=""/>
	<KnowledgeObjects ObjID="2649664731-14365-16489-162-43">
		<KnowledgeObject ObjID="1674377828-19584-19272-175-71">
			<KnowledgeDocuments>
				<KnowledgeDocument Type="png" Name="Signature_201905061530262263.png" ObjID="155401035-50281-19864-161-104" DocRef="1835933405-22082-17258-175-197.dat"/>
			</KnowledgeDocuments>
			<KnowledgeFields>
				<Field Name="RenameSchema" Value="Site HSE Report - A - 5/6/2019"/>
				<Field Name="Section" Value="Field Service"/>
				<Field Name="UserHomeFolder" Value="\\NUAN-MOBAD01\HOME\Govyg"/>
				<Field Name="UserEmail" Value="Govelio.gonzalez@nuance.com"/>
				<Field Name="UserName" Value="Govyg"/>
				<Field Name="FormName" Value="Site Health &amp; Safety Report"/>
				<Field Name="JobID" Value="1674377828-19584-19272-175-71"/>
				<Field Name="Job" Value="A"/>
				<Field Name="GPS" Value="28.697919341193323, -81.44622151757574"/>
				<Field Name="ReportDate" Value="5/6/2019"/>
				<Field Name="Access" Value=""/>
				<Field Name="General" Value=""/>
				<Field Name="Tidiness" Value=""/>
				<Field Name="Lighting" Value=""/>
				<Field Name="Access1" Value=""/>
				<Field Name="Access2" Value=""/>
				<Field Name="FirstAid" Value=""/>
				<Field Name="Welfare" Value=""/>
				<Field Name="FIre" Value=""/>
				<Field Name="Compliance" Value=""/>
				<Field Name="Inductions" Value=""/>
				<Field Name="Incidents" Value=""/>
				<Field Name="Work" Value=""/>
				<Field Name="Plant" Value=""/>
				<Field Name="PPE" Value=""/>
				<Field Name="Comments" Value="Sssssd"/>
				<Field Name="CompletedBy" Value=""/>
				<Field Name="Position" Value=""/>
				<Field Name="Signature" Value="C:\Nuance\MobileDemo\Home\WebCapture\WORK\a738067b-0126-4867-93db-bd62262f637b\Signature_201905061530262263.png"/>
			</KnowledgeFields>
		</KnowledgeObject>
	</KnowledgeObjects>
</AutoStore>
