<?xml version="1.0" encoding="utf-8"?>
<AutoStore NSI_SIG2="0C9B0EB661547BCCF2C94854C07CD1686E9FCC0B892C1F55651DABCE013F0D332B9497DA4E73C57DC7C284C0DDC31975">
	<Header Version="2" DateCreated="2018-10-12" TimeCreated="05:33:13" AUTHOR="" COMMENTS=""/>
	<KnowledgeObjects ObjID="3373795392-18752-17256-173-255">
		<KnowledgeObject ObjID="1699196071-63096-19088-130-165">
			<KnowledgeDocuments>
				<KnowledgeDocument Type="pdf" Name="Prob11H - Nicholas g Parillo - 00001.pdf" ObjID="2062267286-22743-19427-177-212" DocRef="4229715669-47998-18951-142-16.dat"/>
				<KnowledgeDocument Type="png" Name="Signature_201810120533021328.png" ObjID="733072994-20540-18968-180-203" DocRef="3588181764-39044-18493-190-217.dat"/>
			</KnowledgeDocuments>
			<KnowledgeFields>
				<Field Name="DeliveryTime" Value="05:33"/>
				<Field Name="DeliveryDate" Value="12/10/2018"/>
				<Field Name="Driver" Value="xodice"/>
				<Field Name="SignatureName" Value="Laurie *LaBrie/cheese#ladies_knight.nick_parillo"/>
				<Field Name="DeliveryID" Value="http://bit.ly/hfTbX5?r=qr"/>
				<Field Name="Surname" Value=""/>
				<Field Name="Firstname" Value=""/>
				<Field Name="Address" Value=""/>
				<Field Name="Postcode" Value=""/>
				<Field Name="Signature" Value="C:\Nuance\MobileDemo\Home\WebCapture\WORK\d1bc3fef-aa35-4601-90b6-3c680314ae20\Signature_201810120533021328.png"/>
				<Field Name="GPS" Value="43.299688891268474, -72.47370826953508"/>
				<Field Name="UserName" Value="xodice"/>
				<Field Name="UserEmail" Value="Nparillo@ssdvermont.com"/>
				<Field Name="UserHomeFolder" Value="\\NUAN-MOBAD01\HOME\Xodice"/>
				<Field Name="FormName" Value="Delivery Acceptance"/>
				<Field Name="JobID" Value="1699196071-63096-19088-130-165"/>
			</KnowledgeFields>
		</KnowledgeObject>
	</KnowledgeObjects>
</AutoStore>
