<?xml version="1.0" encoding="utf-8"?>
<AutoStore NSI_SIG2="0EED5BACDC5632D3CCBBD2E4195812298B2B8644A41D7E62DCA1FCA08A53941F39E72DB55EDC38B8074727AD07DE3361">
	<Header Version="2" DateCreated="2018-04-10" TimeCreated="05:51:41" AUTHOR="" COMMENTS=""/>
	<KnowledgeObjects ObjID="1121728979-30760-17963-151-69">
		<KnowledgeObject ObjID="493976554-14966-18404-165-28">
			<KnowledgeDocuments>
				<KnowledgeDocument Type="png" Name="Sketch_201804100551406108.png" ObjID="4183721030-27138-20058-143-30" DocRef="1968046395-32995-18657-165-2.dat"/>
			</KnowledgeDocuments>
			<KnowledgeFields>
				<Field Name="WitnessMobile2" Value=""/>
				<Field Name="WitnessPhone2" Value=""/>
				<Field Name="WitnessAddress2" Value=""/>
				<Field Name="WitnessName2" Value=""/>
				<Field Name="WitnessMobile1" Value=""/>
				<Field Name="WitnessPhone1" Value=""/>
				<Field Name="WitnessAddress1" Value=""/>
				<Field Name="WitnessName1" Value=""/>
				<Field Name="OtherInfor" Value=""/>
				<Field Name="BadgeNumber" Value=""/>
				<Field Name="Phone" Value=""/>
				<Field Name="Department" Value=""/>
				<Field Name="OfficerName" Value=""/>
				<Field Name="OtherInjuries" Value=""/>
				<Field Name="OtherPassenger" Value=""/>
				<Field Name="YourInjuries" Value=""/>
				<Field Name="YourPassengers" Value=""/>
				<Field Name="OtherDriverPhone" Value=""/>
				<Field Name="OtherDriverAddress" Value=""/>
				<Field Name="OtherDriverName" Value=""/>
				<Field Name="InsuranceCompany" Value=""/>
				<Field Name="Registration" Value=""/>
				<Field Name="VehicleColour" Value=""/>
				<Field Name="VehicleModel" Value=""/>
				<Field Name="VehicleMake" Value=""/>
				<Field Name="OwnerPhone" Value=""/>
				<Field Name="OwnerAddress" Value=""/>
				<Field Name="OwnerName" Value=""/>
				<Field Name="OtherRecovery" Value="If"/>
				<Field Name="OtherVehicleDamage" Value="Saab"/>
				<Field Name="YourRecovery" Value="Lfab"/>
				<Field Name="YourVehicleDamage" Value="Volvo"/>
				<Field Name="AccidentDetails" Value="Tyres"/>
				<Field Name="Location" Value="Frösundaleden 2C, 169 70 Solna, Sverige"/>
				<Field Name="Conditions" Value="Bad"/>
				<Field Name="AccidentTime" Value="10:00"/>
				<Field Name="AccidentDate" Value="4/10/2018"/>
				<Field Name="FileCount" Value="1"/>
				<Field Name="RenameSchema" Value="Accident Form - 4/10/2018 10:00"/>
				<Field Name="Section" Value="Insurance and Financial Services"/>
				<Field Name="UserHomeFolder" Value="\\NUAN-MOBAD01\HOME\joachim_roken"/>
				<Field Name="UserEmail" Value="joachim.roken@nuance.com"/>
				<Field Name="UserName" Value="joachim_roken"/>
				<Field Name="FormName" Value="Accident Damage Report"/>
				<Field Name="JobID" Value="493976554-14966-18404-165-28"/>
			</KnowledgeFields>
		</KnowledgeObject>
	</KnowledgeObjects>
</AutoStore>
