<?xml version="1.0" encoding="utf-8"?>
<AutoStore NSI_SIG2="29BD56AD32F283C5886A24A249E7BE3F894F9FC4125549921EACAE1BB336F77D7F153A2A2172CE062809AD82D5B0A6D6">
	<Header Version="2" DateCreated="2020-04-16" TimeCreated="18:50:47" AUTHOR="" COMMENTS=""/>
	<KnowledgeObjects ObjID="2373001186-43578-18553-170-79">
		<KnowledgeObject ObjID="3672219756-43741-19145-133-71">
			<KnowledgeDocuments>
				<KnowledgeDocument Type="jpg" Name="1587088235707.jpg" ObjID="1844914062-18505-18827-168-95" DocRef="4216469454-47250-17281-189-52.dat"/>
				<KnowledgeDocument Type="png" Name="Sketch_202004161850471824.png" ObjID="3597886142-64761-20082-128-11" DocRef="3839392057-24086-18527-184-134.dat"/>
			</KnowledgeDocuments>
			<KnowledgeFields>
				<Field Name="WitnessMobile2" Value=""/>
				<Field Name="WitnessPhone2" Value=""/>
				<Field Name="WitnessAddress2" Value=""/>
				<Field Name="WitnessName2" Value=""/>
				<Field Name="WitnessMobile1" Value=""/>
				<Field Name="WitnessPhone1" Value=""/>
				<Field Name="WitnessAddress1" Value=""/>
				<Field Name="WitnessName1" Value=""/>
				<Field Name="OtherInfor" Value=""/>
				<Field Name="BadgeNumber" Value=""/>
				<Field Name="Phone" Value=""/>
				<Field Name="Department" Value=""/>
				<Field Name="OfficerName" Value=""/>
				<Field Name="OtherInjuries" Value=""/>
				<Field Name="OtherPassenger" Value=""/>
				<Field Name="YourInjuries" Value=""/>
				<Field Name="YourPassengers" Value=""/>
				<Field Name="OtherDriverPhone" Value=""/>
				<Field Name="OtherDriverAddress" Value=""/>
				<Field Name="OtherDriverName" Value=""/>
				<Field Name="InsuranceCompany" Value=""/>
				<Field Name="Registration" Value=""/>
				<Field Name="VehicleColour" Value=""/>
				<Field Name="VehicleModel" Value=""/>
				<Field Name="VehicleMake" Value=""/>
				<Field Name="OwnerPhone" Value=""/>
				<Field Name="OwnerAddress" Value=""/>
				<Field Name="OwnerName" Value=""/>
				<Field Name="OtherRecovery" Value=""/>
				<Field Name="OtherVehicleDamage" Value=""/>
				<Field Name="YourRecovery" Value=""/>
				<Field Name="YourVehicleDamage" Value=""/>
				<Field Name="AccidentDetails" Value=""/>
				<Field Name="Location" Value="1191 Meadow Knoll Ct, Batavia, OH 45103, USA"/>
				<Field Name="Conditions" Value="Wet"/>
				<Field Name="AccidentTime" Value="9am"/>
				<Field Name="AccidentDate" Value="4/15/2020"/>
				<Field Name="FileCount" Value="2"/>
				<Field Name="RenameSchema" Value="Accident Form - 4/15/2020 9am"/>
				<Field Name="Section" Value="Insurance and Financial Services"/>
				<Field Name="UserHomeFolder" Value="\\US01VMBCMD01\HOME\ttreinen"/>
				<Field Name="UserEmail" Value="toddt@cinci.rr.com"/>
				<Field Name="UserName" Value="ttreinen"/>
				<Field Name="FormName" Value="Accident Damage Report"/>
				<Field Name="JobID" Value="3672219756-43741-19145-133-71"/>
			</KnowledgeFields>
		</KnowledgeObject>
	</KnowledgeObjects>
</AutoStore>
