<?xml version="1.0" encoding="utf-8"?>
<AutoStore NSI_SIG2="670B034289FD0F3C3071A742B647697765AB87CD59861A2CA9BE2CEC6B5B8923574349C52A0A8A3B4BB3B57A096FC65F">
	<Header Version="2" DateCreated="2018-12-04" TimeCreated="04:48:47" AUTHOR="" COMMENTS=""/>
	<KnowledgeObjects ObjID="3207036104-19767-18786-172-47">
		<KnowledgeObject ObjID="3894134673-51440-18614-176-31">
			<KnowledgeDocuments>
				<KnowledgeDocument Type="html" Name="ford_429_1@msn.com_(XODICE_(this_PC))_-_Dropbox-5.html" ObjID="3977171190-4597-17361-151-38" DocRef="1231626463-57602-18850-144-87.dat"/>
				<KnowledgeDocument Type="png" Name="Signature_201812040448429346.png" ObjID="717387158-16624-18447-145-85" DocRef="2910128584-25256-19942-180-185.dat"/>
			</KnowledgeDocuments>
			<KnowledgeFields>
				<Field Name="DeliveryTime" Value="04:48"/>
				<Field Name="DeliveryDate" Value="04/12/2018"/>
				<Field Name="Driver" Value="xodice"/>
				<Field Name="SignatureName" Value="Home"/>
				<Field Name="DeliveryID" Value="C7H3B-PWT8W-YBV92-M4FJM-G2XH7"/>
				<Field Name="Surname" Value=""/>
				<Field Name="Firstname" Value=""/>
				<Field Name="Address" Value=""/>
				<Field Name="Postcode" Value=""/>
				<Field Name="Signature" Value="C:\Nuance\MobileDemo\Home\WebCapture\WORK\50ed0f5f-24ae-4c19-acdb-210cfb79e9d0\Signature_201812040448429346.png"/>
				<Field Name="GPS" Value="43.299794846943215, -72.47391662856138"/>
				<Field Name="UserName" Value="xodice"/>
				<Field Name="UserEmail" Value="Nparillo@ssdvermont.com"/>
				<Field Name="UserHomeFolder" Value="\\NUAN-MOBAD01\HOME\Xodice"/>
				<Field Name="FormName" Value="Delivery Acceptance"/>
				<Field Name="JobID" Value="3894134673-51440-18614-176-31"/>
			</KnowledgeFields>
		</KnowledgeObject>
	</KnowledgeObjects>
</AutoStore>
