<?xml version="1.0" encoding="utf-8"?>
<AutoStore NSI_SIG2="368DF598AF83FA08ADCC33C83A851503A86AB3040EF18309E39FB8F5C1541D68D4C8CE2F85B4D8F6EB41E9BD548E2920">
	<Header Version="2" DateCreated="2017-11-21" TimeCreated="20:41:43" AUTHOR="" COMMENTS=""/>
	<KnowledgeObjects ObjID="1045696997-5468-19123-174-226">
		<KnowledgeObject ObjID="2996206378-14074-16833-186-252">
			<KnowledgeDocuments>
				<KnowledgeDocument Type="png" Name="AssessorSignature_201711212041435666.png" ObjID="4148500569-41914-17671-182-175" DocRef="3266806617-50604-18521-154-95.dat"/>
			</KnowledgeDocuments>
			<KnowledgeFields>
				<Field Name="AssessorSignature" Value="C:\Nuance\MobileDemo\Home\WebCapture\WORK\eeb5e82c-d005-4e79-b563-95a7a91d99ac\AssessorSignature_201711212041435666.png"/>
				<Field Name="AssessorName" Value="John Campbell-Higgens"/>
				<Field Name="Chargeable" Value="No"/>
				<Field Name="Type" Value="Missing"/>
				<Field Name="Category" Value="Doors"/>
				<Field Name="Urgency" Value="Critical"/>
				<Field Name="VisitDate" Value="21/11/2017"/>
				<Field Name="PostCode" Value="Bl3"/>
				<Field Name="HouseNumber" Value="1234"/>
				<Field Name="RenameSchema" Value="Bl3-1234-Critical-Doors"/>
				<Field Name="Section" Value="Housing and Tenancies\Housing Associations"/>
				<Field Name="FormName" Value="Issue Assessment Form"/>
				<Field Name="JobID" Value="2996206378-14074-16833-186-252"/>
				<Field Name="UserHomeFolder" Value="\\as-of360\users\Matt"/>
				<Field Name="UserEmail" Value=""/>
				<Field Name="UserName" Value="matt"/>
				<Field Name="FileCount" Value="1"/>
			</KnowledgeFields>
		</KnowledgeObject>
	</KnowledgeObjects>
</AutoStore>
