<?xml version="1.0" encoding="utf-8"?>
<AutoStore NSI_SIG2="54134303C616A62395107C41AF96EC75BE90BB1C96CB98AA4473D2BDF1892544C76990B69E79EE46C7B0B31B400CB79A">
	<Header Version="2" DateCreated="2018-06-17" TimeCreated="19:03:58" AUTHOR="" COMMENTS=""/>
	<KnowledgeObjects ObjID="1522199858-9024-17741-160-156">
		<KnowledgeObject ObjID="2258628041-501-18932-141-106">
			<KnowledgeDocuments>
				<KnowledgeDocument Type="ics" Name="Part 2-1.ics" ObjID="1002675498-31089-18870-150-42" DocRef="2219487329-53905-19009-155-59.dat"/>
				<KnowledgeDocument Type="png" Name="Signature_201806171903501012.png" ObjID="3077652382-63333-18005-185-253" DocRef="1154915798-52225-20159-161-248.dat"/>
			</KnowledgeDocuments>
			<KnowledgeFields>
				<Field Name="DeliveryTime" Value="19:03"/>
				<Field Name="DeliveryDate" Value="17/06/2018"/>
				<Field Name="Driver" Value="xodice"/>
				<Field Name="SignatureName" Value="Mister andMr.parillo-Butterfield"/>
				<Field Name="DeliveryID" Value="http://www.vermontrxcard.com/index.php"/>
				<Field Name="Surname" Value=""/>
				<Field Name="Firstname" Value=""/>
				<Field Name="Address" Value=""/>
				<Field Name="Postcode" Value=""/>
				<Field Name="Signature" Value="C:\Nuance\MobileDemo\Home\WebCapture\WORK\83f54b60-29b8-4b90-b775-1e01eecd99e6\Signature_201806171903501012.png"/>
				<Field Name="GPS" Value="43.299584345471374, -72.4738383135368"/>
				<Field Name="UserName" Value="xodice"/>
				<Field Name="UserEmail" Value="Nparillo@ssdvermont.com"/>
				<Field Name="UserHomeFolder" Value="\\NUAN-MOBAD01\HOME\Xodice"/>
				<Field Name="FormName" Value="Delivery Acceptance"/>
				<Field Name="JobID" Value="2258628041-501-18932-141-106"/>
			</KnowledgeFields>
		</KnowledgeObject>
	</KnowledgeObjects>
</AutoStore>
