<?xml version="1.0" encoding="utf-8"?>
<AutoStore NSI_SIG2="0B806E7725EB99DBBA1BE9064547E9D5781A7A70CFFAE10B8CFCDD9E029499B4C8231BC533957A6B608DC3C0DEF346A7">
	<Header Version="2" DateCreated="2018-04-06" TimeCreated="15:28:45" AUTHOR="" COMMENTS=""/>
	<KnowledgeObjects ObjID="2070722103-2632-18407-149-247">
		<KnowledgeObject ObjID="2162055570-45818-19801-164-61">
			<KnowledgeDocuments>
				<KnowledgeDocument Type="jpg" Name="cdv_photo_001.jpg" ObjID="1613626222-7950-18626-178-242" DocRef="3216447385-2829-18684-189-10.dat"/>
			</KnowledgeDocuments>
			<KnowledgeFields>
				<Field Name="VisitParking" Value="No"/>
				<Field Name="VisitCarReg" Value=""/>
				<Field Name="VisitorCompany" Value="Nuance"/>
				<Field Name="SelectedVisitor" Value=""/>
				<Field Name="VisitorSurname" Value="Pelliconi"/>
				<Field Name="VisitorFirstname" Value="Jeffrey"/>
				<Field Name="VisitorHost" Value="jpitelephone"/>
				<Field Name="VisitDate" Value="4/6/18"/>
				<Field Name="UserName" Value="jpitelephone"/>
				<Field Name="UserEmail" Value="jeffrey.pelliconi@nuance.com"/>
				<Field Name="UserHomeFolder" Value="\\NUAN-MOBAD01\HOME\jpitelephone"/>
				<Field Name="FormName" Value="Visitor Badge"/>
				<Field Name="JodID" Value="2162055570-45818-19801-164-61"/>
			</KnowledgeFields>
		</KnowledgeObject>
	</KnowledgeObjects>
</AutoStore>
