<?xml version="1.0" encoding="utf-8"?>
<AutoStore NSI_SIG2="AEED5C86B09827CDE7D5AE75A95CA370FBDEEF964D8E31CFEFD3D27D932A0F8E8A26054AC5E4EB2BC5C267C2A825144B">
	<Header Version="2" DateCreated="2018-10-12" TimeCreated="14:17:09" AUTHOR="" COMMENTS=""/>
	<KnowledgeObjects ObjID="576366232-27876-17552-186-227">
		<KnowledgeObject ObjID="1436907155-45360-19883-146-54">
			<KnowledgeDocuments>
				<KnowledgeDocument Type="pdf" Name="Blood Bag ID Labels.pdf" ObjID="3317078270-41872-16572-157-157" DocRef="2236187554-11397-19615-179-65.dat"/>
				<KnowledgeDocument Type="png" Name="Signature_201810121417011654.png" ObjID="1287718279-25483-19140-145-206" DocRef="2650754366-30992-16855-189-152.dat"/>
			</KnowledgeDocuments>
			<KnowledgeFields>
				<Field Name="DeliveryTime" Value="14:17"/>
				<Field Name="DeliveryDate" Value="12/10/2018"/>
				<Field Name="Driver" Value="nuance-erik"/>
				<Field Name="SignatureName" Value="Erik"/>
				<Field Name="DeliveryID" Value="12467"/>
				<Field Name="Surname" Value=""/>
				<Field Name="Firstname" Value=""/>
				<Field Name="Address" Value=""/>
				<Field Name="Postcode" Value=""/>
				<Field Name="Signature" Value="C:\Nuance\MobileDemo\Home\WebCapture\WORK\5117075c-0381-4773-be1e-c930386a0a3c\Signature_201810121417011654.png"/>
				<Field Name="GPS" Value="28.191356676710374, -82.28803673838706"/>
				<Field Name="UserName" Value="nuance-erik"/>
				<Field Name="UserEmail" Value="erik.perez@nuance.com"/>
				<Field Name="UserHomeFolder" Value="\\NUAN-MOBAD01\HOME\nuance-erik"/>
				<Field Name="FormName" Value="Delivery Acceptance"/>
				<Field Name="JobID" Value="1436907155-45360-19883-146-54"/>
			</KnowledgeFields>
		</KnowledgeObject>
	</KnowledgeObjects>
</AutoStore>
