<?xml version="1.0" encoding="utf-8"?>
<AutoStore NSI_SIG2="B7F8556953C81F4059633767099B45CAA0F7C917C15BCA509A16401146AC4C1F24636321464B1BDA5693FE7611A15E01">
	<Header Version="2" DateCreated="2018-01-26" TimeCreated="06:54:11" AUTHOR="" COMMENTS=""/>
	<KnowledgeObjects ObjID="3903054974-57986-18101-147-222">
		<KnowledgeObject ObjID="2060729788-41587-17132-137-100">
			<KnowledgeDocuments>
				<KnowledgeDocument Type="png" Name="Signed_201801260654050830.png" ObjID="192651919-47507-19384-142-191" DocRef="938063037-24927-18045-189-97.dat"/>
				<KnowledgeDocument Type="TXT" Name="TimeSheet.TXT" ObjID="3721363804-21155-17479-159-207" DocRef="3675496810-29527-19184-186-0.dat"/>
			</KnowledgeDocuments>
			<KnowledgeFields>
				<Field Name="ContractorName" Value="Jeffpelliconi Jeffpelliconi"/>
				<Field Name="Signature" Value="C:\Nuance\MobileDemo\Home\WebCapture\WORK\803cf5f3-4de4-40ec-a517-c87e92a01c0c\Signed_201801260654050830.png"/>
				<Field Name="ContractorID" Value="jeffpelliconi"/>
				<Field Name="FriHours" Value="09:00"/>
				<Field Name="FriEnd" Value="5pm"/>
				<Field Name="FriStart" Value="8am"/>
				<Field Name="ThuHours" Value="09:00"/>
				<Field Name="ThuEnd" Value="5pm"/>
				<Field Name="ThuStart" Value="8am"/>
				<Field Name="WedHours" Value="09:00"/>
				<Field Name="WedEnd" Value="5pm"/>
				<Field Name="WedStart" Value="8am"/>
				<Field Name="TueHours" Value="09:00"/>
				<Field Name="TueEnd" Value="5pm"/>
				<Field Name="TueStart" Value="8am"/>
				<Field Name="MonHours" Value="09:00"/>
				<Field Name="MonEnd" Value="5pm"/>
				<Field Name="MonStart" Value="8am"/>
				<Field Name="WeekEnding" Value="24-01-2018"/>
				<Field Name="TimeSheetID" Value="0000070"/>
				<Field Name="TotalHours" Value="45:00"/>
				<Field Name="Submitted" Value="26-01-2018"/>
				<Field Name="UserName" Value="jeffpelliconi"/>
				<Field Name="UserEmail" Value="Jeffrey.pelliconi@nuance.com"/>
				<Field Name="UserHomeFolder" Value="\\NUAN-MOBAD01\HOME\Jeffpelliconi"/>
				<Field Name="FormName" Value="Submit TimeSheet"/>
				<Field Name="JobID" Value="2060729788-41587-17132-137-100"/>
			</KnowledgeFields>
		</KnowledgeObject>
	</KnowledgeObjects>
</AutoStore>
