<?xml version="1.0" encoding="utf-8"?>
<AutoStore NSI_SIG2="DAC5BBE17F2481DD160123D1CF1AA68027E43DF740D555E8B0B6E08BA944C5CB921C36DC2436527BFF96F598D4521576">
	<Header Version="2" DateCreated="2018-09-29" TimeCreated="19:04:37" AUTHOR="" COMMENTS=""/>
	<KnowledgeObjects ObjID="3479550494-57166-18020-176-112">
		<KnowledgeObject ObjID="3842549273-14153-17496-141-102">
			<KnowledgeDocuments>
				<KnowledgeDocument Type="png" Name="Signature_201809291904366671.png" ObjID="2062694491-22053-18630-152-221" DocRef="3545651558-64754-17661-133-38.dat"/>
			</KnowledgeDocuments>
			<KnowledgeFields>
				<Field Name="RenameSchema" Value="Site HSE Report - Wizyta domowa - 9/28/2018"/>
				<Field Name="Section" Value="Field Service"/>
				<Field Name="UserHomeFolder" Value="\\NUAN-MOBAD01\HOME\mjurecki"/>
				<Field Name="UserEmail" Value="marek.jurecki@ediko.pl"/>
				<Field Name="UserName" Value="mjurecki"/>
				<Field Name="FormName" Value="Site Health &amp; Safety Report"/>
				<Field Name="JobID" Value="3842549273-14153-17496-141-102"/>
				<Field Name="Job" Value="Wizyta domowa"/>
				<Field Name="GPS" Value="50.9136669, 21.3851356"/>
				<Field Name="ReportDate" Value="9/28/2018"/>
				<Field Name="Access" Value="Good"/>
				<Field Name="General" Value=""/>
				<Field Name="Tidiness" Value=""/>
				<Field Name="Lighting" Value=""/>
				<Field Name="Access1" Value=""/>
				<Field Name="Access2" Value=""/>
				<Field Name="FirstAid" Value=""/>
				<Field Name="Welfare" Value="Excellent"/>
				<Field Name="FIre" Value=""/>
				<Field Name="Compliance" Value=""/>
				<Field Name="Inductions" Value=""/>
				<Field Name="Incidents" Value=""/>
				<Field Name="Work" Value=""/>
				<Field Name="Plant" Value=""/>
				<Field Name="PPE" Value=""/>
				<Field Name="Comments" Value=""/>
				<Field Name="CompletedBy" Value="Mj"/>
				<Field Name="Position" Value=""/>
				<Field Name="Signature" Value="C:\Nuance\MobileDemo\Home\WebCapture\WORK\d9e7f705-1cc8-46b0-b9dc-5210ceb834a5\Signature_201809291904366671.png"/>
			</KnowledgeFields>
		</KnowledgeObject>
	</KnowledgeObjects>
</AutoStore>
