<?xml version="1.0" encoding="utf-8"?>
<AutoStore NSI_SIG2="55364715F0E0E63067663C043851B77A167740AA8B95229823BE15B8BD396CE74310826BEDD4C32753F3563A0253E619">
	<Header Version="2" DateCreated="2018-10-11" TimeCreated="04:26:29" AUTHOR="" COMMENTS=""/>
	<KnowledgeObjects ObjID="3461667816-23497-19973-178-220">
		<KnowledgeObject ObjID="3732726501-19355-20008-187-53">
			<KnowledgeDocuments>
				<KnowledgeDocument Type="htm" Name="Captured File - 00001.htm" ObjID="506958317-64584-18936-164-190" DocRef="10702498-39996-20093-171-133.dat"/>
				<KnowledgeDocument Type="png" Name="Signature_201810110426241727.png" ObjID="762588838-22103-19376-157-124" DocRef="2730483123-11602-19764-147-56.dat"/>
			</KnowledgeDocuments>
			<KnowledgeFields>
				<Field Name="DeliveryTime" Value="04:26"/>
				<Field Name="DeliveryDate" Value="11/10/2018"/>
				<Field Name="Driver" Value="xodice"/>
				<Field Name="SignatureName" Value="#Twacabiebgief@{brendalldwaawan]noah.wrestlingtracker.twitter.com"/>
				<Field Name="DeliveryID" Value="http://bit.ly/hfTbX5?r=qr"/>
				<Field Name="Surname" Value=""/>
				<Field Name="Firstname" Value=""/>
				<Field Name="Address" Value=""/>
				<Field Name="Postcode" Value=""/>
				<Field Name="Signature" Value="C:\Nuance\MobileDemo\Home\WebCapture\WORK\8ccab93e-25ee-45e5-8b2d-b14f35b999ca\Signature_201810110426241727.png"/>
				<Field Name="GPS" Value="43.29965180086232, -72.47375245121434"/>
				<Field Name="UserName" Value="xodice"/>
				<Field Name="UserEmail" Value="Nparillo@ssdvermont.com"/>
				<Field Name="UserHomeFolder" Value="\\NUAN-MOBAD01\HOME\Xodice"/>
				<Field Name="FormName" Value="Delivery Acceptance"/>
				<Field Name="JobID" Value="3732726501-19355-20008-187-53"/>
			</KnowledgeFields>
		</KnowledgeObject>
	</KnowledgeObjects>
</AutoStore>
