<?xml version="1.0" encoding="utf-8"?>
<AutoStore NSI_SIG2="A229DFCA6723AA391B3A902C5CFFFE6D51490633E77C1E249C05F944A65E1FE59453FA6F98567561AE7252AE6B230964">
	<Header Version="2" DateCreated="2018-12-05" TimeCreated="15:42:44" AUTHOR="" COMMENTS=""/>
	<KnowledgeObjects ObjID="2870623524-5363-19381-172-97">
		<KnowledgeObject ObjID="2897168556-30604-17214-191-104">
			<KnowledgeDocuments>
				<KnowledgeDocument Type="html" Name="ford_429_1@msn.com_(XODICE_(this_PC))_-_Dropbox-16.html" ObjID="3619002624-29838-17386-134-67" DocRef="3319123660-59063-16817-173-113.dat"/>
				<KnowledgeDocument Type="png" Name="Signature_201812051542365746.png" ObjID="2001322754-18749-18620-143-10" DocRef="827183682-22473-17180-185-157.dat"/>
			</KnowledgeDocuments>
			<KnowledgeFields>
				<Field Name="DeliveryTime" Value="15:42"/>
				<Field Name="DeliveryDate" Value="05/12/2018"/>
				<Field Name="Driver" Value="xodice"/>
				<Field Name="SignatureName" Value="Cliff keen 1992"/>
				<Field Name="DeliveryID" Value="2520307"/>
				<Field Name="Surname" Value=""/>
				<Field Name="Firstname" Value=""/>
				<Field Name="Address" Value=""/>
				<Field Name="Postcode" Value=""/>
				<Field Name="Signature" Value="C:\Nuance\MobileDemo\Home\WebCapture\WORK\1fc80b43-9a67-4536-8140-e46d8fc67337\Signature_201812051542365746.png"/>
				<Field Name="GPS" Value="43.29964079728846, -72.47380526250545"/>
				<Field Name="UserName" Value="xodice"/>
				<Field Name="UserEmail" Value="Nparillo@ssdvermont.com"/>
				<Field Name="UserHomeFolder" Value="\\NUAN-MOBAD01\HOME\Xodice"/>
				<Field Name="FormName" Value="Delivery Acceptance"/>
				<Field Name="JobID" Value="2897168556-30604-17214-191-104"/>
			</KnowledgeFields>
		</KnowledgeObject>
	</KnowledgeObjects>
</AutoStore>
