<?xml version="1.0" encoding="utf-8"?>
<AutoStore NSI_SIG2="A3C168FDE2B8722947FFFB843FEEF3E56F1F8042A8BC37297E530CDC39D6FD64681CF692FB0FF5ED4C1EF0593F2BECAE">
	<Header Version="2" DateCreated="2017-11-14" TimeCreated="16:24:07" AUTHOR="" COMMENTS=""/>
	<KnowledgeObjects ObjID="373419364-47038-16533-156-205">
		<KnowledgeObject ObjID="1780712445-26596-17679-190-162">
			<KnowledgeDocuments>
				<KnowledgeDocument Type="pdf" Name="VA Voucher for Mileage Allowance.pdf" ObjID="2421944819-31466-16695-136-239" DocRef="1566300021-59896-16550-189-177.dat"/>
			</KnowledgeDocuments>
			<KnowledgeFields>
				<Field Name="UserName" Value="JCH"/>
				<Field Name="UserEmail" Value="jch@ndi-demo.local"/>
				<Field Name="UserHomeFolder" Value="\\AS-OF360\Users\JCH"/>
				<Field Name="FormName" Value="VA Voucher for Mileage Allowance"/>
				<Field Name="JobID" Value="1780712445-26596-17679-190-162"/>
				<Field Name="Fullname" Value="John Campbell-Higgens"/>
				<Field Name="StreetAddress" Value="1000 Main St"/>
				<Field Name="City" Value="Arlington"/>
				<Field Name="State" Value="VA"/>
				<Field Name="ZIP" Value="22222"/>
				<Field Name="DateIssued" Value="14/11/2017"/>
				<Field Name="TravelFrom" Value="Dallas"/>
				<Field Name="TravelTo" Value="New York"/>
				<Field Name="ReportingReason" Value="Preferred Doctor"/>
			</KnowledgeFields>
		</KnowledgeObject>
	</KnowledgeObjects>
</AutoStore>
