<?xml version="1.0" encoding="utf-8"?>
<AutoStore NSI_SIG2="4F3536881DC69A175A13CD8FDF34F6520AB6C49D47E6C881D780FB7A5258B9AEC22DD841368F0C48CB5A8EFEA1898AC7">
	<Header Version="2" DateCreated="2018-12-05" TimeCreated="05:31:15" AUTHOR="" COMMENTS=""/>
	<KnowledgeObjects ObjID="3301362783-3322-19232-164-157">
		<KnowledgeObject ObjID="3339391495-41430-20243-172-0">
			<KnowledgeDocuments>
				<KnowledgeDocument Type="pdf" Name="fw3.pdf" ObjID="2872278644-30852-19211-171-214" DocRef="255035490-27300-17724-145-250.dat"/>
				<KnowledgeDocument Type="png" Name="Signature_201812050531118994.png" ObjID="2633037176-16776-17149-139-152" DocRef="3798609417-58007-17243-177-94.dat"/>
			</KnowledgeDocuments>
			<KnowledgeFields>
				<Field Name="DeliveryTime" Value="05:31"/>
				<Field Name="DeliveryDate" Value="05/12/2018"/>
				<Field Name="Driver" Value="xodice"/>
				<Field Name="SignatureName" Value="Cliff keen"/>
				<Field Name="DeliveryID" Value="5208004147447"/>
				<Field Name="Surname" Value=""/>
				<Field Name="Firstname" Value=""/>
				<Field Name="Address" Value=""/>
				<Field Name="Postcode" Value=""/>
				<Field Name="Signature" Value="C:\Nuance\MobileDemo\Home\WebCapture\WORK\884716ad-5bde-40cf-b737-4bc21cb5d919\Signature_201812050531118994.png"/>
				<Field Name="GPS" Value="43.29975112863447, -72.47397176141303"/>
				<Field Name="UserName" Value="xodice"/>
				<Field Name="UserEmail" Value="Nparillo@ssdvermont.com"/>
				<Field Name="UserHomeFolder" Value="\\NUAN-MOBAD01\HOME\Xodice"/>
				<Field Name="FormName" Value="Delivery Acceptance"/>
				<Field Name="JobID" Value="3339391495-41430-20243-172-0"/>
			</KnowledgeFields>
		</KnowledgeObject>
	</KnowledgeObjects>
</AutoStore>
