<?xml version="1.0" encoding="utf-8"?>
<AutoStore NSI_SIG2="C5BDAD4791DB6E6BC0C6B836D39445335E97FCA5241516776ACEAB2C96A9A6086A08202E5D90E76A1FE309EFE8F9B5E2">
	<Header Version="2" DateCreated="2018-06-10" TimeCreated="01:44:07" AUTHOR="" COMMENTS=""/>
	<KnowledgeObjects ObjID="1791334993-52372-20111-183-3">
		<KnowledgeObject ObjID="1419687720-14431-19445-169-194">
			<KnowledgeDocuments>
				<KnowledgeDocument Type="jpg" Name="1528595022290.jpg" ObjID="3003294755-49401-16653-169-132" DocRef="981819678-11019-20091-174-226.dat"/>
				<KnowledgeDocument Type="png" Name="Sketch_201806100144073751.png" ObjID="2241734586-36742-18974-134-101" DocRef="1435185149-3242-17589-179-205.dat"/>
			</KnowledgeDocuments>
			<KnowledgeFields>
				<Field Name="WitnessMobile2" Value=""/>
				<Field Name="WitnessPhone2" Value=""/>
				<Field Name="WitnessAddress2" Value=""/>
				<Field Name="WitnessName2" Value=""/>
				<Field Name="WitnessMobile1" Value=""/>
				<Field Name="WitnessPhone1" Value=""/>
				<Field Name="WitnessAddress1" Value=""/>
				<Field Name="WitnessName1" Value=""/>
				<Field Name="OtherInfor" Value=""/>
				<Field Name="BadgeNumber" Value=""/>
				<Field Name="Phone" Value=""/>
				<Field Name="Department" Value=""/>
				<Field Name="OfficerName" Value=""/>
				<Field Name="OtherInjuries" Value=""/>
				<Field Name="OtherPassenger" Value=""/>
				<Field Name="YourInjuries" Value=""/>
				<Field Name="YourPassengers" Value=""/>
				<Field Name="OtherDriverPhone" Value=""/>
				<Field Name="OtherDriverAddress" Value=""/>
				<Field Name="OtherDriverName" Value=""/>
				<Field Name="InsuranceCompany" Value=""/>
				<Field Name="Registration" Value=""/>
				<Field Name="VehicleColour" Value=""/>
				<Field Name="VehicleModel" Value=""/>
				<Field Name="VehicleMake" Value=""/>
				<Field Name="OwnerPhone" Value=""/>
				<Field Name="OwnerAddress" Value=""/>
				<Field Name="OwnerName" Value=""/>
				<Field Name="OtherRecovery" Value=""/>
				<Field Name="OtherVehicleDamage" Value=""/>
				<Field Name="YourRecovery" Value=""/>
				<Field Name="YourVehicleDamage" Value=""/>
				<Field Name="AccidentDetails" Value="Fender bender"/>
				<Field Name="Location" Value="2751-2893 Plainfield Rd, Oswego, IL 60543, USA"/>
				<Field Name="Conditions" Value="Raining / wet pavement"/>
				<Field Name="AccidentTime" Value="11:30 PM"/>
				<Field Name="AccidentDate" Value="6/9/2018"/>
				<Field Name="FileCount" Value="2"/>
				<Field Name="RenameSchema" Value="Accident Form - 6/9/2018 11:30 PM"/>
				<Field Name="Section" Value="Insurance and Financial Services"/>
				<Field Name="UserHomeFolder" Value="\\NUAN-MOBAD01\HOME\hvelez"/>
				<Field Name="UserEmail" Value="hvelez@csa.canon.com"/>
				<Field Name="UserName" Value="hvelez"/>
				<Field Name="FormName" Value="Accident Damage Report"/>
				<Field Name="JobID" Value="1419687720-14431-19445-169-194"/>
			</KnowledgeFields>
		</KnowledgeObject>
	</KnowledgeObjects>
</AutoStore>
