<?xml version="1.0" encoding="utf-8"?>
<AutoStore NSI_SIG2="7957845664D958D08E1F1D6B58F9FED7D37198C33C3A4D595A50F6A6FBA5BCE67883320339E593AF9E716358226BBA65">
	<Header Version="2" DateCreated="2018-10-17" TimeCreated="17:03:58" AUTHOR="" COMMENTS=""/>
	<KnowledgeObjects ObjID="1513992522-40163-16724-175-159">
		<KnowledgeObject ObjID="1458327798-19669-20339-128-146">
			<KnowledgeDocuments>
				<KnowledgeDocument Type="odc" Name="ActiproSoftwareLLC.562882FEEB491_24pqs290vpjk0.odc" ObjID="2904030598-6244-17704-128-187" DocRef="1440498779-7560-19551-134-10.dat"/>
				<KnowledgeDocument Type="png" Name="Signature_201810171703556523.png" ObjID="2077684499-31376-19953-136-132" DocRef="3744654150-39562-17572-133-202.dat"/>
			</KnowledgeDocuments>
			<KnowledgeFields>
				<Field Name="DeliveryTime" Value="17:03"/>
				<Field Name="DeliveryDate" Value="17/10/2018"/>
				<Field Name="Driver" Value="xodice"/>
				<Field Name="SignatureName" Value="303 south street springfield,vermont"/>
				<Field Name="DeliveryID" Value="%WH91510146090075279311^PARILLO/NICHOLAS/G^BN610097^PC9999^RGPDPIND^DI10/06/2018?"/>
				<Field Name="Surname" Value=""/>
				<Field Name="Firstname" Value=""/>
				<Field Name="Address" Value=""/>
				<Field Name="Postcode" Value=""/>
				<Field Name="Signature" Value="C:\Nuance\MobileDemo\Home\WebCapture\WORK\e5552339-a741-4e59-86b1-085794232f2b\Signature_201810171703556523.png"/>
				<Field Name="GPS" Value="43.29973796589661, -72.47378060502653"/>
				<Field Name="UserName" Value="xodice"/>
				<Field Name="UserEmail" Value="Nparillo@ssdvermont.com"/>
				<Field Name="UserHomeFolder" Value="\\NUAN-MOBAD01\HOME\Xodice"/>
				<Field Name="FormName" Value="Delivery Acceptance"/>
				<Field Name="JobID" Value="1458327798-19669-20339-128-146"/>
			</KnowledgeFields>
		</KnowledgeObject>
	</KnowledgeObjects>
</AutoStore>
