<?xml version="1.0" encoding="utf-8"?>
<AutoStore NSI_SIG2="934828F0CE05000578710AC1FEC3FC40D0098319D5DADBCBCF28D051F1D3F8F4E417BB6750B962465DD40F3C8F11070A">
	<Header Version="2" DateCreated="2018-02-08" TimeCreated="15:47:24" AUTHOR="" COMMENTS=""/>
	<KnowledgeObjects ObjID="5400230-38951-19760-186-4">
		<KnowledgeObject ObjID="1135611244-27194-16735-150-124">
			<KnowledgeDocuments>
				<KnowledgeDocument Type="png" Name="PatientSign_201802081547233988.png" ObjID="842704330-7795-18396-148-12" DocRef="2495860707-10458-18584-152-107.dat"/>
			</KnowledgeDocuments>
			<KnowledgeFields>
				<Field Name="JobID" Value="1135611244-27194-16735-150-124"/>
				<Field Name="FormName" Value="New GP Patient Registration"/>
				<Field Name="UserHomeFolder" Value="\\NUAN-MOBAD01\HOME\dschultz12"/>
				<Field Name="UserEmail" Value="dschultz12@hotmail.com"/>
				<Field Name="UserName" Value="dschultz12"/>
				<Field Name="1stReg" Value=""/>
				<Field Name="3Months" Value=""/>
				<Field Name="Salutation" Value=""/>
				<Field Name="Surname" Value=""/>
				<Field Name="PrevSurname" Value=""/>
				<Field Name="Forenames" Value=""/>
				<Field Name="DateofBirth" Value=""/>
				<Field Name="Sex" Value=""/>
				<Field Name="NHSNo" Value=""/>
				<Field Name="CHI" Value=""/>
				<Field Name="Address1" Value=""/>
				<Field Name="Address2" Value=""/>
				<Field Name="Town" Value=""/>
				<Field Name="County" Value=""/>
				<Field Name="Postcode" Value=""/>
				<Field Name="Phone" Value=""/>
				<Field Name="Mobile" Value=""/>
				<Field Name="Email" Value=""/>
				<Field Name="PrevDrName" Value=""/>
				<Field Name="PrevDrPractice" Value=""/>
				<Field Name="PrevDrAddress" Value=""/>
				<Field Name="PrevDrTown" Value=""/>
				<Field Name="PrevDrPostCode" Value=""/>
				<Field Name="PrevAddress1" Value=""/>
				<Field Name="PrevAddress2" Value=""/>
				<Field Name="PrevTown" Value=""/>
				<Field Name="PrevCounty" Value=""/>
				<Field Name="PrevPostCode" Value=""/>
				<Field Name="DateCame" Value=""/>
				<Field Name="DateLeave" Value=""/>
				<Field Name="RecentResidence" Value=""/>
				<Field Name="AFServiceNo" Value=""/>
				<Field Name="AFEnlistDate" Value=""/>
				<Field Name="AFReservist" Value=""/>
				<Field Name="AFLeaveDate" Value=""/>
				<Field Name="AF1stReg" Value=""/>
				<Field Name="AFPriorAddress" Value=""/>
				<Field Name="AFPriorPostCode" Value=""/>
				<Field Name="Identification" Value="Driving License"/>
			</KnowledgeFields>
		</KnowledgeObject>
	</KnowledgeObjects>
</AutoStore>
