<?xml version="1.0" encoding="utf-8"?>
<AutoStore NSI_SIG2="94D94886E49139DB1C6FC8DFA2FDC1DA29A5C30FD3590A10EC7CDE8D3FC75CD9D63D5F0428B1D247B76FD2EDE1D2F01A">
	<Header Version="2" DateCreated="2020-03-05" TimeCreated="13:23:59" AUTHOR="" COMMENTS=""/>
	<KnowledgeObjects ObjID="2106585377-33334-16432-130-188">
		<KnowledgeObject ObjID="802063819-28761-18790-155-87">
			<KnowledgeDocuments>
				<KnowledgeDocument Type="pdf" Name="POD_1234567890_2.pdf" ObjID="3471109207-19821-20366-190-122" DocRef="3565817654-5173-18727-187-77.dat"/>
				<KnowledgeDocument Type="png" Name="Signature_202003051323557019.png" ObjID="1180324228-47151-19163-160-203" DocRef="2858712579-21213-18257-138-168.dat"/>
			</KnowledgeDocuments>
			<KnowledgeFields>
				<Field Name="DeliveryTime" Value="13:23"/>
				<Field Name="DeliveryDate" Value="05/03/2020"/>
				<Field Name="Driver" Value="ChrisStyles"/>
				<Field Name="SignatureName" Value="G hjgj"/>
				<Field Name="DeliveryID" Value="1234567890"/>
				<Field Name="Surname" Value="Campbell-Higgens"/>
				<Field Name="Firstname" Value="John"/>
				<Field Name="Address" Value="Ainsworth Road, Bolton"/>
				<Field Name="Postcode" Value="BL3 1RB"/>
				<Field Name="Signature" Value="C:\Kofax\MobileDemo\Home\WebCapture\WORK\3836f70a-0704-424f-8906-6fee9e20caef\Signature_202003051323557019.png"/>
				<Field Name="GPS" Value="35.02119544801417, -82.38553899712784"/>
				<Field Name="UserName" Value="ChrisStyles"/>
				<Field Name="UserEmail" Value="chris.styles@kofax.com"/>
				<Field Name="UserHomeFolder" Value="\\US01VMBCMD01\HOME\ChrisStyles"/>
				<Field Name="FormName" Value="Delivery Acceptance"/>
				<Field Name="JobID" Value="802063819-28761-18790-155-87"/>
			</KnowledgeFields>
		</KnowledgeObject>
	</KnowledgeObjects>
</AutoStore>
