<?xml version="1.0" encoding="utf-8"?>
<AutoStore NSI_SIG2="58BA00A4C1B19F488D7139A915DD12C115AA1C50FFB4627A218669C772507190AEB81153B5C02BE0BE2622AAFB594334">
	<Header Version="2" DateCreated="2018-10-26" TimeCreated="03:33:52" AUTHOR="" COMMENTS=""/>
	<KnowledgeObjects ObjID="50654820-8141-19800-188-255">
		<KnowledgeObject ObjID="1115679043-59860-19255-175-224">
			<KnowledgeDocuments>
				<KnowledgeDocument Type="htm" Name="Captured File - 00001.htm" ObjID="3861915326-48660-19619-144-142" DocRef="647090565-8972-18510-164-17.dat"/>
				<KnowledgeDocument Type="png" Name="Signature_201810260333462967.png" ObjID="953533773-41605-18551-176-206" DocRef="1758272047-2703-18703-167-253.dat"/>
			</KnowledgeDocuments>
			<KnowledgeFields>
				<Field Name="DeliveryTime" Value="03:33"/>
				<Field Name="DeliveryDate" Value="26/10/2018"/>
				<Field Name="Driver" Value="xodice"/>
				<Field Name="SignatureName" Value="Dream on curls riding center 153 kirk meadow road springfield,vermon05156"/>
				<Field Name="DeliveryID" Value="799366748550006277002724874853"/>
				<Field Name="Surname" Value=""/>
				<Field Name="Firstname" Value=""/>
				<Field Name="Address" Value=""/>
				<Field Name="Postcode" Value=""/>
				<Field Name="Signature" Value="C:\Nuance\MobileDemo\Home\WebCapture\WORK\008cd106-6235-4b5a-98c7-4ef35cdcd142\Signature_201810260333462967.png"/>
				<Field Name="GPS" Value="43.29971145725676, -72.47369432068284"/>
				<Field Name="UserName" Value="xodice"/>
				<Field Name="UserEmail" Value="Nparillo@ssdvermont.com"/>
				<Field Name="UserHomeFolder" Value="\\NUAN-MOBAD01\HOME\Xodice"/>
				<Field Name="FormName" Value="Delivery Acceptance"/>
				<Field Name="JobID" Value="1115679043-59860-19255-175-224"/>
			</KnowledgeFields>
		</KnowledgeObject>
	</KnowledgeObjects>
</AutoStore>
