<?xml version="1.0" encoding="utf-8"?>
<AutoStore NSI_SIG2="6288AAECF8E262E9F4BB68077176547C4599FC41AB0A2906A4116CABCBA4628CA1F8D2E9BB6685E09A276503E850B564">
	<Header Version="2" DateCreated="2018-12-22" TimeCreated="04:54:07" AUTHOR="" COMMENTS=""/>
	<KnowledgeObjects ObjID="2852909762-50248-20207-128-39">
		<KnowledgeObject ObjID="3670459251-11930-19545-143-174">
			<KnowledgeDocuments>
				<KnowledgeDocument Type="htm" Name="Commercial-Terms.htm" ObjID="2373197451-8836-17203-190-9" DocRef="665347851-20001-19892-149-30.dat"/>
				<KnowledgeDocument Type="png" Name="Signature_201812220453550281.png" ObjID="3350111679-36563-19254-185-208" DocRef="3248814289-28593-17518-153-229.dat"/>
			</KnowledgeDocuments>
			<KnowledgeFields>
				<Field Name="DeliveryTime" Value="04:54"/>
				<Field Name="DeliveryDate" Value="22/12/2018"/>
				<Field Name="Driver" Value="xodice"/>
				<Field Name="SignatureName" Value="Cliff keen 1992"/>
				<Field Name="DeliveryID" Value="00663128400000"/>
				<Field Name="Surname" Value=""/>
				<Field Name="Firstname" Value=""/>
				<Field Name="Address" Value=""/>
				<Field Name="Postcode" Value=""/>
				<Field Name="Signature" Value="C:\Nuance\MobileDemo\Home\WebCapture\WORK\34a5de20-5d4a-46f3-bce7-f3388d1193f1\Signature_201812220453550281.png"/>
				<Field Name="GPS" Value="43.29966184503974, -72.47388017055005"/>
				<Field Name="UserName" Value="xodice"/>
				<Field Name="UserEmail" Value="Nparillo@ssdvermont.com"/>
				<Field Name="UserHomeFolder" Value="\\NUAN-MOBAD01\HOME\Xodice"/>
				<Field Name="FormName" Value="Delivery Acceptance"/>
				<Field Name="JobID" Value="3670459251-11930-19545-143-174"/>
			</KnowledgeFields>
		</KnowledgeObject>
	</KnowledgeObjects>
</AutoStore>
