<?xml version="1.0" encoding="utf-8"?>
<AutoStore NSI_SIG2="FE9EF4FCCFA63F07B307F68EEB0976747CF3C0EDA74ADCB59D761F62BC6487FC4CE9A68FFE7AFC4ECAB39787480D5076">
	<Header Version="2" DateCreated="2018-01-26" TimeCreated="13:38:20" AUTHOR="" COMMENTS=""/>
	<KnowledgeObjects ObjID="3706499468-47545-20158-156-144">
		<KnowledgeObject ObjID="752248639-47396-19281-134-32">
			<KnowledgeDocuments>
				<KnowledgeDocument Type="jpg" Name="1516973866650.jpg" ObjID="2917927938-40914-17345-184-232" DocRef="583030991-21822-19577-130-216.dat"/>
			</KnowledgeDocuments>
			<KnowledgeFields>
				<Field Name="UserName" Value="ianf@arenagroup.net"/>
				<Field Name="UserEmail" Value="ianf@arenagroup.net"/>
				<Field Name="UserHomeFolder" Value="\\NUAN-MOBAD01\HOME\ianf@arenagroup.net"/>
				<Field Name="UserDispName" Value="ianf@arenagroup.net ianf@arenagroup.net"/>
				<Field Name="Convert" Value="p_0024"/>
				<Field Name="ConvertTo" Value="DOCX"/>
				<Field Name="NextTask" Value="p_0027"/>
				<Field Name="FormName" Value="Send to Email"/>
				<Field Name="JobID" Value="752248639-47396-19281-134-32"/>
				<Field Name="RenameSchema" Value="Captured File"/>
				<Field Name="Section" Value="General Office Productivity"/>
			</KnowledgeFields>
		</KnowledgeObject>
	</KnowledgeObjects>
</AutoStore>
