<?xml version="1.0" encoding="utf-8"?>
<AutoStore NSI_SIG2="B0145E32E0243E981DFFC440529352E79975F404FD98452E09D07F9B1082D8AE0FE7C40C22DD76E14B50A34CF0E79C1D">
	<Header Version="2" DateCreated="2018-06-04" TimeCreated="13:34:06" AUTHOR="" COMMENTS=""/>
	<KnowledgeObjects ObjID="700914543-19553-19838-186-31">
		<KnowledgeObject ObjID="175022236-47360-17494-157-186">
			<KnowledgeDocuments>
				<KnowledgeDocument Type="pdf" Name="POD-Address Labels.pdf" ObjID="3939080969-34461-18330-170-5" DocRef="3640745326-40091-18296-166-79.dat"/>
				<KnowledgeDocument Type="png" Name="Signature_201806041334026436.png" ObjID="635498390-14342-18984-191-206" DocRef="331977732-9525-17298-139-208.dat"/>
			</KnowledgeDocuments>
			<KnowledgeFields>
				<Field Name="DeliveryTime" Value="13:34"/>
				<Field Name="DeliveryDate" Value="04/06/2018"/>
				<Field Name="Driver" Value="cguere"/>
				<Field Name="SignatureName" Value="Guere"/>
				<Field Name="DeliveryID" Value="1234567890"/>
				<Field Name="Surname" Value="Campbell-Higgens"/>
				<Field Name="Firstname" Value="John"/>
				<Field Name="Address" Value="Ainsworth Road, Bolton"/>
				<Field Name="Postcode" Value="BL3 1RB"/>
				<Field Name="Signature" Value="C:\Nuance\MobileDemo\Home\WebCapture\WORK\52beb053-6b45-4785-879e-57ba4767800f\Signature_201806041334026436.png"/>
				<Field Name="GPS" Value="42.7552525, -73.820825"/>
				<Field Name="UserName" Value="cguere"/>
				<Field Name="UserEmail" Value="chuck.guere@tbs.toshiba.com"/>
				<Field Name="UserHomeFolder" Value="\\NUAN-MOBAD01\HOME\cguere"/>
				<Field Name="FormName" Value="Delivery Acceptance"/>
				<Field Name="JobID" Value="175022236-47360-17494-157-186"/>
			</KnowledgeFields>
		</KnowledgeObject>
	</KnowledgeObjects>
</AutoStore>
