<?xml version="1.0" encoding="utf-8"?>
<AutoStore NSI_SIG2="2870D482AB504848FF26075FF404529E76FBE727EDD44A0C5F510AF454495ECCB4455D92A67734E2C39B1FC3601AC46E">
	<Header Version="2" DateCreated="2018-04-05" TimeCreated="15:34:11" AUTHOR="" COMMENTS=""/>
	<KnowledgeObjects ObjID="4216436780-27941-16469-165-57">
		<KnowledgeObject ObjID="3859538808-50538-20073-135-60">
			<KnowledgeDocuments>
				<KnowledgeDocument Type="jpg" Name="1522942416033.jpg" ObjID="1644529154-62494-17856-140-82" DocRef="3770977426-44272-20054-131-123.dat"/>
			</KnowledgeDocuments>
			<KnowledgeFields>
				<Field Name="VisitParking" Value="No"/>
				<Field Name="VisitCarReg" Value="Trb765"/>
				<Field Name="VisitorCompany" Value="CSA"/>
				<Field Name="SelectedVisitor" Value=""/>
				<Field Name="VisitorSurname" Value="Rick"/>
				<Field Name="VisitorFirstname" Value="Koshak"/>
				<Field Name="VisitorHost" Value="rickshak"/>
				<Field Name="VisitDate" Value="4/5/5"/>
				<Field Name="UserName" Value="rickshak"/>
				<Field Name="UserEmail" Value="rkoshak@csa.canon.com"/>
				<Field Name="UserHomeFolder" Value="\\NUAN-MOBAD01\HOME\rickshak"/>
				<Field Name="FormName" Value="Visitor Badge"/>
				<Field Name="JodID" Value="3859538808-50538-20073-135-60"/>
			</KnowledgeFields>
		</KnowledgeObject>
	</KnowledgeObjects>
</AutoStore>
