<?xml version="1.0" encoding="utf-8"?>
<AutoStore NSI_SIG2="07D7371952E53BBAA94E7A47FF5D2E14954B7C4A841BA7C5F5864D761010C2B13D62B562918708C1EA751BF2750EBDE0">
	<Header Version="2" DateCreated="2018-10-28" TimeCreated="16:57:15" AUTHOR="" COMMENTS=""/>
	<KnowledgeObjects ObjID="2070748829-8104-18441-187-115">
		<KnowledgeObject ObjID="3647481038-46049-16879-149-6">
			<KnowledgeDocuments>
				<KnowledgeDocument Type="pdf" Name="Gml 591-Nicholas parillo - 00001.pdf" ObjID="3256174191-25491-18604-183-42" DocRef="1063488838-19816-18482-159-57.dat"/>
				<KnowledgeDocument Type="png" Name="Signature_201810281657081131.png" ObjID="871127643-14472-20405-142-101" DocRef="2432325045-4441-16455-144-198.dat"/>
			</KnowledgeDocuments>
			<KnowledgeFields>
				<Field Name="DeliveryTime" Value="16:57"/>
				<Field Name="DeliveryDate" Value="28/10/2018"/>
				<Field Name="Driver" Value="xodice"/>
				<Field Name="SignatureName" Value="Po.box116springfield vermont05156"/>
				<Field Name="DeliveryID" Value="https://rightsignature.com/documents/EEYBEBJ9Z5KHYXJX6HGWVI"/>
				<Field Name="Surname" Value=""/>
				<Field Name="Firstname" Value=""/>
				<Field Name="Address" Value=""/>
				<Field Name="Postcode" Value=""/>
				<Field Name="Signature" Value="C:\Nuance\MobileDemo\Home\WebCapture\WORK\941341d6-d847-485d-b547-60f0d90420dd\Signature_201810281657081131.png"/>
				<Field Name="GPS" Value="43.29977535520298, -72.4736960675524"/>
				<Field Name="UserName" Value="xodice"/>
				<Field Name="UserEmail" Value="Nparillo@ssdvermont.com"/>
				<Field Name="UserHomeFolder" Value="\\NUAN-MOBAD01\HOME\Xodice"/>
				<Field Name="FormName" Value="Delivery Acceptance"/>
				<Field Name="JobID" Value="3647481038-46049-16879-149-6"/>
			</KnowledgeFields>
		</KnowledgeObject>
	</KnowledgeObjects>
</AutoStore>
