<?xml version="1.0" encoding="utf-8"?>
<AutoStore NSI_SIG2="41C0FDFE8BD6CFC49A55E10A904FBD51962ABD5148E8580F413DD0A035B8C654817C6A5B5889B06E11A90FAEE10E6283">
	<Header Version="2" DateCreated="2017-11-21" TimeCreated="20:53:37" AUTHOR="" COMMENTS=""/>
	<KnowledgeObjects ObjID="219746044-15842-19691-132-249">
		<KnowledgeObject ObjID="3029626599-37713-19206-181-159">
			<KnowledgeDocuments>
				<KnowledgeDocument Type="pdf" Name="Confirmation.pdf" ObjID="683119127-64866-17157-171-156" DocRef="1145998022-57765-17082-157-190.dat"/>
			</KnowledgeDocuments>
			<KnowledgeFields>
				<Field Name="AssessorSignature" Value="C:\Nuance\MobileDemo\Home\WebCapture\WORK\f0ecd72a-bca1-4f2e-ad6c-f8a79475a236\AssessorSignature_201711212053230684.png"/>
				<Field Name="AssessorName" Value="John Campbell-Higgens"/>
				<Field Name="Chargeable" Value="No"/>
				<Field Name="Type" Value="Damaged"/>
				<Field Name="Category" Value="Sink"/>
				<Field Name="Urgency" Value="Low"/>
				<Field Name="VisitDate" Value="21/11/2017"/>
				<Field Name="PostCode" Value="Bl3"/>
				<Field Name="HouseNumber" Value="1234"/>
				<Field Name="RenameSchema" Value="Bl3-1234-Low-Sink"/>
				<Field Name="Section" Value="Housing and Tenancies\Housing Associations"/>
				<Field Name="FormName" Value="Issue Assessment Form"/>
				<Field Name="JobID" Value="3029626599-37713-19206-181-159"/>
				<Field Name="UserHomeFolder" Value="\\as-of360\users\Matt"/>
				<Field Name="UserEmail" Value=""/>
				<Field Name="UserName" Value="matt"/>
				<Field Name="FileCount" Value="1"/>
			</KnowledgeFields>
		</KnowledgeObject>
	</KnowledgeObjects>
</AutoStore>
